{"type":"FeatureCollection","features":[{"type":"Feature","geometry":{"type":"Polygon","coordinates":[[[70.99,38.491],[70.898,38.463],[70.787,38.452],[70.613,38.322],[70.336,38.016],[70.249,37.833],[70.193,37.589],[69.712,37.591],[69.441,37.237],[69.097,37.213],[68.803,37.324],[68.425,37.098],[67.475,37.238],[66.45,37.304],[65.066,37.238],[63.926,36.039],[63.119,35.547],[61.806,35.422],[61.279,35.581],[61.245,35.477],[61.122,35.164],[60.979,34.725],[60.908,34.331],[60.501,33.744],[60.578,33.051],[61.775,31.327],[63.97,29.441],[66.266,29.859],[66.335,30.464],[67.052,31.284],[67.678,31.291],[67.878,31.636],[68.598,31.753],[68.93,31.612],[69.276,32.356],[69.463,32.853],[69.988,33.141],[70.207,33.478],[69.87,33.931],[70.416,33.967],[71.067,34.049],[71.015,34.542],[71.556,35.018],[71.498,35.632],[71.196,36.037],[71.614,36.407],[72.081,36.595],[72.756,36.85],[73.542,36.885],[74.305,36.914],[74.492,37.177],[74.89,37.234],[74.385,37.406],[74.066,37.31],[73.77,37.343],[73.023,37.31],[72.067,36.841],[71.487,37.382],[71.505,37.613],[71.586,37.85],[71.502,37.954],[71.252,37.933],[71.294,38.044],[71.365,38.182],[71.333,38.281],[71.226,38.323],[71.106,38.421],[71.018,38.469],[70.99,38.491]]]}},{"type":"Feature","geometry":{"type":"Polygon","coordinates":[[[19.72,42.66],[19.473,42.403],[19.385,42.082],[19.377,41.921],[19.583,41.81],[19.6,41.632],[19.462,41.554],[19.418,41.379],[19.476,41.199],[19.472,40.976],[19.363,40.731],[19.379,40.532],[19.405,40.498],[19.436,40.483],[19.492,40.449],[19.478,40.377],[19.469,40.341],[19.412,40.336],[19.41,40.353],[19.383,40.4],[19.353,40.425],[19.306,40.429],[19.307,40.409],[19.356,40.354],[19.378,40.315],[19.408,40.27],[19.499,40.203],[19.541,40.184],[19.592,40.161],[19.647,40.135],[19.668,40.127],[19.7,40.114],[19.717,40.108],[19.752,40.098],[19.767,40.069],[19.793,40.05],[19.85,40.045],[19.934,39.947],[19.907,39.911],[19.975,39.877],[20.01,39.818],[19.994,39.769],[19.989,39.739],[19.979,39.688],[20.105,39.671],[20.242,39.684],[20.3,39.779],[20.404,39.819],[20.347,39.992],[20.522,40.086],[20.682,40.194],[20.759,40.324],[20.981,40.487],[21.047,40.67],[20.956,40.92],[20.586,41.106],[20.495,41.342],[20.509,41.437],[20.517,41.562],[20.528,41.767],[20.605,41.935],[20.544,42.182],[20.251,42.326],[20.094,42.549],[19.915,42.513],[19.748,42.541],[19.72,42.66]]]}},{"type":"Feature","geometry":{"type":"Polygon","coordinates":[[[7.215,37.09],[6.891,36.93],[6.422,37.088],[5.839,36.809],[5.457,36.667],[5.061,36.789],[4.492,36.901],[4.18,36.902],[3.93,36.908],[3.619,36.828],[3.124,36.754],[2.788,36.697],[1.953,36.576],[1.309,36.527],[0.924,36.442],[0.6,36.305],[0.108,36.01],[-0.279,35.832],[-0.493,35.866],[-0.887,35.716],[-1.336,35.361],[-2.019,35.091],[-1.901,34.809],[-1.659,34.114],[-1.662,33.353],[-1.132,32.422],[-1.404,32.083],[-2.472,32.162],[-3.667,31.635],[-3.691,31.171],[-3.543,31.025],[-4.925,30.145],[-5.853,29.609],[-7.026,29.499],[-7.891,29.203],[-4.831,25.001],[1.612,20.576],[1.912,20.226],[2.208,20.311],[2.395,20.066],[2.966,19.95],[3.246,19.487],[3.391,18.951],[10.984,24.522],[10.19,24.704],[9.805,27.181],[9.948,27.832],[9.56,30.231],[7.734,33.425],[7.534,34.072],[7.929,34.419],[8.219,34.58],[8.263,34.691],[8.374,35.106],[8.31,35.317],[8.344,35.675],[8.319,36.078],[8.381,36.332],[8.285,36.443],[8.225,36.524],[8.451,36.659],[8.573,36.774],[8.641,36.948],[8.282,36.929],[7.767,36.925],[7.684,36.978],[7.314,37.066],[7.215,37.09]]]}},{"type":"Feature","geometry":{"type":"Polygon","coordinates":[[[1.549,42.655],[1.524,42.649],[1.498,42.649],[1.478,42.651],[1.468,42.632],[1.463,42.607],[1.443,42.602],[1.435,42.592],[1.432,42.577],[1.444,42.57],[1.433,42.564],[1.418,42.544],[1.427,42.539],[1.451,42.539],[1.467,42.51],[1.441,42.495],[1.418,42.483],[1.441,42.476],[1.446,42.46],[1.445,42.446],[1.458,42.437],[1.5,42.433],[1.526,42.432],[1.553,42.445],[1.56,42.457],[1.581,42.449],[1.585,42.461],[1.602,42.464],[1.63,42.464],[1.646,42.468],[1.66,42.473],[1.662,42.49],[1.672,42.504],[1.686,42.493],[1.712,42.492],[1.726,42.504],[1.723,42.517],[1.734,42.53],[1.737,42.551],[1.771,42.564],[1.777,42.581],[1.745,42.586],[1.728,42.599],[1.735,42.617],[1.717,42.614],[1.697,42.621],[1.659,42.62],[1.634,42.63],[1.6,42.628],[1.581,42.635],[1.563,42.652],[1.549,42.655]]]}},{"type":"Feature","geometry":{"type":"Polygon","coordinates":[[[14.19,-5.828],[13.212,-5.858],[12.376,-6.042],[12.582,-6.678],[12.901,-7.326],[13.265,-8.168],[13.406,-8.688],[13.013,-9],[13.222,-9.652],[13.45,-10.16],[13.771,-10.697],[13.833,-11.147],[13.763,-11.567],[13.708,-12.053],[13.549,-12.327],[13.391,-12.568],[13.243,-12.61],[13.045,-12.735],[12.949,-12.984],[12.788,-13.173],[12.634,-13.276],[12.53,-13.466],[12.516,-13.854],[12.369,-14.042],[12.351,-14.264],[12.24,-14.827],[12.139,-15.038],[12.026,-15.354],[11.801,-16.624],[11.883,-17.223],[12.358,-17.223],[12.836,-17.05],[13.429,-16.998],[13.968,-17.42],[18.535,-17.525],[19.252,-17.813],[19.878,-17.881],[20.334,-17.87],[20.917,-17.983],[22.493,-16.764],[22.051,-16.219],[23.916,-12.738],[24.072,-12.341],[23.979,-11.662],[24.004,-11.107],[23.858,-11.013],[23.303,-11.023],[22.787,-11.102],[22.457,-11.142],[22.191,-10.943],[22.312,-10.594],[22.177,-9.905],[21.861,-9.629],[21.845,-9.147],[21.93,-8.555],[21.765,-8.003],[21.837,-7.367],[19.552,-7.015],[19.406,-7.691],[18.368,-8.023],[17.645,-8.118],[17.332,-7.767],[17.17,-7.424],[16.942,-7.2],[16.898,-6.898],[16.756,-6.521],[16.712,-6.197],[16.495,-5.841],[14.317,-5.874],[14.19,-5.828]]]}},{"type":"Feature","geometry":{"type":"Polygon","coordinates":[[[12.78,-4.393],[12.746,-4.418],[12.732,-4.456],[12.688,-4.47],[12.651,-4.56],[12.443,-4.598],[12.379,-4.624],[12.398,-4.659],[12.343,-4.779],[12.263,-4.802],[12.215,-4.756],[12.169,-4.894],[12.156,-4.897],[12.001,-5.027],[12.015,-5.068],[12.117,-5.202],[12.11,-5.235],[12.143,-5.291],[12.162,-5.332],[12.217,-5.481],[12.218,-5.545],[12.167,-5.539],[12.148,-5.6],[12.137,-5.669],[12.185,-5.78],[12.214,-5.757],[12.268,-5.739],[12.52,-5.739],[12.523,-5.174],[12.534,-5.152],[12.516,-5.132],[12.504,-5.143],[12.478,-5.12],[12.463,-5.101],[12.497,-5.065],[12.544,-5.044],[12.605,-5.018],[12.627,-4.949],[12.651,-4.943],[12.667,-4.962],[12.722,-4.953],[12.73,-4.909],[12.752,-4.883],[12.783,-4.88],[12.805,-4.845],[12.855,-4.752],[12.873,-4.761],[12.875,-4.75],[12.902,-4.737],[12.93,-4.737],[13,-4.706],[13.027,-4.716],[13.055,-4.676],[13.068,-4.683],[13.112,-4.68],[13.1,-4.637],[13.05,-4.609],[12.99,-4.535],[12.921,-4.49],[12.903,-4.419],[12.876,-4.403],[12.78,-4.393]]]}},{"type":"Feature","geometry":{"type":"Polygon","coordinates":[[[-66.223,-21.785],[-68.305,-24.493],[-68.534,-25.287],[-68.568,-27.175],[-69.302,-28.059],[-69.752,-28.936],[-69.899,-29.947],[-70.116,-30.418],[-70.527,-31.239],[-70.334,-32.07],[-70.072,-33.067],[-69.839,-33.997],[-70.373,-35.168],[-70.365,-35.926],[-70.895,-36.47],[-71.136,-37.044],[-71.099,-37.901],[-71.331,-38.878],[-71.572,-39.631],[-71.804,-40.081],[-71.826,-40.581],[-71.9,-41.251],[-71.77,-41.803],[-72.184,-42.176],[-72.074,-42.946],[-71.852,-43.481],[-71.829,-44.106],[-71.18,-44.439],[-71.735,-44.764],[-71.752,-44.93],[-71.503,-45.467],[-71.757,-45.784],[-71.757,-46.344],[-71.866,-47.232],[-72.397,-47.656],[-72.315,-48.177],[-72.955,-48.978],[-73.356,-50.48],[-72.375,-51.019],[-71.943,-51.977],[-67.728,-49.865],[-65.814,-47.881],[-65.945,-45.139],[-64.6,-42.898],[-64.987,-41.679],[-62.24,-40.256],[-56.692,-36.357],[-58.118,-32.973],[-57.802,-30.701],[-56.305,-28.905],[-54.907,-27.742],[-53.871,-27.119],[-53.661,-26.86],[-53.712,-26.473],[-53.844,-25.859],[-53.931,-25.624],[-54.548,-25.59],[-55.149,-26.888],[-56.475,-27.563],[-58.096,-27.272],[-58.255,-26.646],[-57.733,-25.717],[-58.333,-25.001],[-60.07,-24.01],[-61.308,-23.473],[-62.037,-22.91],[-62.36,-22.457],[-63.932,-22.002],[-64.351,-22.729],[-65.713,-22.096],[-66.223,-21.785]]]}},{"type":"Feature","geometry":{"type":"Polygon","coordinates":[[[44.816,41.297],[44.865,41.202],[44.694,41.217],[44.54,41.203],[44.357,41.229],[44.18,41.248],[43.965,41.167],[43.606,41.128],[43.472,41.063],[43.68,40.899],[43.727,40.663],[43.598,40.508],[43.594,40.352],[43.676,40.207],[43.691,40.097],[43.895,40.026],[44.216,40.044],[44.47,39.975],[44.633,39.81],[44.749,39.716],[44.907,39.731],[45.066,39.79],[45.173,39.614],[45.321,39.56],[45.496,39.51],[45.691,39.605],[45.799,39.421],[46.001,39.254],[46.02,39.11],[46.125,38.944],[46.24,38.88],[46.431,38.897],[46.527,38.92],[46.545,39.057],[46.482,39.139],[46.502,39.19],[46.57,39.216],[46.489,39.333],[46.387,39.455],[46.539,39.474],[46.55,39.571],[46.419,39.619],[46.248,39.599],[46.099,39.687],[45.932,39.79],[45.772,39.947],[45.603,40.008],[45.816,40.003],[45.915,40.107],[45.952,40.247],[45.772,40.334],[45.581,40.427],[45.455,40.544],[45.38,40.676],[45.537,40.774],[45.536,40.905],[45.416,40.98],[45.343,41.004],[45.225,41.039],[45.119,41.062],[45.113,41.111],[45.152,41.182],[45.052,41.227],[44.893,41.269],[44.816,41.297]]]}},{"type":"Feature","geometry":{"type":"Polygon","coordinates":[[[142.333,-10.492],[141.475,-13.657],[138.834,-16.833],[136.634,-15.567],[136.007,-13.639],[136.344,-13.215],[136.898,-12.203],[136.268,-11.909],[135.938,-11.637],[133.687,-11.742],[132.641,-11.139],[131.892,-11.337],[131.786,-12.234],[130.328,-12.687],[129.345,-14.322],[128.205,-14.852],[126.7,-14.041],[126.024,-14.113],[125.673,-14.235],[125.287,-14.407],[124.67,-14.89],[124.401,-15.934],[123.475,-16.129],[123.338,-16.597],[123.36,-17.139],[122.451,-16.916],[119.758,-19.933],[117.173,-20.536],[116.45,-20.606],[114.748,-21.767],[113.757,-23.308],[113.921,-26.054],[113.85,-26.493],[114.565,-28.623],[116.046,-34.875],[119.542,-34.318],[124.884,-32.893],[133.01,-32.101],[133.829,-32.409],[134.837,-33.658],[135.831,-34.949],[136.16,-34.415],[137.873,-32.736],[137.475,-34.62],[138.113,-34.271],[139.683,-37.097],[142.034,-38.373],[144.72,-38.111],[145.101,-38.497],[146.667,-38.769],[150.08,-36.523],[150.872,-35.054],[151.604,-33.261],[152.831,-31.705],[153.355,-29.314],[153.191,-27.333],[153.107,-24.779],[151.592,-24.001],[150.864,-22.684],[150.292,-22.379],[149.749,-22.337],[148.905,-20.798],[148.421,-20.07],[146.972,-19.254],[146.125,-17.797],[145.378,-15.802],[144.529,-14.165],[143.486,-12.844],[142.533,-10.665],[142.333,-10.492]]]}},{"type":"Feature","geometry":{"type":"Polygon","coordinates":[[[142.218,-9.901],[142.181,-9.905],[142.148,-9.93],[142.138,-9.982],[142.11,-10.004],[142.1,-10.047],[142.068,-10.114],[142.093,-10.18],[142.061,-10.201],[142.046,-10.251],[142.067,-10.319],[142.024,-10.343],[142.027,-10.385],[142.085,-10.382],[142.126,-10.415],[142.167,-10.391],[142.141,-10.323],[142.142,-10.281],[142.17,-10.254],[142.262,-10.287],[142.325,-10.258],[142.373,-10.173],[142.379,-10.109],[142.362,-10.073],[142.307,-10.072],[142.278,-10.097],[142.213,-10.097],[142.195,-10.05],[142.169,-10.035],[142.167,-10.008],[142.208,-9.99],[142.258,-9.978],[142.241,-9.957],[142.218,-9.901]]]}},{"type":"Feature","geometry":{"type":"Polygon","coordinates":[[[148.884,-20.028],[148.868,-20.063],[148.863,-20.093],[148.892,-20.099],[148.876,-20.139],[148.904,-20.177],[148.944,-20.171],[148.935,-20.218],[148.913,-20.247],[148.905,-20.286],[148.918,-20.339],[148.938,-20.386],[148.981,-20.374],[148.997,-20.345],[148.995,-20.318],[149.049,-20.322],[149.099,-20.317],[149.128,-20.28],[149.128,-20.257],[149.11,-20.245],[149.089,-20.257],[149.066,-20.27],[149.045,-20.269],[149.049,-20.24],[149.031,-20.231],[149.011,-20.207],[149.021,-20.181],[149.05,-20.187],[149.049,-20.146],[149.006,-20.165],[148.988,-20.163],[148.956,-20.142],[148.967,-20.104],[148.978,-20.075],[148.966,-20.055],[148.91,-20.055],[148.884,-20.028],[148.884,-20.028]]]}},{"type":"Feature","geometry":{"type":"Polygon","coordinates":[[[148.001,-39.625],[147.934,-39.656],[147.869,-39.695],[147.849,-39.726],[147.832,-39.797],[147.755,-39.818],[147.737,-39.892],[147.746,-39.966],[147.811,-39.931],[147.875,-39.955],[147.828,-40.013],[147.887,-40.051],[147.932,-40.092],[147.983,-40.109],[147.964,-40.153],[147.968,-40.203],[148.02,-40.246],[148.05,-40.281],[148.068,-40.32],[147.978,-40.341],[147.961,-40.413],[148.041,-40.467],[148.009,-40.49],[148.061,-40.502],[148.089,-40.48],[148.149,-40.474],[148.189,-40.488],[148.078,-40.52],[148.131,-40.596],[148.214,-40.583],[148.255,-40.504],[148.3,-40.445],[148.302,-40.488],[148.318,-40.529],[148.377,-40.504],[148.464,-40.464],[148.509,-40.431],[148.475,-40.379],[148.401,-40.341],[148.309,-40.25],[148.321,-40.234],[148.336,-40.168],[148.313,-39.974],[148.407,-39.971],[148.324,-39.921],[148.256,-39.941],[147.99,-39.744],[148.017,-39.669],[148.001,-39.625],[148.001,-39.625]]]}},{"type":"Feature","geometry":{"type":"Polygon","coordinates":[[[144.808,-40.367],[144.682,-40.847],[144.852,-41.659],[145.132,-42.304],[145.44,-42.919],[145.591,-43.011],[145.697,-43.131],[145.785,-43.202],[145.796,-43.23],[145.8,-43.284],[145.828,-43.298],[145.882,-43.32],[145.927,-43.288],[145.935,-43.244],[145.951,-43.27],[145.952,-43.352],[145.911,-43.384],[145.964,-43.41],[145.917,-43.411],[145.975,-43.421],[145.999,-43.463],[146.03,-43.522],[146.072,-43.566],[146.114,-43.539],[146.168,-43.521],[146.219,-43.513],[146.271,-43.542],[146.438,-43.551],[146.573,-43.563],[146.642,-43.602],[146.747,-43.623],[146.862,-43.649],[146.944,-43.546],[147.01,-43.457],[147.069,-43.355],[147.11,-43.29],[147.128,-43.296],[147.201,-43.314],[147.169,-43.378],[147.087,-43.385],[147.184,-43.502],[147.307,-43.547],[147.395,-43.366],[147.401,-43.272],[147.398,-43.115],[147.476,-43.082],[147.551,-42.914],[147.618,-42.946],[147.741,-43.245],[148.046,-43.237],[147.991,-43.019],[147.936,-42.777],[148.189,-42.642],[148.044,-42.405],[148.181,-42.127],[148.326,-42.395],[148.403,-42.104],[148.403,-41.393],[148.211,-40.726],[147.829,-40.83],[147.307,-40.909],[146.409,-41.121],[145.338,-40.762],[145.107,-40.726],[144.868,-40.647],[145,-40.424],[144.808,-40.367]]]}},{"type":"Feature","geometry":{"type":"Polygon","coordinates":[[[143.951,-39.562],[143.92,-39.578],[143.909,-39.605],[143.914,-39.635],[143.891,-39.676],[143.857,-39.696],[143.852,-39.675],[143.841,-39.653],[143.817,-39.659],[143.809,-39.684],[143.825,-39.714],[143.834,-39.759],[143.839,-39.832],[143.813,-39.89],[143.819,-39.93],[143.863,-39.974],[143.87,-40.033],[143.847,-40.058],[143.863,-40.112],[143.891,-40.141],[143.912,-40.176],[143.943,-40.165],[143.938,-40.142],[143.974,-40.131],[143.999,-40.12],[144.037,-40.117],[144.047,-40.101],[144.075,-40.077],[144.108,-40.058],[144.133,-40.017],[144.147,-39.944],[144.144,-39.914],[144.12,-39.888],[144.142,-39.856],[144.169,-39.844],[144.168,-39.825],[144.146,-39.823],[144.131,-39.798],[144.121,-39.738],[144.131,-39.7],[144.121,-39.666],[144.083,-39.629],[144.017,-39.588],[143.951,-39.562]]]}},{"type":"Feature","geometry":{"type":"Polygon","coordinates":[[[137.648,-35.521],[137.505,-35.543],[137.321,-35.537],[137.184,-35.59],[136.876,-35.66],[136.585,-35.718],[136.48,-35.865],[136.527,-35.969],[136.629,-36.005],[136.656,-36.087],[136.766,-36.082],[137.032,-36.062],[137.236,-36.027],[137.365,-36.045],[137.475,-36.093],[137.568,-36.047],[137.659,-35.998],[137.65,-35.931],[137.758,-35.9],[137.911,-35.916],[138.054,-35.927],[138.161,-35.871],[138.167,-35.829],[138.131,-35.789],[138.068,-35.713],[137.911,-35.673],[137.856,-35.72],[137.771,-35.677],[137.648,-35.695],[137.65,-35.631],[137.681,-35.57],[137.648,-35.521]]]}},{"type":"Feature","geometry":{"type":"Polygon","coordinates":[[[113.152,-24.738],[113.114,-24.814],[113.108,-24.931],[113.081,-25.032],[113.08,-25.127],[113.055,-25.21],[113.067,-25.296],[113.097,-25.271],[113.121,-25.175],[113.14,-25.079],[113.141,-25.005],[113.163,-24.951],[113.161,-24.876],[113.185,-24.812],[113.172,-24.744],[113.152,-24.738]]]}},{"type":"Feature","geometry":{"type":"Polygon","coordinates":[[[115.444,-20.646],[115.352,-20.72],[115.291,-20.825],[115.286,-20.881],[115.303,-20.965],[115.329,-20.987],[115.351,-20.982],[115.35,-20.949],[115.362,-20.913],[115.406,-20.902],[115.457,-20.852],[115.492,-20.802],[115.512,-20.733],[115.488,-20.71],[115.481,-20.676],[115.444,-20.646]]]}},{"type":"Feature","geometry":{"type":"Polygon","coordinates":[[[130.325,-11.095],[130.323,-11.149],[130.35,-11.251],[130.284,-11.292],[130.172,-11.378],[130.119,-11.475],[130.158,-11.539],[130.119,-11.644],[130.042,-11.639],[129.996,-11.768],[130.02,-11.84],[130.136,-11.846],[130.309,-11.819],[130.531,-11.862],[130.669,-11.838],[130.883,-11.937],[130.971,-11.972],[131.103,-11.87],[131.273,-11.784],[131.383,-11.652],[131.506,-11.644],[131.52,-11.534],[131.564,-11.467],[131.567,-11.391],[131.498,-11.324],[131.46,-11.243],[131.391,-11.213],[131.322,-11.178],[131.237,-11.157],[131.188,-11.227],[131.083,-11.246],[130.993,-11.313],[130.891,-11.281],[130.729,-11.335],[130.713,-11.3],[130.644,-11.294],[130.616,-11.262],[130.529,-11.243],[130.449,-11.157],[130.38,-11.114],[130.325,-11.095]]]}},{"type":"Feature","geometry":{"type":"Polygon","coordinates":[[[139.546,-16.36],[139.4,-16.404],[139.227,-16.465],[139.136,-16.586],[139.098,-16.755],[139.054,-16.839],[139.046,-16.881],[139.076,-16.918],[139.106,-16.862],[139.169,-16.836],[139.205,-16.773],[139.282,-16.797],[139.345,-16.744],[139.427,-16.739],[139.493,-16.689],[139.485,-16.634],[139.543,-16.57],[139.581,-16.578],[139.732,-16.541],[139.831,-16.515],[139.828,-16.483],[139.771,-16.465],[139.724,-16.433],[139.642,-16.397],[139.546,-16.36]]]}},{"type":"Feature","geometry":{"type":"Polygon","coordinates":[[[139.474,-16.954],[139.425,-17.025],[139.362,-17.044],[139.34,-17.067],[139.389,-17.133],[139.469,-17.151],[139.603,-17.167],[139.653,-17.122],[139.661,-17.054],[139.592,-17.041],[139.548,-16.975],[139.474,-16.954]]]}},{"type":"Feature","geometry":{"type":"Polygon","coordinates":[[[136.14,-13.347],[136.077,-13.358],[136.079,-13.398],[136.049,-13.462],[136.077,-13.507],[136.121,-13.585],[136.189,-13.633],[136.173,-13.707],[136.104,-13.705],[136.077,-13.782],[136.09,-13.851],[136.203,-13.889],[136.31,-13.862],[136.395,-13.889],[136.376,-13.958],[136.384,-14.131],[136.283,-14.2],[136.272,-14.267],[136.343,-14.27],[136.478,-14.262],[136.637,-14.331],[136.747,-14.307],[136.873,-14.35],[136.945,-14.379],[136.991,-14.331],[137,-14.235],[136.98,-14.137],[136.914,-14.102],[136.868,-14.145],[136.799,-14.091],[136.848,-14.035],[136.84,-13.958],[136.934,-13.862],[136.953,-13.787],[136.917,-13.721],[136.997,-13.659],[136.989,-13.59],[136.909,-13.606],[136.843,-13.686],[136.794,-13.723],[136.78,-13.643],[136.706,-13.59],[136.538,-13.641],[136.483,-13.675],[136.42,-13.681],[136.445,-13.609],[136.414,-13.585],[136.384,-13.635],[136.365,-13.683],[136.376,-13.729],[136.417,-13.777],[136.318,-13.758],[136.327,-13.699],[136.288,-13.651],[136.305,-13.611],[136.285,-13.569],[136.208,-13.542],[136.2,-13.491],[136.302,-13.47],[136.28,-13.422],[136.192,-13.398],[136.14,-13.347]]]}},{"type":"Feature","geometry":{"type":"Polygon","coordinates":[[[136.785,-10.96],[136.725,-10.982],[136.637,-11.146],[136.511,-11.337],[136.376,-11.477],[136.206,-11.582],[136.077,-11.719],[135.926,-11.894],[135.961,-11.924],[136.162,-11.744],[136.313,-11.658],[136.549,-11.483],[136.722,-11.246],[136.802,-11.001],[136.785,-10.96]]]}},{"type":"Feature","geometry":{"type":"Polygon","coordinates":[[[153.47,-27.016],[153.418,-27.019],[153.38,-27.035],[153.355,-27.054],[153.359,-27.09],[153.352,-27.128],[153.363,-27.156],[153.36,-27.184],[153.366,-27.22],[153.397,-27.313],[153.39,-27.326],[153.393,-27.35],[153.401,-27.365],[153.423,-27.372],[153.447,-27.353],[153.449,-27.33],[153.435,-27.302],[153.423,-27.255],[153.436,-27.174],[153.458,-27.098],[153.48,-27.031],[153.47,-27.016]]]}},{"type":"Feature","geometry":{"type":"Polygon","coordinates":[[[15.065,49.016],[14.955,48.763],[14.716,48.602],[14.472,48.649],[14.244,48.582],[13.909,48.758],[13.82,48.739],[13.812,48.702],[13.824,48.684],[13.648,48.548],[13.434,48.469],[12.972,48.214],[12.835,48.038],[12.912,47.732],[13.063,47.589],[12.901,47.51],[12.777,47.669],[12.445,47.691],[12.253,47.741],[12.06,47.619],[11.585,47.564],[11.431,47.445],[11.118,47.398],[10.89,47.536],[10.533,47.538],[10.437,47.495],[10.316,47.302],[10.228,47.38],[10.047,47.482],[9.825,47.554],[9.563,47.504],[9.665,47.372],[9.571,47.219],[9.613,47.148],[9.624,47.083],[9.803,47.027],[10.083,46.862],[10.412,46.978],[10.714,46.845],[11.077,46.817],[11.379,46.965],[11.761,46.982],[12.211,47.038],[12.225,46.883],[12.502,46.678],[13.23,46.563],[13.9,46.523],[14.431,46.444],[14.691,46.457],[15.018,46.642],[15.496,46.623],[15.831,46.721],[16.035,46.838],[16.326,46.997],[16.477,47.1],[16.466,47.259],[16.537,47.4],[16.573,47.623],[16.537,47.745],[16.88,47.689],[17.106,47.926],[17.073,48.113],[16.894,48.331],[16.94,48.617],[16.688,48.754],[16.383,48.742],[15.757,48.852],[15.359,48.982],[15.065,49.016],[15.065,49.016]]]}},{"type":"Feature","geometry":{"type":"Polygon","coordinates":[[[45.057,39.794],[45.008,39.751],[44.903,39.741],[44.767,39.715],[44.765,39.703],[44.786,39.685],[44.803,39.658],[44.808,39.628],[44.865,39.607],[44.89,39.596],[44.917,39.565],[44.909,39.526],[44.951,39.484],[44.946,39.453],[44.961,39.422],[45.057,39.381],[45.09,39.33],[45.119,39.286],[45.149,39.225],[45.2,39.205],[45.402,39.076],[45.442,39.001],[45.56,38.971],[45.616,38.943],[45.694,38.951],[45.763,38.929],[45.797,38.923],[45.862,38.9],[45.926,38.878],[46.038,38.873],[46.079,38.871],[46.143,38.871],[46.123,38.944],[46.101,39.021],[46.031,39.092],[46.003,39.149],[46.005,39.256],[45.942,39.313],[45.822,39.359],[45.814,39.431],[45.813,39.487],[45.786,39.569],[45.74,39.591],[45.655,39.581],[45.597,39.569],[45.534,39.544],[45.487,39.512],[45.438,39.522],[45.331,39.555],[45.293,39.611],[45.214,39.582],[45.175,39.651],[45.138,39.729],[45.057,39.794]]]}},{"type":"Feature","geometry":{"type":"Polygon","coordinates":[[[46.427,41.912],[46.203,41.769],[46.269,41.632],[46.349,41.502],[46.703,41.311],[46.59,41.102],[46.241,41.181],[45.706,41.298],[45.552,41.412],[45.176,41.418],[45.037,41.217],[45.179,41.167],[45.096,41.117],[45.126,41.071],[45.221,41.028],[45.358,40.999],[45.423,40.965],[45.564,40.897],[45.494,40.758],[45.372,40.656],[45.435,40.544],[45.597,40.423],[45.878,40.307],[45.965,40.232],[45.901,40.1],[45.805,40.016],[45.6,39.995],[45.801,39.939],[45.97,39.792],[46.112,39.671],[46.272,39.608],[46.417,39.596],[46.579,39.556],[46.528,39.473],[46.397,39.438],[46.498,39.342],[46.577,39.205],[46.476,39.195],[46.49,39.12],[46.534,39.044],[46.537,38.904],[46.758,39.026],[47.065,39.243],[47.917,39.669],[48.139,39.258],[48.098,38.94],[48.241,38.739],[48.483,38.555],[48.884,38.602],[48.944,39.134],[48.98,39.241],[49.194,39.168],[49.386,39.339],[49.422,39.695],[49.425,40.074],[50.021,40.315],[50.361,40.336],[50.067,40.591],[49.521,40.691],[49.156,41.168],[48.439,41.683],[48.065,41.482],[47.914,41.267],[47.692,41.224],[47.472,41.263],[47.222,41.399],[47.123,41.566],[46.936,41.679],[46.75,41.855],[46.555,41.861],[46.427,41.912]]]}},{"type":"Feature","geometry":{"type":"Polygon","coordinates":[[[-78.552,26.855],[-78.536,26.82],[-78.505,26.787],[-78.529,26.751],[-78.574,26.799],[-78.6,26.743],[-78.624,26.716],[-78.586,26.717],[-78.572,26.695],[-78.601,26.633],[-78.655,26.611],[-78.676,26.608],[-78.699,26.591],[-78.736,26.591],[-78.787,26.579],[-78.816,26.606],[-78.873,26.64],[-78.915,26.659],[-78.973,26.7],[-79.001,26.694],[-78.784,26.528],[-78.639,26.501],[-78.437,26.591],[-78.261,26.617],[-78.201,26.627],[-78.048,26.652],[-77.935,26.64],[-77.884,26.581],[-77.833,26.54],[-77.813,26.551],[-77.809,26.593],[-77.82,26.622],[-77.843,26.643],[-77.874,26.674],[-77.901,26.709],[-77.905,26.76],[-77.908,26.803],[-77.899,26.835],[-77.947,26.825],[-77.931,26.811],[-77.92,26.77],[-77.944,26.759],[-77.961,26.736],[-78.002,26.728],[-78.049,26.734],[-78.094,26.727],[-78.115,26.708],[-78.16,26.735],[-78.178,26.721],[-78.218,26.698],[-78.258,26.732],[-78.3,26.762],[-78.293,26.719],[-78.282,26.699],[-78.303,26.687],[-78.369,26.693],[-78.39,26.701],[-78.42,26.708],[-78.452,26.712],[-78.46,26.751],[-78.478,26.747],[-78.501,26.833],[-78.552,26.855],[-78.552,26.855]]]}},{"type":"Feature","geometry":{"type":"Polygon","coordinates":[[[-77.795,26.941],[-77.953,26.891],[-77.85,26.904],[-77.916,26.874],[-77.877,26.851],[-77.807,26.892],[-77.728,26.865],[-77.664,26.87],[-77.55,26.864],[-77.495,26.793],[-77.456,26.782],[-77.432,26.68],[-77.438,26.608],[-77.371,26.52],[-77.276,26.445],[-77.316,26.384],[-77.299,26.327],[-77.275,26.279],[-77.251,26.327],[-77.224,26.282],[-77.244,26.216],[-77.237,26.157],[-77.212,26.146],[-77.244,26.126],[-77.316,26.071],[-77.377,26.041],[-77.384,26.023],[-77.408,25.999],[-77.283,25.968],[-77.27,25.914],[-77.184,25.873],[-77.191,26.018],[-77.176,26.118],[-77.178,26.167],[-77.143,26.248],[-77.076,26.297],[-77.079,26.273],[-77.031,26.278],[-76.992,26.337],[-77.014,26.352],[-77.005,26.384],[-77.024,26.4],[-77.044,26.475],[-77.051,26.53],[-77.014,26.57],[-77.069,26.547],[-77.162,26.604],[-77.239,26.615],[-77.28,26.663],[-77.294,26.689],[-77.428,26.809],[-77.607,26.929],[-77.742,26.917],[-77.795,26.941]]]}},{"type":"Feature","geometry":{"type":"Polygon","coordinates":[[[-78.139,25.336],[-78.144,25.288],[-78.162,25.27],[-78.198,25.23],[-78.242,25.227],[-78.23,25.175],[-78.253,25.137],[-78.224,25.142],[-78.18,25.062],[-78.181,24.976],[-78.197,24.909],[-78.324,24.758],[-78.348,24.719],[-78.394,24.702],[-78.419,24.681],[-78.499,24.677],[-78.468,24.598],[-78.214,24.422],[-78.165,24.447],[-78.179,24.393],[-78.095,24.338],[-78.033,24.244],[-78.003,24.189],[-77.96,24.137],[-77.922,24.124],[-77.934,24.079],[-77.87,24.053],[-77.849,23.998],[-77.819,23.832],[-77.848,23.759],[-77.829,23.726],[-77.796,23.692],[-77.742,23.658],[-77.757,23.608],[-77.695,23.645],[-77.563,23.707],[-77.476,23.893],[-77.528,24.124],[-77.61,24.249],[-77.695,24.38],[-77.712,24.517],[-77.737,24.578],[-77.74,24.638],[-77.765,24.714],[-77.791,24.752],[-77.877,24.839],[-77.899,24.873],[-77.895,24.892],[-77.914,24.935],[-77.934,24.966],[-77.953,25.03],[-77.951,25.057],[-77.982,25.094],[-77.985,25.12],[-78.013,25.174],[-78.029,25.201],[-78.051,25.206],[-78.096,25.181],[-78.069,25.214],[-78.109,25.207],[-78.129,25.223],[-78.113,25.259],[-78.109,25.278],[-78.128,25.312],[-78.139,25.336]]]}},{"type":"Feature","geometry":{"type":"Polygon","coordinates":[[[-77.078,25.13],[-77.108,25.123],[-77.147,25.114],[-77.171,25.109],[-77.195,25.107],[-77.211,25.094],[-77.232,25.092],[-77.254,25.102],[-77.281,25.102],[-77.315,25.094],[-77.337,25.091],[-77.379,25.096],[-77.382,25.083],[-77.393,25.081],[-77.415,25.082],[-77.403,25.094],[-77.432,25.085],[-77.439,25.077],[-77.471,25.069],[-77.505,25.063],[-77.504,25.054],[-77.509,25.048],[-77.524,25.039],[-77.545,25.035],[-77.577,25.021],[-77.55,25],[-77.524,24.995],[-77.494,24.996],[-77.48,24.982],[-77.463,24.975],[-77.439,24.975],[-77.41,24.982],[-77.397,24.972],[-77.346,24.999],[-77.32,25.002],[-77.297,25.007],[-77.267,25.015],[-77.253,25.035],[-77.262,25.049],[-77.286,25.061],[-77.297,25.073],[-77.29,25.073],[-77.263,25.065],[-77.253,25.073],[-77.274,25.09],[-77.255,25.084],[-77.237,25.081],[-77.211,25.08],[-77.17,25.091],[-77.144,25.103],[-77.103,25.114],[-77.078,25.13]]]}},{"type":"Feature","geometry":{"type":"Polygon","coordinates":[[[-76.748,24.96],[-76.794,24.938],[-76.818,24.857],[-76.848,24.756],[-76.837,24.677],[-76.833,24.59],[-76.812,24.537],[-76.812,24.506],[-76.734,24.415],[-76.646,24.372],[-76.569,24.29],[-76.491,24.179],[-76.491,24.143],[-76.415,24.078],[-76.347,23.967],[-76.24,23.844],[-76.137,23.765],[-76.115,23.71],[-76.17,23.763],[-76.212,23.75],[-76.165,23.692],[-76.067,23.66],[-76.03,23.598],[-76.069,23.575],[-75.981,23.589],[-75.872,23.52],[-75.859,23.482],[-76.024,23.457],[-76.03,23.436],[-75.873,23.437],[-75.77,23.433],[-75.638,23.418],[-75.539,23.403],[-75.432,23.389],[-75.457,23.4],[-75.565,23.439],[-75.62,23.485],[-75.749,23.526],[-75.869,23.603],[-75.955,23.689],[-76.215,23.863],[-76.391,24.1],[-76.543,24.332],[-76.639,24.415],[-76.746,24.49],[-76.797,24.712],[-76.748,24.96],[-76.748,24.96]]]}},{"type":"Feature","geometry":{"type":"Polygon","coordinates":[[[-76.69,25.572],[-76.766,25.552],[-76.825,25.534],[-76.896,25.503],[-76.867,25.499],[-76.794,25.523],[-76.775,25.462],[-76.814,25.389],[-76.852,25.361],[-76.904,25.278],[-76.852,25.302],[-76.789,25.385],[-76.737,25.43],[-76.656,25.425],[-76.579,25.387],[-76.462,25.329],[-76.367,25.306],[-76.328,25.253],[-76.268,25.202],[-76.193,25.143],[-76.152,25.093],[-76.164,24.997],[-76.204,24.965],[-76.219,24.876],[-76.192,24.847],[-76.185,24.871],[-76.17,24.884],[-76.164,24.848],[-76.197,24.829],[-76.203,24.808],[-76.257,24.792],[-76.328,24.829],[-76.344,24.81],[-76.296,24.766],[-76.24,24.736],[-76.194,24.653],[-76.153,24.613],[-76.145,24.65],[-76.175,24.702],[-76.182,24.752],[-76.124,24.869],[-76.142,24.954],[-76.111,25.033],[-76.109,25.142],[-76.164,25.175],[-76.266,25.234],[-76.355,25.35],[-76.474,25.366],[-76.553,25.411],[-76.616,25.462],[-76.623,25.542],[-76.69,25.572],[-76.69,25.572]]]}},{"type":"Feature","geometry":{"type":"Polygon","coordinates":[[[-75.699,24.7],[-75.726,24.69],[-75.761,24.681],[-75.767,24.676],[-75.747,24.662],[-75.739,24.637],[-75.717,24.643],[-75.694,24.628],[-75.653,24.594],[-75.646,24.555],[-75.653,24.528],[-75.596,24.52],[-75.575,24.482],[-75.542,24.417],[-75.491,24.346],[-75.487,24.323],[-75.469,24.297],[-75.429,24.296],[-75.4,24.25],[-75.417,24.208],[-75.518,24.161],[-75.53,24.143],[-75.499,24.12],[-75.467,24.112],[-75.437,24.134],[-75.416,24.14],[-75.39,24.138],[-75.328,24.143],[-75.302,24.131],[-75.295,24.165],[-75.333,24.228],[-75.354,24.254],[-75.387,24.308],[-75.42,24.334],[-75.488,24.385],[-75.557,24.492],[-75.577,24.538],[-75.611,24.572],[-75.622,24.596],[-75.624,24.639],[-75.675,24.69],[-75.699,24.7]]]}},{"type":"Feature","geometry":{"type":"Polygon","coordinates":[[[-75.333,23.686],[-75.35,23.677],[-75.348,23.655],[-75.346,23.634],[-75.347,23.607],[-75.351,23.594],[-75.336,23.594],[-75.318,23.613],[-75.325,23.584],[-75.34,23.556],[-75.314,23.555],[-75.295,23.573],[-75.277,23.55],[-75.262,23.502],[-75.249,23.463],[-75.226,23.427],[-75.201,23.391],[-75.159,23.381],[-75.175,23.354],[-75.145,23.34],[-75.138,23.311],[-75.119,23.284],[-75.126,23.269],[-75.137,23.255],[-75.157,23.243],[-75.189,23.246],[-75.222,23.244],[-75.247,23.234],[-75.229,23.23],[-75.184,23.226],[-75.149,23.216],[-75.157,23.209],[-75.181,23.201],[-75.21,23.211],[-75.234,23.198],[-75.278,23.2],[-75.304,23.19],[-75.27,23.177],[-75.174,23.137],[-75.094,23.087],[-75.026,23.075],[-74.968,23.053],[-74.949,23.015],[-74.916,22.948],[-74.89,22.9],[-74.872,22.855],[-74.855,22.847],[-74.822,22.864],[-74.829,22.904],[-74.843,23.008],[-74.925,23.087],[-74.946,23.115],[-74.98,23.099],[-75.023,23.119],[-75.065,23.152],[-75.082,23.215],[-75.078,23.234],[-75.087,23.301],[-75.13,23.367],[-75.174,23.442],[-75.195,23.482],[-75.199,23.531],[-75.244,23.577],[-75.266,23.611],[-75.276,23.647],[-75.302,23.678],[-75.333,23.686]]]}},{"type":"Feature","geometry":{"type":"Polygon","coordinates":[[[-75.84,22.515],[-75.852,22.507],[-75.847,22.458],[-75.829,22.375],[-75.806,22.323],[-75.775,22.275],[-75.771,22.227],[-75.745,22.172],[-75.712,22.153],[-75.677,22.143],[-75.718,22.204],[-75.749,22.297],[-75.767,22.328],[-75.796,22.365],[-75.84,22.515]]]}},{"type":"Feature","geometry":{"type":"Polygon","coordinates":[[[-74.365,22.855],[-74.36,22.839],[-74.351,22.822],[-74.338,22.786],[-74.315,22.765],[-74.29,22.739],[-74.29,22.706],[-74.294,22.675],[-74.301,22.651],[-74.318,22.626],[-74.339,22.616],[-74.361,22.599],[-74.378,22.579],[-74.389,22.547],[-74.376,22.534],[-74.353,22.565],[-74.329,22.591],[-74.296,22.628],[-74.283,22.658],[-74.272,22.676],[-74.264,22.685],[-74.25,22.691],[-74.241,22.692],[-74.23,22.683],[-74.218,22.684],[-74.213,22.681],[-74.204,22.651],[-74.182,22.657],[-74.158,22.666],[-74.126,22.679],[-74.11,22.675],[-74.108,22.662],[-74.095,22.656],[-74.075,22.663],[-74.064,22.679],[-74.053,22.682],[-74.042,22.696],[-74.031,22.706],[-73.999,22.72],[-74.014,22.724],[-74.037,22.728],[-74.054,22.739],[-74.075,22.743],[-74.101,22.746],[-74.108,22.739],[-74.125,22.739],[-74.136,22.742],[-74.144,22.746],[-74.149,22.738],[-74.152,22.745],[-74.163,22.749],[-74.176,22.758],[-74.177,22.752],[-74.185,22.75],[-74.196,22.763],[-74.195,22.771],[-74.205,22.785],[-74.223,22.803],[-74.237,22.81],[-74.248,22.819],[-74.259,22.817],[-74.279,22.821],[-74.292,22.831],[-74.31,22.838],[-74.325,22.833],[-74.342,22.836],[-74.363,22.852],[-74.365,22.855]]]}},{"type":"Feature","geometry":{"type":"Polygon","coordinates":[[[-73.853,22.739],[-73.882,22.727],[-73.904,22.725],[-73.963,22.729],[-73.968,22.707],[-73.999,22.697],[-74.024,22.707],[-74.029,22.693],[-74.016,22.671],[-74.024,22.649],[-74.046,22.616],[-74.014,22.596],[-73.997,22.583],[-73.968,22.592],[-73.909,22.573],[-73.88,22.535],[-73.892,22.508],[-73.906,22.478],[-73.958,22.464],[-74.004,22.451],[-74.005,22.415],[-74.062,22.4],[-74.101,22.398],[-74.104,22.375],[-74.086,22.365],[-74.097,22.342],[-74.13,22.328],[-74.176,22.32],[-74.194,22.295],[-74.185,22.276],[-74.198,22.267],[-74.189,22.252],[-74.201,22.231],[-74.226,22.224],[-74.255,22.234],[-74.285,22.203],[-74.295,22.173],[-74.294,22.149],[-74.312,22.137],[-74.334,22.126],[-74.3,22.127],[-74.274,22.175],[-74.244,22.199],[-74.205,22.203],[-74.154,22.263],[-74.127,22.29],[-74.098,22.293],[-74.004,22.322],[-73.968,22.373],[-73.939,22.422],[-73.915,22.44],[-73.873,22.48],[-73.859,22.52],[-73.837,22.531],[-73.858,22.584],[-73.873,22.668],[-73.874,22.693],[-73.855,22.691],[-73.844,22.726],[-73.853,22.739],[-73.853,22.739]]]}},{"type":"Feature","geometry":{"type":"Polygon","coordinates":[[[-73.126,22.463],[-73.134,22.458],[-73.135,22.435],[-73.144,22.417],[-73.148,22.401],[-73.161,22.382],[-73.176,22.365],[-73.173,22.36],[-73.154,22.356],[-73.13,22.36],[-73.112,22.361],[-73.066,22.33],[-73.049,22.335],[-73.015,22.358],[-72.997,22.37],[-72.977,22.365],[-72.967,22.35],[-72.94,22.362],[-72.899,22.36],[-72.867,22.349],[-72.784,22.279],[-72.75,22.296],[-72.728,22.314],[-72.707,22.325],[-72.736,22.342],[-72.76,22.358],[-72.762,22.351],[-72.779,22.362],[-72.795,22.377],[-72.806,22.375],[-72.833,22.388],[-72.864,22.398],[-72.93,22.414],[-72.961,22.422],[-72.964,22.411],[-73.001,22.419],[-73.042,22.442],[-73.077,22.454],[-73.076,22.441],[-73.095,22.437],[-73.126,22.463]]]}},{"type":"Feature","geometry":{"type":"Polygon","coordinates":[[[-73.021,21.339],[-73.067,21.323],[-73.077,21.299],[-73.09,21.271],[-73.122,21.243],[-73.148,21.177],[-73.196,21.163],[-73.24,21.147],[-73.272,21.14],[-73.295,21.142],[-73.348,21.169],[-73.378,21.226],[-73.396,21.234],[-73.408,21.211],[-73.428,21.196],[-73.469,21.193],[-73.516,21.188],[-73.536,21.163],[-73.544,21.142],[-73.569,21.129],[-73.581,21.127],[-73.591,21.135],[-73.591,21.119],[-73.613,21.114],[-73.632,21.105],[-73.671,21.117],[-73.657,21.095],[-73.648,21.054],[-73.679,21.031],[-73.706,21.018],[-73.683,20.979],[-73.675,20.926],[-73.639,20.917],[-73.614,20.942],[-73.556,20.943],[-73.503,20.922],[-73.466,20.929],[-73.402,20.931],[-73.361,20.949],[-73.321,20.961],[-73.319,20.947],[-73.298,20.954],[-73.269,20.958],[-73.234,20.956],[-73.211,20.961],[-73.159,20.961],[-73.119,21.025],[-73.082,21.102],[-73.038,21.142],[-73.008,21.245],[-73.003,21.301],[-73.01,21.337],[-73.021,21.339]]]}},{"type":"Feature","geometry":{"type":"Polygon","coordinates":[[[50.63,26.334],[50.614,26.306],[50.614,26.29],[50.596,26.29],[50.571,26.295],[50.587,26.276],[50.582,26.261],[50.572,26.251],[50.539,26.253],[50.517,26.251],[50.501,26.264],[50.484,26.269],[50.458,26.251],[50.436,26.224],[50.449,26.194],[50.444,26.169],[50.446,26.137],[50.476,26.091],[50.481,26.041],[50.471,26.008],[50.452,25.98],[50.465,25.939],[50.547,25.851],[50.563,25.801],[50.572,25.804],[50.594,25.815],[50.62,25.82],[50.62,25.854],[50.614,25.865],[50.612,25.919],[50.633,26.01],[50.635,26.042],[50.624,26.064],[50.634,26.096],[50.639,26.106],[50.637,26.134],[50.652,26.127],[50.658,26.141],[50.678,26.157],[50.633,26.155],[50.633,26.181],[50.632,26.212],[50.659,26.187],[50.649,26.184],[50.662,26.182],[50.681,26.188],[50.693,26.199],[50.698,26.216],[50.716,26.178],[50.711,26.209],[50.705,26.231],[50.668,26.234],[50.664,26.25],[50.676,26.262],[50.685,26.275],[50.683,26.289],[50.662,26.305],[50.658,26.312],[50.63,26.334],[50.63,26.334]]]}},{"type":"Feature","geometry":{"type":"Polygon","coordinates":[[[88.419,26.639],[88.473,26.357],[88.181,26.157],[88.265,25.811],[88.728,25.506],[88.99,25.274],[88.589,25.185],[88.225,24.959],[88.464,24.349],[88.725,24.057],[88.611,23.867],[88.556,23.631],[88.79,23.502],[88.709,23.284],[88.811,23.256],[88.915,23.212],[88.917,23.134],[88.89,22.936],[88.96,22.616],[89.033,22.257],[89.324,21.66],[91.191,22.288],[91.711,22.462],[91.838,21.808],[91.937,21.462],[92.355,20.771],[92.218,21.119],[92.332,21.422],[92.594,22.19],[92.281,23.619],[91.939,23.456],[91.381,23.058],[91.253,23.953],[91.893,24.142],[92.322,24.891],[91.416,25.163],[90.126,25.221],[89.82,25.722],[89.777,26.042],[89.707,26.154],[89.685,26.206],[89.638,26.201],[89.623,26.179],[89.625,26.127],[89.639,26.061],[89.579,26.027],[89.547,25.997],[89.432,26.037],[89.336,26.025],[89.253,26.064],[89.226,26.124],[89.156,26.163],[89.138,26.229],[89.105,26.275],[89.116,26.298],[89.136,26.314],[89.084,26.324],[89.034,26.395],[88.983,26.421],[88.939,26.425],[88.912,26.374],[88.953,26.341],[88.995,26.313],[89.037,26.285],[88.819,26.297],[88.69,26.282],[88.705,26.335],[88.556,26.461],[88.419,26.639]]]}},{"type":"Feature","geometry":{"type":"Polygon","coordinates":[[[28.151,56.17],[27.716,55.96],[27.045,55.827],[26.62,55.664],[26.545,55.39],[26.508,55.335],[26.611,55.329],[26.786,55.323],[26.724,55.217],[26.61,55.149],[26.387,55.144],[26.238,55.058],[26.046,54.95],[25.599,54.461],[25.637,54.132],[25.209,54.255],[24.73,53.971],[23.955,53.958],[23.544,53.855],[23.901,53.049],[23.318,52.432],[23.472,52.174],[23.687,51.99],[23.566,51.758],[23.631,51.552],[24.367,51.875],[25.779,51.953],[27.199,51.775],[27.72,51.602],[27.841,51.546],[28.081,51.574],[28.458,51.59],[28.716,51.459],[28.995,51.57],[29.258,51.529],[29.514,51.419],[29.663,51.509],[29.838,51.455],[30.02,51.504],[30.381,51.32],[30.597,51.298],[30.573,51.438],[30.557,51.547],[30.542,51.62],[30.616,51.73],[30.724,51.885],[30.86,51.966],[30.941,52.05],[31.309,52.078],[31.776,52.176],[31.577,52.325],[31.574,52.514],[31.559,52.61],[31.525,52.817],[31.346,52.982],[31.386,53.166],[31.698,53.204],[32.045,53.082],[32.477,53.303],[32.483,53.547],[31.792,53.805],[31.353,54.225],[30.924,55.023],[30.825,55.618],[30.353,55.819],[29.598,55.759],[28.864,55.983],[28.202,56.125],[28.151,56.17]]]}},{"type":"Feature","geometry":{"type":"Polygon","coordinates":[[[4.768,51.497],[4.388,51.443],[4.022,51.239],[3.524,51.275],[3.214,51.364],[2.645,50.811],[3.249,50.701],[3.672,50.382],[4.143,50.252],[4.162,50.195],[4.168,50.044],[4.541,49.956],[4.747,50.105],[4.855,50.093],[4.861,49.929],[4.954,49.794],[5.335,49.647],[5.465,49.492],[5.76,49.561],[5.851,49.563],[5.85,49.587],[5.911,49.663],[5.882,49.671],[5.836,49.724],[5.823,49.749],[5.781,49.792],[5.749,49.847],[5.775,49.867],[5.771,49.931],[5.791,49.964],[5.833,49.978],[5.824,50.015],[5.863,50.042],[5.924,50.125],[6.03,50.165],[6.109,50.169],[6.147,50.136],[6.144,50.173],[6.165,50.222],[6.311,50.304],[6.385,50.314],[6.348,50.374],[6.344,50.455],[6.287,50.493],[6.217,50.502],[6.199,50.524],[6.192,50.559],[6.259,50.6],[6.261,50.621],[6.182,50.638],[6.042,50.711],[5.906,50.744],[5.797,50.763],[5.703,50.749],[5.658,50.812],[5.69,50.884],[5.761,50.95],[5.776,51.011],[5.806,51.072],[5.849,51.133],[5.773,51.158],[5.678,51.177],[5.52,51.288],[5.322,51.257],[5.135,51.34],[5.016,51.467],[4.911,51.403],[4.835,51.477],[4.768,51.497]]]}},{"type":"Feature","geometry":{"type":"Polygon","coordinates":[[[-88.403,18.493],[-88.454,18.486],[-88.522,18.459],[-88.544,18.363],[-88.602,18.244],[-88.633,18.197],[-88.664,18.153],[-88.695,18.079],[-88.766,18.034],[-88.783,17.986],[-88.856,17.928],[-88.892,17.904],[-88.932,17.935],[-88.987,17.945],[-89.024,18.007],[-89.113,17.969],[-89.135,17.961],[-89.149,17.524],[-89.195,16.404],[-89.194,15.901],[-89.138,15.899],[-89.051,15.912],[-88.997,15.902],[-88.91,15.899],[-88.934,15.977],[-88.85,16.035],[-88.807,16.078],[-88.732,16.136],[-88.588,16.216],[-88.542,16.271],[-88.488,16.342],[-88.418,16.44],[-88.364,16.52],[-88.351,16.612],[-88.296,16.714],[-88.27,16.799],[-88.267,16.853],[-88.268,16.921],[-88.222,16.979],[-88.281,17.08],[-88.303,17.199],[-88.248,17.459],[-88.189,17.474],[-88.203,17.526],[-88.279,17.632],[-88.195,17.898],[-88.101,18.1],[-88.09,18.297],[-88.138,18.362],[-88.201,18.351],[-88.283,18.347],[-88.322,18.368],[-88.39,18.382],[-88.316,18.485],[-88.369,18.478],[-88.403,18.493]]]}},{"type":"Feature","geometry":{"type":"Polygon","coordinates":[[[-87.793,17.585],[-87.837,17.537],[-87.869,17.493],[-87.935,17.398],[-87.93,17.327],[-87.95,17.265],[-87.939,17.204],[-87.91,17.159],[-87.859,17.195],[-87.825,17.24],[-87.782,17.301],[-87.797,17.373],[-87.788,17.438],[-87.757,17.495],[-87.752,17.539],[-87.793,17.585]]]}},{"type":"Feature","geometry":{"type":"Polygon","coordinates":[[[-87.869,18.202],[-87.9,18.162],[-87.9,18.133],[-87.909,18.119],[-87.924,18.091],[-87.939,18.068],[-87.941,18.036],[-87.966,18.022],[-87.968,17.989],[-87.986,17.955],[-88.002,17.922],[-88.013,17.9],[-88.022,17.892],[-88.034,17.891],[-88.075,17.863],[-88.077,17.842],[-88.046,17.847],[-88.023,17.867],[-87.985,17.879],[-87.968,17.9],[-87.927,17.96],[-87.902,18.015],[-87.88,18.062],[-87.858,18.096],[-87.821,18.121],[-87.832,18.158],[-87.843,18.187],[-87.857,18.182],[-87.863,18.195],[-87.869,18.202]]]}},{"type":"Feature","geometry":{"type":"Polygon","coordinates":[[[2.841,12.408],[2.693,12.282],[2.55,12.276],[2.453,12.261],[2.393,12.113],[2.438,11.978],[2.402,11.899],[2.386,11.83],[2.32,11.754],[2.187,11.6],[1.84,11.438],[1.614,11.398],[1.57,11.453],[1.504,11.476],[1.39,11.403],[1.258,11.321],[1.147,11.273],[1.131,11.175],[1.089,11.081],[1.009,11.088],[0.917,10.996],[0.879,10.801],[0.784,10.524],[1.363,9.823],[1.367,9.632],[1.377,9.488],[1.473,9.263],[1.604,9.103],[1.623,8.95],[1.65,8.469],[1.634,8.358],[1.641,7.635],[1.558,6.995],[1.603,6.889],[1.612,6.791],[1.614,6.736],[1.597,6.671],[1.675,6.564],[1.754,6.448],[1.798,6.327],[1.696,6.262],[1.734,6.256],[2.425,6.333],[2.71,6.516],[2.763,6.761],[2.76,7.045],[2.795,7.426],[2.734,7.779],[2.729,8.226],[2.737,8.447],[2.734,8.767],[2.786,9.059],[3.156,9.282],[3.257,9.654],[3.426,9.852],[3.603,10.028],[3.579,10.27],[3.803,10.436],[3.782,10.726],[3.717,11.03],[3.612,11.695],[3.525,11.811],[3.36,11.886],[3.209,12.047],[2.944,12.29],[2.841,12.408]]]}},{"type":"Feature","geometry":{"type":"Polygon","coordinates":[[[90.24,28.36],[90.135,28.333],[89.99,28.332],[89.832,28.281],[89.779,28.212],[89.65,28.179],[89.515,28.099],[89.444,27.981],[89.276,27.833],[89.203,27.732],[89.132,27.62],[89.032,27.578],[88.973,27.522],[88.958,27.422],[89,27.323],[88.911,27.308],[88.83,27.258],[88.749,27.142],[88.877,26.996],[88.943,26.938],[89.081,26.896],[89.296,26.836],[89.506,26.807],[89.658,26.722],[89.863,26.704],[90.196,26.777],[90.298,26.849],[90.555,26.808],[91.06,26.781],[91.327,26.784],[91.579,26.803],[91.824,26.856],[91.982,26.868],[92.118,26.953],[92.03,27.113],[92.043,27.262],[92.087,27.303],[92.031,27.439],[91.934,27.467],[91.718,27.474],[91.645,27.502],[91.575,27.606],[91.627,27.702],[91.611,27.822],[91.564,27.849],[91.623,27.891],[91.489,27.941],[91.439,28.008],[91.354,28.05],[91.277,28.01],[91.162,28.002],[91.071,27.993],[90.989,28.011],[90.917,28.028],[90.773,28.048],[90.614,28.045],[90.455,28.051],[90.484,28.139],[90.612,28.229],[90.468,28.274],[90.381,28.307],[90.264,28.331],[90.24,28.36]]]}},{"type":"Feature","geometry":{"type":"Polygon","coordinates":[[[-65.444,-9.671],[-65.553,-9.839],[-65.744,-9.779],[-65.932,-9.767],[-66.237,-9.82],[-66.583,-9.901],[-66.907,-10.141],[-67.135,-10.296],[-67.413,-10.4],[-67.758,-10.692],[-68.18,-10.854],[-68.496,-11.057],[-68.906,-11.017],[-69.479,-10.954],[-69.575,-10.943],[-68.747,-12.638],[-69.039,-13.643],[-68.983,-13.923],[-68.967,-14.228],[-69.125,-14.509],[-69.353,-14.795],[-69.156,-15.271],[-69.402,-15.603],[-69.035,-16.557],[-69.31,-16.911],[-69.603,-17.212],[-69.284,-17.968],[-69.042,-18.322],[-68.972,-18.743],[-68.459,-19.362],[-68.691,-19.741],[-68.772,-20.132],[-68.692,-20.275],[-68.439,-20.644],[-68.095,-21.738],[-67.946,-22.101],[-67.927,-22.267],[-67.896,-22.422],[-67.845,-22.568],[-67.89,-22.666],[-67.831,-22.845],[-66.789,-22.405],[-66.245,-21.791],[-64.995,-22.082],[-64.414,-22.544],[-64.286,-22.804],[-64.063,-22.243],[-62.812,-22.035],[-60.599,-19.456],[-58.147,-20.137],[-57.717,-18.974],[-57.778,-17.647],[-58.195,-17.383],[-58.355,-16.435],[-60.294,-14.621],[-60.481,-14.158],[-60.481,-13.853],[-60.708,-13.694],[-61.036,-13.502],[-61.357,-13.517],[-61.757,-13.539],[-62.232,-13.12],[-62.913,-12.857],[-63.542,-12.509],[-64.49,-12.284],[-64.913,-12.018],[-65.231,-11.566],[-65.275,-10.876],[-65.285,-9.85],[-65.444,-9.671]]]}},{"type":"Feature","geometry":{"type":"Polygon","coordinates":[[[16.933,45.276],[16.877,45.246],[16.848,45.221],[16.622,45.22],[16.389,45.086],[16.11,45.097],[15.892,45.226],[15.778,45.003],[15.883,44.735],[16.022,44.564],[16.184,44.366],[16.324,44.114],[16.442,44.066],[16.55,43.969],[16.668,43.878],[16.811,43.755],[16.991,43.593],[17.149,43.495],[17.284,43.465],[17.427,43.218],[17.542,43.134],[17.581,42.939],[17.681,42.919],[17.863,42.883],[17.958,42.795],[18.099,42.712],[18.178,42.66],[18.281,42.617],[18.419,42.575],[18.54,42.59],[18.556,42.718],[18.461,42.858],[18.651,43.043],[18.842,43.358],[19.038,43.3],[19.006,43.444],[18.969,43.453],[18.91,43.497],[19.036,43.514],[19.184,43.529],[19.249,43.592],[19.291,43.6],[19.388,43.577],[19.5,43.592],[19.526,43.649],[19.431,43.788],[19.331,43.866],[19.234,44.01],[19.444,43.959],[19.615,44.034],[19.496,44.099],[19.418,44.16],[19.3,44.27],[19.12,44.34],[19.193,44.551],[19.313,44.7],[19.351,44.852],[19.159,44.906],[18.769,44.911],[18.718,45.033],[18.634,45.086],[18.534,45.056],[18.078,45.105],[17.669,45.13],[17.461,45.154],[17.204,45.148],[17.024,45.235],[16.977,45.234],[16.933,45.276]]]}},{"type":"Feature","geometry":{"type":"Polygon","coordinates":[[[25.16,-17.777],[25.001,-17.829],[24.821,-17.846],[24.378,-17.95],[23.97,-18.188],[23.63,-18.496],[23.525,-18.291],[23.442,-18.217],[23.397,-18.212],[23.372,-18.139],[23.323,-18.075],[23.298,-18.01],[20.086,-24.829],[20.278,-24.95],[20.421,-25.146],[20.534,-25.341],[20.661,-25.467],[20.681,-25.628],[20.781,-25.857],[20.814,-26.104],[20.615,-26.437],[20.64,-26.826],[20.969,-26.811],[21.544,-26.847],[22.182,-26.465],[22.4,-26.275],[22.671,-26.083],[22.769,-25.736],[22.894,-25.464],[23.098,-25.314],[23.324,-25.292],[23.559,-25.358],[23.702,-25.463],[23.878,-25.577],[24.138,-25.633],[24.37,-25.766],[24.908,-25.803],[25.701,-25.293],[26.404,-24.653],[26.794,-24.3],[26.885,-24.092],[26.933,-23.859],[27.012,-23.644],[27.084,-23.615],[27.154,-23.534],[27.261,-23.477],[27.408,-23.394],[27.589,-23.263],[27.752,-23.212],[27.877,-23.094],[28.047,-22.891],[28.291,-22.614],[28.565,-22.562],[28.826,-22.478],[28.964,-22.307],[29.106,-22.217],[29.358,-22.205],[29.108,-22.068],[28.972,-21.781],[28.46,-21.648],[27.974,-21.457],[27.704,-21.002],[27.621,-20.486],[27.053,-20.019],[26.424,-19.742],[26.045,-19.217],[25.803,-18.688],[25.363,-18.101],[25.225,-17.794],[25.16,-17.777]]]}},{"type":"Feature","geometry":{"type":"Polygon","coordinates":[[[-60.209,5.285],[-61.628,4.246],[-63.239,3.878],[-64.276,3.708],[-63.384,2.346],[-64.358,1.488],[-65.481,0.683],[-67.098,1.244],[-68.272,1.819],[-69.114,0.639],[-69.567,-0.634],[-70.22,-4.316],[-70.723,-4.188],[-71.272,-4.385],[-71.656,-4.481],[-72.068,-4.658],[-72.416,-4.895],[-72.881,-5.187],[-73.11,-5.836],[-73.85,-7.352],[-73.302,-8.634],[-72.161,-9.836],[-70.557,-9.575],[-69.544,-10.938],[-68.18,-10.854],[-67.05,-10.27],[-66.003,-9.8],[-65.384,-9.689],[-64.814,-12.058],[-62.6,-13.037],[-61.095,-13.492],[-60.441,-14.251],[-57.995,-17.51],[-58.012,-20.61],[-57.869,-22.128],[-56.639,-22.243],[-55.546,-23.174],[-54.481,-23.9],[-54.021,-25.565],[-53.806,-25.986],[-53.696,-26.884],[-54.668,-27.501],[-57.134,-29.772],[-56.662,-30.22],[-55.929,-31.085],[-54.985,-31.311],[-53.076,-32.735],[-48.604,-27.988],[-48.605,-26.515],[-46.267,-24.035],[-45.163,-23.583],[-43.956,-23.109],[-40.986,-21.604],[-39.096,-16.894],[-38.635,-12.827],[-42.046,-2.663],[-44.651,-1.7],[-46.368,-0.938],[-49.197,-1.664],[-50.762,-0.368],[-50.534,1.976],[-52.571,2.643],[-54.472,2.209],[-55.99,2.16],[-57.366,1.961],[-58.372,1.477],[-59.51,1.67],[-59.84,3.431],[-59.733,4.419],[-60.209,5.285]]]}},{"type":"Feature","geometry":{"type":"Polygon","coordinates":[[[-49.576,0.102],[-49.643,0.092],[-49.812,-0.025],[-49.856,-0.093],[-49.78,-0.135],[-49.574,-0.148],[-49.429,-0.124],[-49.408,-0.085],[-49.341,-0.038],[-49.341,0.025],[-49.427,0.085],[-49.576,0.102]]]}},{"type":"Feature","geometry":{"type":"Polygon","coordinates":[[[-50.087,0.653],[-50.108,0.651],[-50.142,0.613],[-50.165,0.612],[-50.179,0.616],[-50.177,0.635],[-50.188,0.643],[-50.203,0.637],[-50.211,0.619],[-50.223,0.612],[-50.24,0.619],[-50.238,0.638],[-50.25,0.641],[-50.278,0.642],[-50.291,0.633],[-50.303,0.639],[-50.321,0.645],[-50.346,0.645],[-50.368,0.627],[-50.4,0.599],[-50.418,0.551],[-50.468,0.354],[-50.507,0.282],[-50.555,0.265],[-50.533,0.203],[-50.422,0.152],[-50.424,0.183],[-50.422,0.212],[-50.4,0.236],[-50.369,0.237],[-50.33,0.247],[-50.319,0.268],[-50.3,0.283],[-50.293,0.312],[-50.305,0.339],[-50.286,0.34],[-50.237,0.339],[-50.23,0.366],[-50.204,0.385],[-50.147,0.422],[-50.107,0.451],[-50.089,0.479],[-50.05,0.519],[-50.036,0.575],[-50.054,0.621],[-50.087,0.653]]]}},{"type":"Feature","geometry":{"type":"Polygon","coordinates":[[[-49.58,0.396],[-49.643,0.394],[-49.698,0.374],[-49.791,0.346],[-49.868,0.313],[-49.919,0.299],[-49.945,0.312],[-49.979,0.325],[-50.004,0.315],[-50.034,0.315],[-50.044,0.325],[-50.056,0.326],[-50.059,0.307],[-50.076,0.273],[-50.126,0.233],[-50.191,0.221],[-50.229,0.224],[-50.264,0.234],[-50.297,0.229],[-50.392,0.22],[-50.405,0.207],[-50.407,0.14],[-50.379,0.076],[-50.367,0.032],[-50.301,0.015],[-50.227,0.027],[-50.154,0.029],[-50.076,0.015],[-50.039,-0.025],[-50.033,-0.051],[-50.021,-0.069],[-49.904,-0.03],[-49.835,0.004],[-49.805,0.066],[-49.78,0.084],[-49.758,0.091],[-49.734,0.077],[-49.706,0.104],[-49.683,0.125],[-49.672,0.147],[-49.621,0.14],[-49.595,0.17],[-49.602,0.195],[-49.577,0.203],[-49.55,0.247],[-49.57,0.266],[-49.535,0.299],[-49.528,0.346],[-49.546,0.378],[-49.58,0.396]]]}},{"type":"Feature","geometry":{"type":"Polygon","coordinates":[[[115.06,5.047],[114.874,4.98],[114.813,4.959],[114.809,4.936],[114.671,4.842],[114.345,4.628],[114.084,4.587],[114.191,4.547],[114.284,4.463],[114.309,4.365],[114.323,4.256],[114.432,4.273],[114.494,4.148],[114.546,4.105],[114.583,4.049],[114.625,4.016],[114.687,4.022],[114.793,4.126],[114.795,4.161],[114.855,4.266],[114.828,4.257],[114.858,4.325],[114.882,4.426],[114.83,4.431],[114.817,4.56],[114.813,4.598],[114.8,4.639],[114.793,4.678],[114.773,4.702],[114.771,4.723],[114.83,4.748],[114.915,4.813],[114.972,4.808],[114.988,4.873],[115.029,4.891],[115.05,4.859],[115.035,4.801],[115.055,4.786],[115.034,4.76],[115.026,4.736],[115.033,4.723],[115.039,4.694],[115.04,4.662],[115.069,4.576],[115.092,4.485],[115.089,4.387],[115.144,4.382],[115.177,4.37],[115.219,4.363],[115.258,4.336],[115.296,4.338],[115.337,4.304],[115.36,4.336],[115.334,4.382],[115.308,4.396],[115.277,4.44],[115.279,4.475],[115.271,4.533],[115.289,4.605],[115.259,4.658],[115.253,4.692],[115.238,4.753],[115.236,4.802],[115.181,4.859],[115.17,4.869],[115.15,4.874],[115.157,4.885],[115.156,4.907],[115.161,4.983],[115.065,5.039],[115.06,5.047]]]}},{"type":"Feature","geometry":{"type":"Polygon","coordinates":[[[22.675,44.215],[22.633,44.181],[22.596,44.06],[22.401,43.941],[22.479,43.658],[22.643,43.43],[22.879,43.249],[22.931,43.087],[22.771,42.916],[22.585,42.892],[22.456,42.787],[22.512,42.531],[22.468,42.351],[22.367,42.323],[22.505,42.174],[22.799,42.045],[22.97,41.774],[22.959,41.536],[22.936,41.339],[23.258,41.381],[23.638,41.378],[23.983,41.444],[24.166,41.527],[24.307,41.513],[24.468,41.547],[24.616,41.426],[24.828,41.396],[25.089,41.338],[25.277,41.242],[25.576,41.315],[25.775,41.325],[26.003,41.337],[26.176,41.433],[26.154,41.599],[26.115,41.715],[26.358,41.711],[26.581,41.908],[26.86,41.996],[27.073,42.09],[27.335,42.063],[27.578,41.93],[27.822,41.988],[28.043,41.997],[27.79,42.343],[27.499,42.517],[27.703,42.639],[27.901,42.777],[27.945,43.199],[28.405,43.386],[28.573,43.599],[28.349,43.754],[27.841,43.966],[27.471,44.023],[27.246,44.12],[26.933,44.14],[26.38,44.04],[25.944,43.852],[25.516,43.645],[24.997,43.729],[24.626,43.742],[24.137,43.696],[23.633,43.792],[22.887,43.831],[22.926,44.1],[22.675,44.215]]]}},{"type":"Feature","geometry":{"type":"Polygon","coordinates":[[[-0.731,15.083],[-2.002,14.194],[-2.839,13.999],[-3.051,13.623],[-3.251,13.582],[-3.463,13.161],[-3.837,13.366],[-3.897,13.442],[-3.982,13.477],[-4.009,13.435],[-4.224,13.19],[-4.22,12.968],[-4.352,12.741],[-4.364,12.529],[-4.471,12.284],[-4.734,12.002],[-5.033,11.988],[-5.28,11.855],[-5.368,11.807],[-5.265,11.683],[-5.208,11.467],[-5.326,11.153],[-5.456,10.952],[-5.462,10.681],[-5.512,10.433],[-5.32,10.293],[-5.124,10.303],[-5.081,10.208],[-5.07,10.112],[-4.984,10.011],[-4.933,9.878],[-4.794,9.807],[-4.651,9.687],[-4.503,9.746],[-4.37,9.614],[-4.193,9.769],[-3.915,9.882],[-3.498,9.935],[-3.237,9.89],[-3.054,9.723],[-2.688,9.49],[-2.788,9.746],[-2.751,9.985],[-2.848,10.316],[-2.909,10.694],[-2.833,11.009],[-1.7,10.971],[-1.001,11.009],[-0.829,11.006],[-0.629,10.947],[-0.438,11.036],[-0.283,11.169],[0.917,10.996],[1.114,11.033],[1.154,11.164],[1.259,11.288],[1.449,11.481],[1.57,11.453],[1.704,11.414],[2.216,11.605],[2.369,11.821],[2.111,12.395],[1.976,12.725],[1.217,13.382],[0.776,13.647],[0.435,13.975],[0.177,14.987],[-0.731,15.083]]]}},{"type":"Feature","geometry":{"type":"Polygon","coordinates":[[[30.414,-2.313],[30.222,-2.35],[30.111,-2.432],[29.944,-2.37],[29.929,-2.634],[29.903,-2.721],[29.826,-2.774],[29.766,-2.779],[29.685,-2.8],[29.607,-2.806],[29.557,-2.817],[29.518,-2.827],[29.479,-2.808],[29.457,-2.8],[29.431,-2.803],[29.38,-2.83],[29.365,-2.827],[29.353,-2.799],[29.334,-2.747],[29.351,-2.713],[29.327,-2.687],[29.318,-2.649],[29.266,-2.619],[29.234,-2.629],[29.204,-2.616],[29.141,-2.597],[29.074,-2.604],[29.048,-2.667],[29.051,-2.693],[29.038,-2.761],[29.068,-2.859],[29.167,-2.99],[29.255,-3.113],[29.245,-3.531],[29.389,-4.17],[29.717,-4.457],[29.764,-4.437],[29.846,-4.377],[29.999,-4.295],[30.144,-4.123],[30.214,-3.992],[30.323,-3.794],[30.39,-3.722],[30.448,-3.567],[30.552,-3.497],[30.646,-3.381],[30.733,-3.271],[30.824,-3.245],[30.821,-3.147],[30.813,-3.045],[30.762,-2.996],[30.647,-2.97],[30.566,-2.896],[30.439,-2.907],[30.445,-2.77],[30.477,-2.717],[30.513,-2.66],[30.484,-2.556],[30.543,-2.413],[30.476,-2.368],[30.414,-2.313],[30.414,-2.313]]]}},{"type":"Feature","geometry":{"type":"Polygon","coordinates":[[[107.536,14.689],[107.326,14.591],[107.14,14.414],[106.949,14.316],[106.756,14.397],[106.546,14.59],[106.317,14.442],[106.203,14.37],[106,14.343],[106.186,14.063],[105.798,14.019],[105.612,14.133],[105.41,14.11],[105.206,14.317],[105.088,14.211],[104.957,14.389],[104.757,14.405],[104.581,14.358],[104.376,14.383],[104.095,14.354],[103.857,14.366],[103.643,14.425],[103.483,14.387],[103.399,14.367],[103.238,14.336],[103.144,14.326],[103.047,14.262],[102.958,14.209],[102.936,14.142],[102.902,14.067],[102.907,14.017],[102.811,13.954],[102.598,13.707],[102.575,13.602],[102.446,13.562],[102.337,13.534],[102.352,13.334],[102.403,13.151],[102.526,12.817],[102.74,12.485],[102.81,11.939],[103.079,11.13],[103.651,10.793],[103.722,10.482],[104.139,10.559],[104.56,10.495],[105.079,10.773],[105.103,10.92],[105.556,10.961],[106.084,10.81],[106.127,11.092],[105.864,11.287],[105.885,11.53],[105.986,11.697],[106.193,11.751],[106.452,11.691],[106.512,11.978],[106.801,12.083],[107.141,12.246],[107.35,12.327],[107.446,12.291],[107.568,12.51],[107.549,12.82],[107.628,13.365],[107.461,13.921],[107.376,14.179],[107.508,14.507],[107.536,14.689]]]}},{"type":"Feature","geometry":{"type":"Polygon","coordinates":[[[14.461,13.075],[14.176,12.432],[14.381,12.357],[14.514,12.296],[14.648,12.066],[14.65,11.607],[14.027,11.294],[13.715,10.864],[13.572,10.535],[13.245,10.038],[12.935,9.418],[12.827,8.991],[12.627,8.642],[12.388,8.478],[12.199,7.965],[11.917,7.384],[11.795,7.074],[11.584,6.816],[11.431,6.547],[11.14,6.509],[10.896,6.759],[10.799,6.96],[10.609,7.06],[10.537,6.939],[10.163,7.035],[9.762,6.722],[9.583,6.499],[9.322,6.287],[8.861,5.833],[8.837,5.393],[8.604,4.879],[8.893,4.348],[9.683,3.511],[9.871,2.235],[11.368,2.293],[12.209,2.276],[12.827,2.254],[13.211,2.264],[14.481,2.143],[14.774,2.095],[15.04,1.981],[15.489,1.974],[16.083,1.688],[16.083,2.197],[16.061,2.643],[15.043,4.364],[14.679,4.995],[14.62,5.891],[14.538,6.168],[15.073,6.82],[15.439,7.444],[15.073,8.676],[14.343,9.305],[14.126,9.827],[15.245,9.99],[15.484,10.118],[15.241,10.47],[15.077,10.954],[15.098,11.149],[15.075,11.444],[15.077,11.732],[15.062,11.937],[14.965,12.096],[14.906,12.386],[14.784,12.636],[14.643,12.738],[14.565,12.913],[14.461,13.075]]]}},{"type":"Feature","geometry":{"type":"Polygon","coordinates":[[[-93.518,74.199],[-95.24,71.954],[-96.15,70.566],[-94.603,68.723],[-95.721,67.428],[-96.864,68.329],[-99.077,68.097],[-101.651,67.92],[-104.664,68.273],[-108.051,68.144],[-108.457,67.673],[-110.981,67.803],[-113.464,67.881],[-115.189,67.856],[-118.188,69.12],[-124.011,69.716],[-125.145,69.816],[-129.067,69.731],[-129.938,70.123],[-133.407,69.404],[-135.623,69.393],[-137.285,58.992],[-131.24,56.476],[-130.312,54.145],[-129.816,53.129],[-129.393,52.733],[-128.4,52.031],[-127.7,51.091],[-128.081,50.883],[-126.999,49.825],[-125.184,48.88],[-92.362,48.225],[-84.477,46.453],[-78.937,42.832],[-70.804,45.323],[-67.769,45.819],[-66.047,45.198],[-64.218,44.216],[-60.386,46.364],[-64.987,47.167],[-67.003,49.05],[-66.632,50.094],[-58.013,51.279],[-57.09,53.943],[-58.563,55.077],[-61.015,56.563],[-62.52,58.308],[-65.91,59.177],[-69.45,59.671],[-71.54,61.388],[-77.975,62.602],[-77.511,59.85],[-77.154,55.797],[-78.717,52.392],[-81.521,52.474],[-91.046,57.303],[-93.175,61.782],[-91.895,62.522],[-90.629,63.563],[-87.826,64.416],[-88.853,65.331],[-87.097,65.353],[-84.317,65.964],[-83.71,66.095],[-81.964,66.898],[-81.197,68.728],[-82.516,69.704],[-86.622,67.469],[-92.302,69.718],[-91.876,72.806],[-93.518,74.199]]]}},{"type":"Feature","geometry":{"type":"Polygon","coordinates":[[[-75.366,83.169],[-77.783,82.961],[-80.409,82.901],[-81.683,82.827],[-82.31,82.676],[-82.87,82.372],[-84.65,82.476],[-86.649,82.344],[-86.364,82.072],[-89.385,82],[-90.703,81.956],[-92.065,81.531],[-90.714,81.361],[-89.319,80.973],[-86.825,80.658],[-83.386,80.592],[-79.135,80.817],[-83.353,80.364],[-84.858,80.298],[-87.242,80.19],[-90.209,80.6],[-93.428,81.412],[-94.131,81.156],[-95.548,80.736],[-96.152,80.418],[-96.79,79.878],[-95.922,79.39],[-93.307,79.262],[-93.56,78.567],[-89,78.121],[-87.583,78.098],[-85.254,78.08],[-85.649,77.556],[-88.341,77.874],[-87.484,77.264],[-90.78,76.783],[-87.385,76.305],[-83.309,76.349],[-81.211,76.261],[-78.783,76.427],[-78.475,77.044],[-77.761,77.492],[-76.761,77.872],[-76.399,78.207],[-75.476,78.48],[-73.905,78.725],[-75.114,78.997],[-74.443,79.258],[-75.41,79.364],[-73.136,79.485],[-71.543,79.681],[-70.302,80.088],[-69.313,80.374],[-64.611,81.36],[-66.61,81.484],[-61.644,82.123],[-62.82,82.546],[-63.281,82.779],[-64.49,82.902],[-66.764,82.779],[-67.972,82.995],[-69.412,83.087],[-72.345,83.111],[-75.366,83.169],[-75.366,83.169]]]}},{"type":"Feature","geometry":{"type":"Polygon","coordinates":[[[-80.48,73.782],[-81.068,73.77],[-81.002,73.69],[-80.969,73.457],[-80.859,73.271],[-80.228,73.22],[-80.217,73.045],[-80.052,72.837],[-79.623,72.735],[-79.2,72.723],[-78.607,72.816],[-78.074,72.868],[-77.08,72.827],[-76.267,72.798],[-76.014,72.85],[-76.003,72.95],[-76.19,72.99],[-76.207,73.123],[-76.476,73.187],[-76.619,73.336],[-76.91,73.369],[-77.113,73.533],[-78.03,73.699],[-78.799,73.697],[-79.442,73.671],[-79.942,73.751],[-80.173,73.751],[-80.48,73.782]]]}},{"type":"Feature","geometry":{"type":"Polygon","coordinates":[[[-95.389,77.095],[-96.987,77.011],[-97.526,76.989],[-97.278,76.877],[-97.13,76.749],[-96.57,76.579],[-96.152,76.458],[-95.493,76.216],[-94.708,76.249],[-93.571,76.233],[-93.186,76.318],[-92.769,76.061],[-92.313,75.762],[-92.477,75.477],[-92.208,75.104],[-92.197,74.875],[-91.208,74.599],[-90.835,74.651],[-89.484,74.515],[-88.934,74.622],[-88.61,74.672],[-87.654,74.435],[-85.331,74.464],[-83.727,74.502],[-83.216,74.719],[-82.348,74.485],[-81.134,74.543],[-80.068,74.698],[-79.332,74.832],[-79.64,75.06],[-79.684,75.139],[-79.376,75.402],[-79.887,75.559],[-81.118,75.683],[-82.557,75.851],[-83.425,75.798],[-84.238,75.797],[-84.787,75.679],[-85.419,75.597],[-86.331,75.508],[-86.644,75.504],[-87.347,75.644],[-88.27,75.578],[-88.973,75.634],[-89.094,75.767],[-89.824,76.001],[-89.984,76.146],[-89.083,76.28],[-90.401,76.46],[-91.016,76.694],[-92.477,76.639],[-93.279,76.838],[-94.977,77.004],[-95.389,77.095]]]}},{"type":"Feature","geometry":{"type":"Polygon","coordinates":[[[-94.504,75.669],[-95.372,75.634],[-95.812,75.533],[-95.955,75.464],[-96.207,75.409],[-96.229,75.317],[-96.526,75.245],[-96.713,75.093],[-96.702,74.971],[-96.504,74.957],[-96.449,74.899],[-96.086,74.833],[-95.713,74.744],[-95.295,74.715],[-94.933,74.613],[-93.9,74.605],[-93.329,74.666],[-93.252,74.897],[-93.34,75.166],[-93.428,75.331],[-93.999,75.544],[-94.504,75.669]]]}},{"type":"Feature","geometry":{"type":"Polygon","coordinates":[[[-98.372,78.853],[-98.547,78.819],[-98.569,78.68],[-98.284,78.574],[-98.514,78.56],[-98.514,78.464],[-98.141,78.274],[-98.086,78.189],[-97.394,78.166],[-97.229,78.116],[-97.712,78.119],[-97.921,78.032],[-97.229,77.902],[-97.262,77.784],[-96.866,77.754],[-96.273,77.835],[-95.328,77.932],[-95.032,77.934],[-94.801,78.121],[-95.164,78.247],[-94.746,78.349],[-94.944,78.464],[-95.57,78.543],[-96.053,78.55],[-96.021,78.604],[-96.196,78.669],[-96.603,78.727],[-97.449,78.828],[-98.229,78.842],[-98.372,78.853]]]}},{"type":"Feature","geometry":{"type":"Polygon","coordinates":[[[-95.345,77.857],[-95.62,77.822],[-96.097,77.762],[-96.471,77.661],[-96.471,77.604],[-96.35,77.528],[-95.993,77.449],[-95.691,77.456],[-95.29,77.442],[-94.938,77.461],[-94.219,77.437],[-93.752,77.404],[-93.384,77.437],[-93.389,77.518],[-93.224,77.614],[-92.95,77.651],[-93.186,77.754],[-93.62,77.811],[-93.895,77.777],[-94.301,77.798],[-94.73,77.818],[-95.12,77.797],[-95.142,77.855],[-95.345,77.857]]]}},{"type":"Feature","geometry":{"type":"Polygon","coordinates":[[[-90.879,77.686],[-91.066,77.654],[-91.269,77.624],[-91.307,77.523],[-91.285,77.413],[-91.187,77.32],[-90.873,77.269],[-91.252,77.268],[-91.401,77.219],[-91.236,77.145],[-90.934,77.12],[-90.736,77.139],[-90.632,77.182],[-90.687,77.227],[-90.538,77.21],[-90.363,77.179],[-90.038,77.183],[-89.632,77.262],[-89.544,77.334],[-89.61,77.382],[-89.637,77.479],[-89.929,77.571],[-90.11,77.618],[-90.379,77.648],[-90.544,77.653],[-90.879,77.686]]]}},{"type":"Feature","geometry":{"type":"Polygon","coordinates":[[[-99.498,80.174],[-99.772,80.165],[-100.052,80.13],[-100.272,79.999],[-100.3,79.893],[-100.08,79.856],[-99.635,79.878],[-99.421,79.837],[-99.487,79.798],[-99.421,79.749],[-99.003,79.71],[-99.064,79.662],[-98.751,79.65],[-98.613,79.717],[-98.509,79.811],[-98.646,79.896],[-98.619,79.959],[-98.745,80.077],[-99.02,80.147],[-99.24,80.135],[-99.393,80.143],[-99.498,80.174]]]}},{"type":"Feature","geometry":{"type":"Polygon","coordinates":[[[-104.359,79.416],[-104.766,79.376],[-105.183,79.38],[-105.667,79.354],[-105.743,79.258],[-105.809,79.099],[-105.656,79.015],[-105.403,78.988],[-104.81,79.009],[-105.117,78.851],[-105.106,78.77],[-104.645,78.781],[-104.403,78.887],[-104.205,78.933],[-104.073,78.902],[-104.293,78.819],[-104.315,78.759],[-103.986,78.742],[-103.645,78.716],[-103.898,78.69],[-104.205,78.617],[-103.854,78.593],[-103.711,78.55],[-104.15,78.576],[-104.711,78.628],[-105.161,78.565],[-105.183,78.447],[-104.667,78.254],[-104.216,78.218],[-103.865,78.213],[-103.656,78.285],[-102.986,78.323],[-103.425,78.182],[-103.469,78.107],[-103.041,78.087],[-102.843,78.159],[-102.393,78.227],[-102.03,78.238],[-101.942,78.153],[-101.635,78.137],[-101.393,78.153],[-101.052,78.103],[-100.909,77.946],[-100.624,77.844],[-100.096,77.751],[-99.536,77.763],[-98.943,77.842],[-98.855,77.934],[-98.745,78.067],[-99.24,78.26],[-99.547,78.352],[-99.547,78.409],[-99.327,78.51],[-99.349,78.604],[-99.679,78.686],[-100.107,78.815],[-100.349,78.868],[-100.876,78.851],[-100.887,78.965],[-101.096,79.049],[-101.525,79.107],[-102.041,79.111],[-102.458,79.072],[-102.645,79.219],[-102.777,79.294],[-103.228,79.339],[-103.568,79.386],[-104.359,79.416]]]}},{"type":"Feature","geometry":{"type":"Polygon","coordinates":[[[-106.062,77.795],[-106.227,77.768],[-106.128,77.676],[-105.842,77.387],[-105.535,77.174],[-105.029,77.086],[-104.48,77.076],[-103.81,77.022],[-103.513,77.02],[-103.48,77.054],[-103.81,77.123],[-103.887,77.194],[-104.205,77.201],[-104.216,77.25],[-104.491,77.385],[-104.799,77.466],[-105.073,77.634],[-105.623,77.775],[-106.062,77.795]]]}},{"type":"Feature","geometry":{"type":"Polygon","coordinates":[[[-110.764,78.834],[-110.852,78.781],[-111.237,78.749],[-111.764,78.619],[-111.874,78.641],[-112.225,78.639],[-112.467,78.563],[-113.28,78.442],[-113.489,78.345],[-113.61,78.374],[-114.093,78.338],[-114.071,78.26],[-113.566,78.22],[-112.874,78.26],[-112.225,78.336],[-112.05,78.274],[-111.654,78.254],[-111.27,78.267],[-111.149,78.338],[-111.039,78.292],[-110.358,78.251],[-109.797,78.274],[-109.281,78.301],[-109.127,78.46],[-109.215,78.574],[-109.556,78.667],[-110.446,78.787],[-110.643,78.83],[-110.764,78.834]]]}},{"type":"Feature","geometry":{"type":"Polygon","coordinates":[[[-109.863,78.146],[-111.039,78.139],[-112.192,78.073],[-113.214,77.971],[-113.379,77.927],[-113.412,77.749],[-113.434,77.58],[-113.269,77.459],[-112.632,77.325],[-111.94,77.308],[-110.984,77.375],[-110.237,77.44],[-109.907,77.53],[-109.841,77.719],[-109.984,77.814],[-110.435,77.846],[-109.995,77.881],[-109.556,77.941],[-109.402,78.012],[-109.457,78.11],[-109.863,78.146]]]}},{"type":"Feature","geometry":{"type":"Polygon","coordinates":[[[-116.389,77.608],[-116.895,77.599],[-117.444,77.537],[-117.466,77.428],[-117.905,77.456],[-119.07,77.418],[-119.927,77.182],[-120.586,76.886],[-121.267,76.801],[-121.663,76.532],[-122.432,76.507],[-123.047,76.305],[-123.289,76.048],[-123.069,75.974],[-122.717,75.845],[-122.19,75.808],[-121.838,75.931],[-121.421,75.867],[-121.487,75.71],[-121.179,75.667],[-120.674,75.737],[-119.817,75.808],[-118.938,76.032],[-118.608,76.174],[-118.411,76.331],[-118.257,76.486],[-117.905,76.279],[-117.4,76.216],[-116.763,76.29],[-116.741,76.496],[-115.774,76.629],[-115.752,76.811],[-115.488,76.95],[-115.906,77.133],[-115.071,77.317],[-115.51,77.466],[-116.389,77.608]]]}},{"type":"Feature","geometry":{"type":"Polygon","coordinates":[[[-108.732,76.88],[-109.512,76.797],[-110.001,76.542],[-110.544,76.473],[-110.522,76.369],[-110.259,76.274],[-109.545,76.138],[-110.149,75.92],[-109.039,75.631],[-110.446,75.64],[-111.5,75.96],[-112.159,76.167],[-113.313,76.326],[-113.972,76.509],[-114.587,76.54],[-115.076,76.507],[-115.939,76.389],[-115.84,76.227],[-116.505,76.194],[-116.746,75.997],[-116.598,75.865],[-116.922,75.818],[-117.328,75.57],[-116.587,75.512],[-117.729,75.306],[-117.164,75.139],[-116.406,75.153],[-115.812,74.954],[-115.345,75.053],[-115.043,74.947],[-114.197,75.141],[-113.906,75.288],[-113.917,75.031],[-113.066,75.079],[-112.593,75.175],[-112.242,75.117],[-111.616,75.122],[-111.638,75.072],[-111.945,75.025],[-113.126,74.976],[-114.406,74.764],[-114.192,74.564],[-113.06,74.386],[-111.215,74.552],[-110.462,74.761],[-109.869,74.835],[-109.023,74.944],[-108.386,74.901],[-107.814,74.965],[-107.111,74.888],[-105.809,75.094],[-105.403,75.43],[-105.287,75.849],[-106.117,76.078],[-106.93,76.035],[-107.54,75.942],[-107.776,76.093],[-108.215,76.147],[-107.935,76.286],[-108.347,76.453],[-108.49,76.62],[-108.43,76.801],[-108.732,76.88]]]}},{"type":"Feature","geometry":{"type":"Polygon","coordinates":[[[-99.932,76.793],[-100.926,76.766],[-101.541,76.54],[-100.151,76.715],[-100.223,76.663],[-100.97,76.447],[-100.651,76.327],[-100.453,76.305],[-100.668,76.186],[-100.953,76.348],[-101.986,76.467],[-102.261,76.215],[-101.794,75.935],[-102.48,76.136],[-102.64,76.34],[-102.887,76.462],[-103.409,76.537],[-103.859,76.676],[-104.799,76.593],[-104.546,76.37],[-104.249,76.253],[-104.304,76.061],[-103.997,75.98],[-103.826,75.821],[-103.387,75.745],[-102.722,75.694],[-102.87,75.542],[-102.272,75.523],[-101.651,75.521],[-101.008,75.523],[-100.349,75.529],[-100.717,75.407],[-100.415,75.256],[-100.563,75.076],[-99.509,74.959],[-98.481,74.961],[-97.85,75.086],[-97.57,75.201],[-97.564,75.313],[-97.773,75.365],[-97.438,75.391],[-97.119,75.225],[-97.213,75.41],[-97.262,75.697],[-97.273,76.174],[-97.69,76.573],[-99.24,76.71],[-99.932,76.793]]]}},{"type":"Feature","geometry":{"type":"Polygon","coordinates":[[[-104.354,75.474],[-104.7,75.401],[-104.903,75.263],[-105.062,75.132],[-104.826,75.045],[-104.255,74.999],[-103.711,75.059],[-103.475,75.163],[-103.629,75.253],[-103.738,75.398],[-104.062,75.471],[-104.354,75.474]]]}},{"type":"Feature","geometry":{"type":"Polygon","coordinates":[[[-121.712,74.576],[-123.014,74.485],[-124.722,74.376],[-125.112,74.281],[-124.755,74.301],[-124.744,74.193],[-124.563,74.139],[-124.623,74.065],[-124.437,73.982],[-124.277,73.897],[-124.596,73.941],[-124.332,73.862],[-123.849,73.771],[-124.167,73.651],[-124.409,73.651],[-124.552,73.731],[-124.777,73.703],[-124.409,73.594],[-124.552,73.356],[-124.893,73.035],[-124.964,72.918],[-125.255,72.834],[-125.431,72.5],[-125.788,72.297],[-125.832,72.076],[-126.145,71.991],[-125.42,71.945],[-124.244,71.686],[-123.788,71.481],[-123.3,71.044],[-122.558,71.127],[-121.794,71.375],[-120.575,71.469],[-120.278,71.743],[-119.987,72.136],[-119.174,72.379],[-118.746,72.684],[-117.307,73.034],[-115.587,73.355],[-115.329,73.597],[-117.158,74.222],[-118.235,74.288],[-118.965,74.182],[-119.196,74.249],[-119.57,74.263],[-120.795,74.435],[-121.245,74.573],[-121.712,74.576]]]}},{"type":"Feature","geometry":{"type":"Polygon","coordinates":[[[-105.271,73.828],[-107.117,73.444],[-107.216,73.306],[-108.336,73.255],[-107.941,72.326],[-107.534,71.911],[-107.919,72.023],[-108.457,72.346],[-108.457,72.696],[-108.655,72.797],[-109.764,73.013],[-110.676,72.839],[-111.072,72.485],[-111.237,72.78],[-113.203,73.055],[-113.884,72.9],[-114.247,73.394],[-117.169,73],[-118.608,72.376],[-119.18,71.976],[-118.916,71.521],[-118.378,71.343],[-116.411,71.378],[-118.63,70.985],[-116.543,70.44],[-114.038,70.634],[-112.456,70.341],[-114.412,70.378],[-117.543,70.028],[-116.136,69.26],[-113.774,69.123],[-113.302,68.54],[-113.214,68.415],[-111.324,68.484],[-112.522,68.196],[-111.171,68.314],[-109.028,68.657],[-106.798,69.206],[-106.567,69.194],[-105.787,68.99],[-105.293,68.887],[-104.041,68.78],[-102.173,68.903],[-101.338,69.233],[-101.492,69.38],[-100.789,69.488],[-100.646,70.024],[-100.734,70.404],[-101.81,70.411],[-103.26,70.758],[-103.909,70.953],[-104.106,71.66],[-105.051,72.62],[-104.304,73.556],[-105.271,73.828]]]}},{"type":"Feature","geometry":{"type":"Polygon","coordinates":[[[-97.855,74.155],[-99.547,73.95],[-99.712,73.922],[-100.102,73.974],[-100.47,73.883],[-100.948,73.862],[-101.288,73.687],[-101.223,73.646],[-101.651,73.592],[-101.717,73.446],[-101.239,73.301],[-100.657,73.239],[-100.662,73.119],[-100.591,72.968],[-100.816,72.962],[-100.833,72.865],[-100.541,72.829],[-101.036,72.827],[-101.415,72.879],[-101.624,72.962],[-101.805,73.098],[-102.288,73.131],[-102.667,72.926],[-102.788,72.694],[-102.129,72.489],[-101.97,72.301],[-101.591,72.209],[-101.228,72.254],[-100.898,72.148],[-100.388,71.957],[-99.816,71.686],[-99.344,71.338],[-98.806,71.267],[-98.179,71.378],[-98.009,71.574],[-97.855,71.617],[-97.202,71.638],[-96.982,71.639],[-96.757,71.681],[-96.603,71.746],[-96.411,71.919],[-96.394,72.22],[-96.361,72.352],[-96.334,72.627],[-96.553,72.824],[-96.487,72.994],[-96.663,73.176],[-96.921,73.314],[-97.081,73.351],[-97.103,73.471],[-96.91,73.603],[-96.866,73.759],[-97.136,73.963],[-97.355,73.897],[-97.778,73.948],[-97.57,74.13],[-97.855,74.155]]]}},{"type":"Feature","geometry":{"type":"Polygon","coordinates":[[[-97.421,69.977],[-97.471,69.882],[-97.493,69.803],[-97.671,69.871],[-98.061,69.9],[-98.333,69.725],[-98.33,69.592],[-98.179,69.497],[-98.411,69.582],[-98.58,69.569],[-98.568,69.489],[-98.547,69.398],[-98.475,69.329],[-98.587,69.315],[-98.7,69.274],[-98.722,69.198],[-98.895,69.198],[-98.992,69.175],[-99.108,69.157],[-99.234,69.181],[-99.304,69.153],[-99.436,69.153],[-99.568,69.042],[-99.564,68.995],[-99.575,68.953],[-99.5,68.925],[-99.445,68.922],[-99.286,68.869],[-99.147,68.823],[-99.017,68.852],[-98.996,68.908],[-98.878,68.88],[-98.79,68.786],[-98.63,68.751],[-98.532,68.749],[-98.435,68.731],[-98.344,68.794],[-98.271,68.754],[-98.12,68.678],[-97.851,68.659],[-97.674,68.612],[-97.424,68.54],[-97.289,68.516],[-97.081,68.51],[-96.394,68.427],[-95.927,68.584],[-95.669,68.691],[-95.092,68.858],[-95.532,68.881],[-95.74,68.962],[-95.894,69.217],[-96.053,69.285],[-96.042,69.386],[-95.669,69.26],[-95.24,69.483],[-95.581,69.646],[-96.037,69.581],[-96.564,69.609],[-96.883,69.651],[-97.185,69.712],[-97.119,69.821],[-97.229,69.953],[-97.421,69.977]]]}},{"type":"Feature","geometry":{"type":"Polygon","coordinates":[[[-100.105,69.177],[-100.179,69.173],[-100.176,69.149],[-100.237,69.117],[-100.269,69.057],[-100.289,69.089],[-100.344,69.111],[-100.448,69.11],[-100.514,69.069],[-100.607,69.028],[-100.681,69.011],[-100.638,68.98],[-100.624,68.923],[-100.657,68.859],[-100.714,68.875],[-100.813,68.86],[-100.838,68.802],[-100.794,68.77],[-100.734,68.732],[-100.739,68.686],[-100.813,68.693],[-100.901,68.666],[-100.893,68.612],[-100.783,68.57],[-100.712,68.566],[-100.659,68.602],[-100.679,68.634],[-100.602,68.656],[-100.497,68.65],[-100.396,68.625],[-100.226,68.631],[-100.099,68.669],[-99.995,68.734],[-99.965,68.799],[-100.058,68.865],[-100.042,68.915],[-99.965,68.927],[-99.912,68.963],[-99.915,69.019],[-99.882,69.058],[-99.976,69.105],[-100.055,69.145],[-100.105,69.177]]]}},{"type":"Feature","geometry":{"type":"Polygon","coordinates":[[[-102.014,68.846],[-102.096,68.786],[-102.266,68.744],[-102.382,68.706],[-102.274,68.646],[-102.176,68.624],[-102.233,68.591],[-102.101,68.579],[-101.978,68.588],[-101.841,68.545],[-101.777,68.56],[-101.744,68.622],[-101.684,68.619],[-101.646,68.647],[-101.656,68.706],[-101.656,68.764],[-101.706,68.807],[-101.854,68.839],[-102.014,68.846]]]}},{"type":"Feature","geometry":{"type":"Polygon","coordinates":[[[-105.179,68.611],[-105.206,68.607],[-105.246,68.609],[-105.301,68.594],[-105.252,68.577],[-105.245,68.55],[-105.158,68.525],[-105.029,68.495],[-104.955,68.467],[-104.832,68.412],[-104.608,68.391],[-104.521,68.394],[-104.414,68.414],[-104.361,68.458],[-104.389,68.497],[-104.487,68.543],[-104.59,68.577],[-104.755,68.592],[-104.8,68.602],[-104.93,68.605],[-105.003,68.589],[-105.08,68.567],[-105.098,68.543],[-105.136,68.567],[-105.15,68.6],[-105.179,68.611]]]}},{"type":"Feature","geometry":{"type":"Polygon","coordinates":[[[-85.067,66.121],[-85.18,65.914],[-85.408,65.894],[-85.817,65.89],[-86.223,65.296],[-86.358,64.678],[-86.377,64.231],[-86.388,64.09],[-87.168,63.787],[-87.091,63.534],[-86.523,63.627],[-85.809,63.677],[-85.671,63.525],[-85.636,63.127],[-85.053,63.102],[-84.4,63.353],[-84.235,63.589],[-83.732,63.725],[-83.529,63.876],[-83.463,64.081],[-83.032,64.137],[-83.172,63.949],[-82.675,63.943],[-82.425,63.853],[-82.576,63.667],[-82.131,63.661],[-81.686,63.546],[-81.013,63.415],[-80.552,63.607],[-80.068,63.757],[-80.409,63.885],[-80.648,64.029],[-80.991,64.117],[-81.453,64.107],[-81.516,64.137],[-81.425,64.254],[-81.62,64.392],[-81.87,64.589],[-82.483,64.782],[-83.199,64.977],[-83.587,65.178],[-84.144,65.262],[-84.232,65.386],[-84.468,65.494],[-84.776,65.351],[-84.919,65.296],[-85.108,65.496],[-84.979,65.622],[-84.891,65.621],[-84.622,65.489],[-84.413,65.661],[-84.606,65.881],[-85.067,66.121],[-85.067,66.121]]]}},{"type":"Feature","geometry":{"type":"Polygon","coordinates":[[[-86.534,73.898],[-89.78,72.651],[-90.192,71.652],[-87.632,70.988],[-89.467,71.029],[-88.261,70.396],[-87.608,70.311],[-86.166,70.077],[-85.38,70.085],[-83.114,69.983],[-82.675,69.723],[-80.969,69.69],[-80.013,69.463],[-78.799,69.857],[-78.646,70.297],[-77.531,69.676],[-75.745,69.133],[-76.058,68.728],[-75.196,68.385],[-74.35,67.728],[-74.037,68.243],[-72.46,67.308],[-74.196,65.872],[-74.8,65.422],[-76.47,65.433],[-77.629,65.188],[-77.415,64.209],[-75.141,64.237],[-73.372,63.947],[-72.092,63.362],[-69.917,62.517],[-68.247,62.127],[-65.621,61.877],[-67.692,63.241],[-66.226,62.885],[-64.171,62.596],[-64.534,63.177],[-63.924,63.724],[-64.946,64.647],[-66.528,65.1],[-67.039,66.043],[-66.039,66.011],[-65.528,65.608],[-64.709,65.111],[-63.259,65.019],[-62.584,65.556],[-61.93,66.089],[-62.007,67.146],[-63.627,67.515],[-65.506,68.196],[-67.028,68.689],[-67.659,69.139],[-67.385,69.627],[-68.384,70.276],[-69.917,70.915],[-71.038,71.266],[-73.707,71.645],[-74.564,72.195],[-77.756,72.775],[-80.123,72.429],[-80.425,72.878],[-81.854,73.756],[-85.369,73.247],[-85.259,72.361],[-86.067,71.957],[-86.21,71.931],[-85.111,73.578],[-86.534,73.898]]]}},{"type":"Feature","geometry":{"type":"Polygon","coordinates":[[[-82.502,63.07],[-82.634,63.067],[-82.864,62.958],[-83.062,62.89],[-83.139,62.953],[-83.326,62.958],[-83.573,62.903],[-83.694,62.719],[-83.897,62.566],[-84.062,62.444],[-83.875,62.296],[-83.798,62.104],[-83.617,62.101],[-83.392,62.207],[-83.293,62.132],[-83.018,62.148],[-82.645,62.299],[-82.211,62.533],[-81.903,62.687],[-81.865,62.833],[-81.766,62.948],[-81.914,62.988],[-82.238,63.033],[-82.425,62.98],[-82.59,62.975],[-82.502,63.07]]]}},{"type":"Feature","geometry":{"type":"Polygon","coordinates":[[[-76.289,68.385],[-76.712,68.314],[-76.976,68.149],[-77.294,67.822],[-77.366,67.638],[-77.36,67.445],[-77.272,67.321],[-77.108,67.215],[-76.888,67.161],[-76.426,67.202],[-76.053,67.204],[-75.432,67.291],[-75.114,67.433],[-74.965,67.628],[-75.009,67.797],[-75.037,67.966],[-74.976,68.075],[-74.916,68.172],[-75.092,68.261],[-75.251,68.28],[-75.432,68.324],[-75.894,68.381],[-76.069,68.347],[-76.289,68.385]]]}},{"type":"Feature","geometry":{"type":"Polygon","coordinates":[[[-64.182,50.036],[-64.753,49.958],[-64.611,49.767],[-64.116,49.632],[-63.798,49.397],[-63.204,49.11],[-62.106,48.937],[-61.479,49.016],[-61.6,49.318],[-62.172,49.646],[-63.073,49.888],[-64.182,50.036]]]}},{"type":"Feature","geometry":{"type":"Polygon","coordinates":[[[-135.42,69.653],[-135.563,69.623],[-135.615,69.582],[-135.629,69.569],[-135.56,69.539],[-135.492,69.554],[-135.434,69.586],[-135.393,69.612],[-135.217,69.605],[-135.214,69.621],[-135.335,69.637],[-135.42,69.653]]]}},{"type":"Feature","geometry":{"type":"Polygon","coordinates":[[[-114.204,68.689],[-114.219,68.681],[-114.186,68.656],[-114.093,68.616],[-114.02,68.607],[-113.986,68.596],[-113.873,68.582],[-113.811,68.582],[-113.717,68.58],[-113.678,68.589],[-113.696,68.606],[-113.758,68.612],[-113.806,68.619],[-113.869,68.622],[-113.943,68.631],[-113.982,68.634],[-113.979,68.623],[-113.993,68.621],[-114.007,68.637],[-114.042,68.645],[-114.105,68.66],[-114.09,68.663],[-114.096,68.67],[-114.137,68.678],[-114.17,68.687],[-114.204,68.689]]]}},{"type":"Feature","geometry":{"type":"Polygon","coordinates":[[[-109.427,68.301],[-109.46,68.295],[-109.51,68.269],[-109.613,68.251],[-109.785,68.205],[-109.785,68.187],[-109.867,68.164],[-110.01,68.115],[-110.164,68.089],[-110.212,68.071],[-110.292,68.064],[-110.371,68.038],[-110.41,68.042],[-110.466,68.036],[-110.483,68.04],[-110.565,68.046],[-110.605,68.05],[-110.654,68.037],[-110.649,68.024],[-110.598,68.022],[-110.48,68.027],[-110.418,68.013],[-110.303,68.007],[-110.252,68.034],[-110.083,68.053],[-110.001,68.077],[-109.884,68.091],[-109.815,68.121],[-109.815,68.151],[-109.73,68.145],[-109.646,68.178],[-109.626,68.192],[-109.624,68.212],[-109.556,68.216],[-109.51,68.216],[-109.486,68.236],[-109.42,68.266],[-109.394,68.286],[-109.427,68.301]]]}},{"type":"Feature","geometry":{"type":"Polygon","coordinates":[[[-108.525,67.937],[-108.541,67.937],[-108.577,67.923],[-108.584,67.913],[-108.604,67.91],[-108.62,67.901],[-108.662,67.88],[-108.669,67.86],[-108.637,67.86],[-108.575,67.881],[-108.55,67.899],[-108.471,67.893],[-108.44,67.883],[-108.345,67.887],[-108.331,67.901],[-108.344,67.915],[-108.337,67.929],[-108.351,67.931],[-108.372,67.92],[-108.36,67.909],[-108.372,67.901],[-108.406,67.903],[-108.435,67.905],[-108.443,67.915],[-108.462,67.92],[-108.463,67.929],[-108.525,67.937]]]}},{"type":"Feature","geometry":{"type":"Polygon","coordinates":[[[-100.022,68.412],[-100.022,68.407],[-100.011,68.4],[-100.026,68.395],[-100.046,68.395],[-100.047,68.384],[-100.055,68.394],[-100.072,68.4],[-100.081,68.393],[-100.074,68.382],[-100.092,68.385],[-100.092,68.377],[-100.078,68.369],[-100.092,68.368],[-100.1,68.357],[-100.127,68.361],[-100.127,68.349],[-100.151,68.345],[-100.153,68.338],[-100.179,68.332],[-100.206,68.332],[-100.219,68.325],[-100.222,68.331],[-100.243,68.333],[-100.245,68.321],[-100.237,68.317],[-100.21,68.319],[-100.208,68.313],[-100.199,68.307],[-100.167,68.304],[-100.166,68.299],[-100.148,68.292],[-100.112,68.29],[-100.112,68.28],[-100.097,68.26],[-100.077,68.26],[-100.072,68.28],[-100.024,68.291],[-100.022,68.302],[-100.002,68.3],[-99.99,68.276],[-99.954,68.268],[-99.921,68.257],[-99.918,68.272],[-99.941,68.278],[-99.935,68.294],[-99.956,68.298],[-99.968,68.313],[-99.965,68.357],[-99.937,68.36],[-99.959,68.378],[-100.006,68.392],[-99.985,68.408],[-100.022,68.412]]]}},{"type":"Feature","geometry":{"type":"Polygon","coordinates":[[[-100.312,70.756],[-100.407,70.731],[-100.458,70.72],[-100.5,70.691],[-100.588,70.68],[-100.53,70.703],[-100.561,70.735],[-100.617,70.714],[-100.746,70.7],[-100.713,70.662],[-100.639,70.628],[-100.762,70.606],[-100.717,70.579],[-100.577,70.515],[-100.437,70.476],[-100.382,70.485],[-100.249,70.451],[-100.296,70.429],[-100.213,70.44],[-100.21,70.398],[-100.139,70.368],[-100.079,70.427],[-100.112,70.473],[-100.22,70.508],[-100.227,70.546],[-100.243,70.569],[-100.191,70.554],[-100.042,70.57],[-100.117,70.584],[-100.15,70.609],[-100.136,70.647],[-100.191,70.633],[-100.232,70.651],[-100.316,70.65],[-100.419,70.675],[-100.364,70.709],[-100.253,70.755],[-100.312,70.756]]]}},{"type":"Feature","geometry":{"type":"Polygon","coordinates":[[[-96.279,75.673],[-96.342,75.665],[-96.432,75.654],[-96.441,75.604],[-96.496,75.598],[-96.622,75.58],[-96.713,75.579],[-96.847,75.552],[-97.053,75.515],[-97.086,75.458],[-96.968,75.416],[-97.004,75.393],[-96.908,75.364],[-96.886,75.344],[-96.773,75.342],[-96.669,75.377],[-96.531,75.405],[-96.452,75.415],[-96.463,75.441],[-96.411,75.47],[-96.474,75.494],[-96.454,75.525],[-96.312,75.488],[-96.254,75.447],[-96.133,75.45],[-96.042,75.478],[-95.897,75.544],[-95.85,75.586],[-95.979,75.628],[-96.095,75.625],[-96.279,75.673]]]}},{"type":"Feature","geometry":{"type":"Polygon","coordinates":[[[-96.413,75.84],[-96.496,75.84],[-96.655,75.808],[-96.68,75.774],[-96.732,75.731],[-96.63,75.736],[-96.578,75.731],[-96.485,75.742],[-96.509,75.77],[-96.422,75.789],[-96.391,75.82],[-96.314,75.808],[-96.27,75.82],[-96.229,75.831],[-96.262,75.84],[-96.413,75.84]]]}},{"type":"Feature","geometry":{"type":"Polygon","coordinates":[[[-94.507,76.004],[-94.716,75.964],[-94.87,75.96],[-94.87,75.957],[-94.919,75.916],[-94.848,75.885],[-94.911,75.796],[-94.683,75.739],[-94.263,75.743],[-94.216,75.789],[-94.362,75.891],[-94.414,75.982],[-94.507,76.004]]]}},{"type":"Feature","geometry":{"type":"Polygon","coordinates":[[[-94.85,76.163],[-94.908,76.158],[-94.927,76.136],[-95.059,76.119],[-95.1,76.133],[-95.177,76.133],[-95.125,76.061],[-95.01,76.039],[-94.845,76.047],[-94.768,76.031],[-94.68,76.035],[-94.705,76.078],[-94.765,76.107],[-94.85,76.163]]]}},{"type":"Feature","geometry":{"type":"Polygon","coordinates":[[[-79.099,76.133],[-79.162,76.126],[-79.154,76.088],[-79.264,76.064],[-79.368,76.015],[-79.571,75.965],[-79.623,75.914],[-79.818,75.898],[-79.794,75.855],[-79.607,75.853],[-79.629,75.824],[-79.601,75.81],[-79.486,75.81],[-79.461,75.791],[-79.384,75.789],[-79.335,75.82],[-79.346,75.841],[-79.288,75.861],[-79.198,75.853],[-79.063,75.859],[-79.088,75.832],[-79.003,75.832],[-78.791,75.829],[-78.775,75.841],[-78.887,75.884],[-79.077,75.922],[-79.129,75.96],[-78.992,75.994],[-78.78,76.038],[-78.747,76.092],[-78.865,76.127],[-78.986,76.125],[-79.099,76.133]]]}},{"type":"Feature","geometry":{"type":"Polygon","coordinates":[[[-78.173,69.783],[-78.3,69.745],[-78.371,69.771],[-78.448,69.745],[-78.481,69.688],[-78.569,69.686],[-78.898,69.546],[-78.92,69.49],[-78.849,69.442],[-78.64,69.481],[-78.442,69.481],[-78.151,69.54],[-77.844,69.619],[-77.926,69.731],[-78.173,69.783]]]}},{"type":"Feature","geometry":{"type":"Polygon","coordinates":[[[-77.113,69.483],[-77.415,69.429],[-77.399,69.359],[-77.476,69.278],[-77.415,69.129],[-77.173,69.096],[-76.954,69.123],[-76.761,69.17],[-76.624,69.159],[-76.619,69.225],[-76.679,69.264],[-76.558,69.326],[-76.63,69.436],[-76.937,69.452],[-77.113,69.483]]]}},{"type":"Feature","geometry":{"type":"Polygon","coordinates":[[[-78.376,69.407],[-78.547,69.406],[-78.679,69.387],[-78.75,69.353],[-78.747,69.31],[-78.882,69.227],[-78.912,69.163],[-79.016,69.14],[-79.217,69.115],[-79.313,69.052],[-79.42,68.954],[-79.45,68.874],[-79.327,68.82],[-79.176,68.818],[-79.069,68.85],[-78.832,68.889],[-78.698,68.946],[-78.637,69.01],[-78.486,69.087],[-78.484,69.144],[-78.333,69.186],[-78.157,69.289],[-78.228,69.384],[-78.376,69.407]]]}},{"type":"Feature","geometry":{"type":"Polygon","coordinates":[[[-78.857,68.707],[-78.937,68.685],[-78.948,68.655],[-78.915,68.628],[-78.835,68.582],[-78.961,68.564],[-79.019,68.494],[-78.972,68.459],[-78.923,68.418],[-78.794,68.414],[-78.56,68.501],[-78.61,68.533],[-78.412,68.54],[-78.431,68.587],[-78.429,68.639],[-78.599,68.673],[-78.728,68.688],[-78.857,68.707]]]}},{"type":"Feature","geometry":{"type":"Polygon","coordinates":[[[-79.146,68.381],[-79.135,68.378],[-79.217,68.365],[-79.242,68.239],[-79.173,68.168],[-79.016,68.159],[-78.915,68.2],[-78.808,68.239],[-78.775,68.292],[-78.824,68.337],[-78.934,68.38],[-79.146,68.381]]]}},{"type":"Feature","geometry":{"type":"Polygon","coordinates":[[[-78.404,63.561],[-78.596,63.504],[-78.651,63.404],[-78.146,63.09],[-77.915,63.06],[-77.492,63.139],[-77.404,63.229],[-77.498,63.384],[-77.662,63.468],[-78.041,63.527],[-78.354,63.507],[-78.404,63.561]]]}},{"type":"Feature","geometry":{"type":"Polygon","coordinates":[[[-65.207,61.965],[-65.322,61.892],[-65.325,61.843],[-65.347,61.822],[-65.308,61.754],[-65.388,61.728],[-65.506,61.704],[-65.503,61.672],[-65.542,61.618],[-65.443,61.529],[-65.278,61.474],[-65.012,61.334],[-64.877,61.283],[-64.72,61.298],[-64.608,61.455],[-64.575,61.583],[-64.63,61.652],[-64.745,61.717],[-64.693,61.776],[-64.696,61.816],[-64.855,61.869],[-64.893,61.936],[-65.039,61.949],[-65.207,61.965]]]}},{"type":"Feature","geometry":{"type":"Polygon","coordinates":[[[-79.645,57.035],[-79.838,57.029],[-79.98,56.93],[-80.085,56.789],[-79.931,56.68],[-79.717,56.759],[-79.673,56.602],[-79.717,56.423],[-80.041,56.396],[-80.195,56.222],[-80.09,56.075],[-80.233,55.952],[-80.162,55.872],[-80.063,55.752],[-79.991,55.572],[-79.684,55.522],[-79.42,55.591],[-79.195,55.637],[-78.893,55.94],[-78.602,56.127],[-78.552,56.399],[-78.618,56.523],[-78.673,56.819],[-78.766,56.933],[-78.953,56.921],[-78.92,56.72],[-79.019,56.511],[-79.058,56.68],[-79.239,56.759],[-79.393,56.686],[-79.459,56.834],[-79.645,57.035]]]}},{"type":"Feature","geometry":{"type":"Polygon","coordinates":[[[-79.796,59.976],[-79.904,59.97],[-80.013,59.951],[-80.027,59.914],[-80.104,59.883],[-80.252,59.795],[-80.288,59.751],[-80.332,59.711],[-80.368,59.737],[-80.494,59.652],[-80.486,59.625],[-80.37,59.627],[-80.332,59.58],[-80.5,59.499],[-80.406,59.488],[-80.244,59.569],[-80.252,59.619],[-80.156,59.672],[-80.093,59.73],[-79.969,59.726],[-79.879,59.763],[-79.884,59.817],[-79.829,59.854],[-79.829,59.926],[-79.796,59.976]]]}},{"type":"Feature","geometry":{"type":"Polygon","coordinates":[[[-87.391,70.195],[-87.426,70.174],[-87.407,70.158],[-87.273,70.14],[-87.424,70.11],[-87.361,70.072],[-87.3,70.03],[-87.168,69.983],[-86.968,69.978],[-86.726,69.97],[-86.493,69.976],[-86.413,69.999],[-86.484,70.077],[-86.589,70.135],[-86.693,70.138],[-86.767,70.115],[-86.943,70.126],[-86.992,70.166],[-87.124,70.175],[-87.179,70.149],[-87.215,70.193],[-87.391,70.195]]]}},{"type":"Feature","geometry":{"type":"Polygon","coordinates":[[[-81.645,69.538],[-81.712,69.523],[-81.764,69.508],[-81.725,69.493],[-81.575,69.456],[-81.466,69.432],[-81.422,69.443],[-81.418,69.473],[-81.523,69.482],[-81.597,69.505],[-81.62,69.537],[-81.645,69.538]]]}},{"type":"Feature","geometry":{"type":"Polygon","coordinates":[[[-81.884,69.44],[-81.915,69.422],[-81.904,69.403],[-81.944,69.404],[-81.961,69.397],[-81.904,69.371],[-81.951,69.368],[-81.925,69.341],[-81.822,69.332],[-81.753,69.339],[-81.762,69.364],[-81.742,69.376],[-81.751,69.389],[-81.682,69.371],[-81.712,69.361],[-81.707,69.347],[-81.656,69.336],[-81.488,69.332],[-81.44,69.343],[-81.487,69.391],[-81.443,69.399],[-81.458,69.421],[-81.53,69.435],[-81.561,69.429],[-81.563,69.412],[-81.595,69.412],[-81.693,69.428],[-81.753,69.439],[-81.814,69.43],[-81.884,69.44]]]}},{"type":"Feature","geometry":{"type":"Polygon","coordinates":[[[-91.379,69.893],[-91.485,69.881],[-91.515,69.854],[-91.539,69.84],[-91.644,69.867],[-91.696,69.885],[-91.796,69.879],[-91.858,69.865],[-91.877,69.823],[-91.836,69.809],[-91.774,69.818],[-91.732,69.808],[-91.765,69.795],[-91.686,69.755],[-91.564,69.722],[-91.508,69.717],[-91.457,69.741],[-91.428,69.75],[-91.419,69.777],[-91.355,69.785],[-91.318,69.808],[-91.288,69.832],[-91.321,69.839],[-91.343,69.854],[-91.397,69.854],[-91.377,69.875],[-91.379,69.893]]]}},{"type":"Feature","geometry":{"type":"Polygon","coordinates":[[[-63.962,47.089],[-64.16,47.04],[-64.336,46.886],[-64.49,46.698],[-64.418,46.582],[-64.199,46.555],[-64.21,46.396],[-63.902,46.351],[-63.759,46.267],[-63.523,46.13],[-63.221,46.081],[-63.023,46.13],[-63.144,46.043],[-63.034,45.997],[-62.897,45.936],[-62.573,45.917],[-62.413,45.986],[-62.364,46.108],[-62.347,46.218],[-62.188,46.305],[-61.913,46.411],[-61.902,46.491],[-62.232,46.525],[-62.611,46.502],[-63.04,46.476],[-63.358,46.551],[-63.814,46.691],[-63.957,46.815],[-63.902,46.935],[-63.962,47.089]]]}},{"type":"Feature","geometry":{"type":"Polygon","coordinates":[[[-61.529,47.669],[-61.782,47.526],[-61.993,47.404],[-61.988,47.337],[-62.056,47.242],[-62.023,47.197],[-61.837,47.201],[-61.647,47.27],[-61.655,47.309],[-61.779,47.296],[-61.856,47.259],[-61.905,47.315],[-61.817,47.367],[-61.743,47.382],[-61.639,47.508],[-61.51,47.53],[-61.353,47.602],[-61.364,47.651],[-61.529,47.669]]]}},{"type":"Feature","geometry":{"type":"Polygon","coordinates":[[[-89.959,74.074],[-90.025,74.067],[-90.184,74.063],[-90.261,74.046],[-90.273,74.035],[-90.235,74.011],[-90.155,74.005],[-90.016,73.998],[-90.032,73.988],[-90.008,73.982],[-89.89,74.021],[-89.879,74.048],[-89.92,74.062],[-89.959,74.074]]]}},{"type":"Feature","geometry":{"type":"Polygon","coordinates":[[[-99.304,80.2],[-99.408,80.181],[-99.397,80.167],[-99.333,80.149],[-99.235,80.154],[-99.263,80.17],[-99.226,80.177],[-99.139,80.17],[-99.057,80.174],[-99.054,80.18],[-99.158,80.197],[-99.304,80.2]]]}},{"type":"Feature","geometry":{"type":"Polygon","coordinates":[[[-83.283,69.803],[-83.286,69.802],[-83.29,69.802],[-83.32,69.798],[-83.326,69.784],[-83.245,69.763],[-83.094,69.745],[-83.028,69.745],[-83.003,69.758],[-82.94,69.763],[-82.995,69.778],[-83.077,69.776],[-83.226,69.792],[-83.283,69.803]]]}},{"type":"Feature","geometry":{"type":"Polygon","coordinates":[[[-91.218,62.709],[-91.273,62.695],[-91.279,62.68],[-91.251,62.672],[-91.203,62.669],[-91.136,62.651],[-91.038,62.643],[-90.932,62.643],[-90.927,62.658],[-90.987,62.669],[-91.008,62.686],[-91.055,62.692],[-91.112,62.706],[-91.218,62.709]]]}},{"type":"Feature","geometry":{"type":"Polygon","coordinates":[[[-72.442,62.086],[-72.458,62.077],[-72.447,62.052],[-72.486,62.036],[-72.473,62.023],[-72.414,62.007],[-72.331,61.992],[-72.23,61.977],[-72.157,61.965],[-72.14,61.98],[-72.162,62.008],[-72.271,62.019],[-72.326,62.035],[-72.348,62.065],[-72.442,62.086]]]}},{"type":"Feature","geometry":{"type":"Polygon","coordinates":[[[-64.677,60.705],[-64.766,60.689],[-64.78,60.674],[-64.811,60.635],[-64.836,60.609],[-64.807,60.587],[-64.817,60.565],[-64.782,60.553],[-64.708,60.567],[-64.635,60.595],[-64.656,60.553],[-64.608,60.538],[-64.501,60.553],[-64.495,60.58],[-64.534,60.602],[-64.606,60.605],[-64.568,60.636],[-64.549,60.67],[-64.569,60.698],[-64.677,60.705]]]}},{"type":"Feature","geometry":{"type":"Polygon","coordinates":[[[-130.82,54.65],[-130.849,54.649],[-130.855,54.641],[-130.873,54.633],[-130.888,54.638],[-130.914,54.642],[-130.945,54.633],[-130.952,54.613],[-130.965,54.599],[-130.976,54.567],[-131.001,54.529],[-130.986,54.49],[-130.995,54.476],[-130.999,54.466],[-131.01,54.452],[-130.989,54.435],[-130.967,54.439],[-130.931,54.461],[-130.89,54.485],[-130.853,54.497],[-130.898,54.449],[-130.925,54.429],[-130.958,54.42],[-130.948,54.402],[-130.917,54.396],[-130.897,54.409],[-130.871,54.422],[-130.853,54.401],[-130.853,54.386],[-130.842,54.37],[-130.8,54.364],[-130.795,54.343],[-130.764,54.338],[-130.705,54.351],[-130.682,54.371],[-130.689,54.4],[-130.67,54.415],[-130.724,54.459],[-130.719,54.475],[-130.741,54.498],[-130.733,54.513],[-130.746,54.53],[-130.774,54.525],[-130.792,54.51],[-130.811,54.503],[-130.812,54.528],[-130.765,54.546],[-130.745,54.575],[-130.743,54.621],[-130.758,54.632],[-130.781,54.633],[-130.809,54.622],[-130.827,54.627],[-130.809,54.632],[-130.798,54.644],[-130.82,54.65]]]}},{"type":"Feature","geometry":{"type":"Polygon","coordinates":[[[-132.99,54.28],[-133.135,54.201],[-133.132,54.096],[-133.176,53.977],[-133.259,53.921],[-133.193,53.78],[-133.099,53.692],[-133.061,53.545],[-132.852,53.436],[-132.77,53.39],[-132.756,53.298],[-132.701,53.234],[-132.652,53.122],[-132.437,52.975],[-132.333,52.831],[-131.965,52.586],[-131.586,52.32],[-131.339,52.133],[-131.163,52.046],[-131.012,51.902],[-130.943,52.027],[-130.954,52.135],[-131.031,52.288],[-131.196,52.406],[-131.278,52.491],[-131.306,52.536],[-131.364,52.611],[-131.454,52.755],[-131.454,52.859],[-131.539,52.911],[-131.561,53.005],[-131.748,53.29],[-131.861,53.382],[-131.866,53.601],[-131.633,53.996],[-131.616,54.236],[-131.767,54.116],[-132.179,54.072],[-132.421,54.137],[-132.561,54.159],[-132.8,54.164],[-132.913,54.249],[-132.99,54.28]]]}},{"type":"Feature","geometry":{"type":"Polygon","coordinates":[[[-55.525,51.673],[-55.901,51.664],[-56.783,51.313],[-57.176,51.022],[-57.351,50.825],[-57.39,50.646],[-57.978,49.76],[-58.381,49.261],[-58.67,48.803],[-58.851,48.671],[-59.282,48.598],[-58.944,48.484],[-58.667,48.424],[-59.488,47.92],[-58.98,47.552],[-57.673,47.565],[-57.437,47.484],[-56.887,47.501],[-56.017,47.578],[-56.003,47.462],[-55.863,47.335],[-55.849,47.238],[-55.522,47.395],[-55.269,47.589],[-55.044,47.534],[-55.404,47.266],[-56,47.036],[-56.074,46.855],[-55.635,46.823],[-55.096,46.988],[-54.709,47.259],[-54.207,47.324],[-54.009,47.688],[-54.072,47.233],[-54.165,46.77],[-53.737,46.918],[-53.69,46.77],[-53.437,46.642],[-52.99,46.7],[-52.74,47.236],[-52.663,47.736],[-52.916,47.706],[-53.135,47.589],[-52.894,48.047],[-52.984,48.19],[-53.553,47.802],[-53.696,47.809],[-53.325,48.311],[-52.984,48.651],[-53.295,48.637],[-53.536,48.832],[-53.627,48.969],[-53.413,49.21],[-53.806,49.445],[-54.143,49.561],[-54.088,49.769],[-54.174,49.778],[-54.561,49.746],[-54.868,49.632],[-55.522,49.593],[-55.794,49.691],[-55.464,50.032],[-56.019,50.064],[-56.544,49.9],[-56.464,50.235],[-55.783,50.95],[-55.789,51.258],[-55.47,51.332],[-55.407,51.661],[-55.525,51.673]]]}},{"type":"Feature","geometry":{"type":"Polygon","coordinates":[[[-55.514,51.017],[-55.662,50.996],[-55.673,50.95],[-55.643,50.877],[-55.668,50.828],[-55.728,50.738],[-55.654,50.667],[-55.533,50.656],[-55.423,50.754],[-55.434,50.822],[-55.577,50.827],[-55.53,50.891],[-55.497,50.964],[-55.514,51.017]]]}},{"type":"Feature","geometry":{"type":"Polygon","coordinates":[[[-25.094,17.21],[-25.142,17.182],[-25.188,17.165],[-25.23,17.145],[-25.271,17.12],[-25.341,17.096],[-25.341,17.087],[-25.344,17.079],[-25.354,17.071],[-25.362,17.055],[-25.35,17.024],[-25.331,17.018],[-25.319,16.985],[-25.32,16.969],[-25.313,16.949],[-25.322,16.935],[-25.319,16.926],[-25.309,16.912],[-25.29,16.906],[-25.279,16.914],[-25.27,16.918],[-25.246,16.919],[-25.23,16.911],[-25.208,16.907],[-25.198,16.913],[-25.181,16.917],[-25.156,16.945],[-25.139,16.958],[-25.13,16.967],[-25.123,16.973],[-25.106,16.994],[-25.089,17.007],[-25.063,17.016],[-25.055,17.016],[-25.039,17.025],[-24.985,17.054],[-24.975,17.07],[-24.962,17.094],[-24.965,17.115],[-24.983,17.118],[-24.992,17.122],[-25.011,17.145],[-25.013,17.169],[-25.027,17.179],[-25.036,17.18],[-25.078,17.194],[-25.094,17.21],[-25.094,17.21]]]}},{"type":"Feature","geometry":{"type":"Polygon","coordinates":[[[-24.342,16.683],[-24.359,16.671],[-24.381,16.672],[-24.398,16.66],[-24.42,16.656],[-24.427,16.632],[-24.42,16.609],[-24.387,16.581],[-24.361,16.569],[-24.352,16.549],[-24.33,16.506],[-24.328,16.49],[-24.323,16.483],[-24.315,16.482],[-24.307,16.493],[-24.302,16.509],[-24.29,16.531],[-24.285,16.542],[-24.282,16.554],[-24.276,16.564],[-24.264,16.575],[-24.255,16.58],[-24.241,16.587],[-24.228,16.592],[-24.207,16.592],[-24.193,16.59],[-24.179,16.589],[-24.16,16.58],[-24.146,16.575],[-24.132,16.57],[-24.121,16.56],[-24.112,16.553],[-24.102,16.553],[-24.092,16.552],[-24.084,16.552],[-24.062,16.551],[-24.049,16.553],[-24.038,16.553],[-24.035,16.55],[-24.024,16.548],[-24.015,16.556],[-24.007,16.569],[-24.013,16.577],[-24.022,16.587],[-24.035,16.584],[-24.041,16.597],[-24.056,16.608],[-24.101,16.616],[-24.129,16.622],[-24.145,16.614],[-24.171,16.625],[-24.192,16.638],[-24.211,16.647],[-24.234,16.643],[-24.26,16.641],[-24.277,16.632],[-24.297,16.647],[-24.31,16.664],[-24.333,16.68],[-24.342,16.683]]]}},{"type":"Feature","geometry":{"type":"Polygon","coordinates":[[[-22.906,16.237],[-22.919,16.232],[-22.925,16.226],[-22.92,16.219],[-22.924,16.208],[-22.917,16.203],[-22.92,16.197],[-22.925,16.187],[-22.934,16.181],[-22.94,16.174],[-22.927,16.162],[-22.913,16.162],[-22.908,16.145],[-22.912,16.138],[-22.909,16.127],[-22.926,16.108],[-22.936,16.103],[-22.947,16.1],[-22.961,16.084],[-22.958,16.076],[-22.961,16.072],[-22.964,16.053],[-22.971,16.045],[-22.952,16.011],[-22.9,15.994],[-22.878,15.971],[-22.817,15.972],[-22.797,15.963],[-22.787,15.967],[-22.786,15.984],[-22.763,15.998],[-22.712,16.024],[-22.676,16.05],[-22.662,16.085],[-22.673,16.124],[-22.665,16.124],[-22.671,16.145],[-22.691,16.166],[-22.701,16.183],[-22.695,16.197],[-22.708,16.207],[-22.77,16.225],[-22.783,16.231],[-22.798,16.23],[-22.805,16.214],[-22.825,16.209],[-22.856,16.207],[-22.884,16.21],[-22.906,16.237]]]}},{"type":"Feature","geometry":{"type":"Polygon","coordinates":[[[-23.739,15.344],[-23.763,15.337],[-23.776,15.313],[-23.781,15.293],[-23.77,15.284],[-23.765,15.259],[-23.752,15.25],[-23.754,15.235],[-23.764,15.223],[-23.774,15.176],[-23.774,15.135],[-23.783,15.087],[-23.789,15.067],[-23.777,15.06],[-23.757,15.024],[-23.744,15.028],[-23.723,15.009],[-23.735,14.989],[-23.686,14.938],[-23.659,14.93],[-23.641,14.912],[-23.621,14.906],[-23.599,14.907],[-23.544,14.9],[-23.509,14.897],[-23.473,14.906],[-23.472,14.919],[-23.454,14.943],[-23.45,14.962],[-23.441,14.979],[-23.425,14.98],[-23.422,15.002],[-23.43,15.026],[-23.449,15.052],[-23.482,15.087],[-23.492,15.121],[-23.507,15.132],[-23.521,15.152],[-23.545,15.158],[-23.557,15.168],[-23.6,15.219],[-23.622,15.237],[-23.643,15.251],[-23.676,15.266],[-23.684,15.287],[-23.681,15.313],[-23.688,15.331],[-23.739,15.344]]]}},{"type":"Feature","geometry":{"type":"Polygon","coordinates":[[[22.519,11.014],[21.705,10.54],[21.121,9.832],[20.58,9.308],[19.984,9.08],[19.46,9.015],[18.951,8.96],[18.976,8.489],[17.692,7.982],[17.384,7.858],[17.04,7.655],[16.662,7.741],[16.219,7.603],[15.16,7.06],[14.431,6.061],[14.685,4.93],[16.073,2.708],[16.528,3.281],[17.043,3.544],[17.572,3.649],[17.938,3.577],[18.419,3.6],[18.583,3.759],[18.625,4.357],[19.019,4.769],[19.559,5.15],[20.172,4.892],[20.527,4.455],[21.197,4.303],[21.749,4.302],[22.352,4.121],[22.592,4.476],[22.886,4.745],[23.259,4.674],[23.705,4.782],[24.088,4.904],[24.395,5.043],[24.512,5.083],[24.713,4.913],[24.868,4.955],[25.079,4.962],[25.223,5.01],[25.36,5.299],[25.48,5.364],[25.605,5.338],[25.729,5.27],[25.813,5.215],[25.917,5.202],[25.965,5.236],[26.019,5.212],[26.064,5.206],[26.101,5.247],[26.157,5.255],[26.193,5.228],[26.211,5.217],[26.251,5.192],[26.381,5.151],[26.456,5.075],[26.55,5.062],[26.708,5.096],[26.889,5.077],[27.337,5.116],[27.285,5.57],[26.568,6.135],[26.04,6.948],[25.24,7.475],[24.616,8.22],[23.99,8.699],[23.45,9.019],[22.779,10.969],[22.519,11.014]]]}},{"type":"Feature","geometry":{"type":"Polygon","coordinates":[[[16,23.451],[15.997,20.348],[13.916,15.08],[13.469,14.456],[14.566,12.891],[14.617,12.773],[14.705,12.669],[14.828,12.636],[14.873,12.435],[14.893,12.206],[15.062,12.062],[15.055,11.919],[15.081,11.766],[15.097,11.613],[15.067,11.366],[15.094,11.168],[15.049,11.027],[15.068,10.822],[15.248,10.44],[15.418,10.208],[15.592,10.048],[15.181,9.986],[14.208,10.001],[14.183,9.442],[14.492,9.057],[15.112,8.652],[15.564,7.594],[16.059,7.584],[16.419,7.75],[16.552,7.862],[16.684,7.639],[16.89,7.553],[17.037,7.639],[17.166,7.718],[17.321,7.825],[17.43,7.878],[17.537,7.891],[17.71,7.978],[18.663,8.203],[18.918,8.421],[19.07,8.639],[18.902,8.855],[19.016,8.971],[19.221,9.038],[19.45,9.014],[19.56,9.037],[19.88,9.055],[20.09,9.131],[20.352,9.117],[20.668,9.3],[20.897,9.524],[21.047,9.763],[21.323,9.967],[21.688,10.287],[21.717,10.64],[22.007,10.89],[22.519,11.014],[22.879,10.94],[22.646,11.507],[22.478,12.035],[22.117,12.647],[21.911,12.99],[22.24,13.279],[22.084,13.779],[22.569,14.167],[22.385,14.522],[22.808,15.03],[23,15.234],[23.03,15.612],[23.741,15.762],[16,23.451]]]}},{"type":"Feature","geometry":{"type":"Polygon","coordinates":[[[-73.983,-41.753],[-74.081,-41.821],[-74.033,-41.897],[-74.071,-41.957],[-74.074,-42.049],[-74.112,-42.163],[-74.192,-42.25],[-74.177,-42.352],[-74.214,-42.52],[-74.158,-42.604],[-74.184,-42.731],[-74.181,-42.86],[-74.235,-42.948],[-74.29,-43.022],[-74.371,-43.123],[-74.402,-43.282],[-74.343,-43.367],[-74.228,-43.487],[-74.067,-43.43],[-73.905,-43.451],[-73.637,-43.381],[-73.523,-43.243],[-73.423,-43.095],[-73.478,-43.011],[-73.299,-43.021],[-73.382,-42.954],[-73.42,-42.891],[-73.441,-42.792],[-73.508,-42.703],[-73.396,-42.65],[-73.196,-42.646],[-73.212,-42.543],[-73.246,-42.433],[-73.345,-42.34],[-73.339,-42.286],[-73.334,-42.226],[-73.333,-42.166],[-73.407,-42.094],[-73.424,-42.05],[-73.496,-41.961],[-73.506,-41.933],[-73.462,-41.91],[-73.514,-41.875],[-73.468,-41.828],[-73.531,-41.793],[-73.669,-41.785],[-73.824,-41.83],[-73.898,-41.761],[-73.983,-41.753]]]}},{"type":"Feature","geometry":{"type":"Polygon","coordinates":[[[-74.736,-43.504],[-74.746,-43.505],[-74.752,-43.517],[-74.754,-43.541],[-74.759,-43.555],[-74.779,-43.563],[-74.798,-43.562],[-74.828,-43.556],[-74.848,-43.545],[-74.848,-43.557],[-74.844,-43.572],[-74.835,-43.593],[-74.827,-43.613],[-74.81,-43.638],[-74.805,-43.656],[-74.787,-43.679],[-74.76,-43.682],[-74.726,-43.673],[-74.702,-43.655],[-74.656,-43.648],[-74.602,-43.646],[-74.543,-43.634],[-74.553,-43.621],[-74.561,-43.602],[-74.588,-43.581],[-74.619,-43.559],[-74.662,-43.539],[-74.713,-43.527],[-74.736,-43.504]]]}},{"type":"Feature","geometry":{"type":"Polygon","coordinates":[[[-69.469,-17.499],[-70.241,-20.543],[-70.722,-26.436],[-71.466,-29.979],[-71.867,-33.87],[-73.187,-36.71],[-73.218,-39.379],[-73.68,-40.065],[-73.956,-40.998],[-73.419,-41.841],[-73.518,-43.97],[-74.751,-45.526],[-74.399,-47.24],[-75.482,-48.002],[-75.616,-49.245],[-74.743,-50.136],[-75.1,-51.959],[-72.77,-53.455],[-70.543,-52.765],[-70.001,-52],[-72.328,-51.205],[-73.202,-50.815],[-73.617,-49.788],[-72.346,-48.391],[-72.474,-47.863],[-72.242,-47.407],[-71.929,-46.995],[-71.915,-46.139],[-71.768,-45.645],[-71.467,-45.384],[-71.874,-44.965],[-71.672,-44.789],[-71.18,-44.439],[-71.845,-44.158],[-71.752,-43.588],[-71.937,-43.1],[-72.076,-42.39],[-71.739,-42.086],[-71.837,-41.545],[-71.879,-40.993],[-71.66,-40.364],[-71.64,-39.856],[-71.522,-39.504],[-71.145,-38.796],[-71.154,-37.812],[-71.228,-36.978],[-70.895,-36.47],[-70.383,-36],[-70.58,-35.266],[-69.785,-34.245],[-70.002,-33.324],[-70.231,-32.395],[-70.479,-31.688],[-70.323,-30.932],[-69.879,-30.26],[-69.939,-29.653],[-69.706,-28.635],[-69.086,-27.741],[-68.482,-27.053],[-68.524,-25.253],[-68.305,-24.493],[-67.878,-22.67],[-67.887,-22.44],[-67.957,-22.165],[-68.549,-20.884],[-68.718,-20.207],[-68.623,-19.699],[-68.986,-18.698],[-69.258,-17.957],[-69.469,-17.499]]]}},{"type":"Feature","geometry":{"type":"Polygon","coordinates":[[[123.313,53.563],[120.685,52.293],[119.202,50.416],[118.397,48.016],[117.441,46.531],[111.769,44.009],[100.311,42.684],[90.851,45.892],[87.97,48.767],[85.193,47.008],[80.381,45.037],[79.225,41.741],[74.597,40.28],[75.157,37.412],[76.16,35.822],[78.258,34.66],[79.294,32.727],[78.788,31.559],[80.316,30.563],[82.12,30.311],[83.573,29.205],[85.159,28.647],[86.447,27.906],[88.458,28.014],[89.686,28.18],[91.162,28.002],[92.782,28.183],[94.912,29.157],[96.625,28.732],[97.655,28.542],[98.718,27.223],[98.152,25.432],[97.727,23.897],[98.804,23.54],[99.52,22.101],[101.121,21.777],[101.79,21.638],[101.952,22.44],[103.534,22.592],[105.152,23.265],[106.515,22.947],[106.691,22.114],[108.712,21.569],[110.553,20.952],[113.577,22.07],[114.939,22.592],[117.65,23.761],[119.876,25.43],[120.361,26.899],[121.432,28.017],[122.027,29.69],[121.571,30.206],[119.233,34.858],[121.461,36.711],[121.054,37.752],[117.964,38.393],[121.212,40.824],[121.626,38.814],[124.292,39.966],[125.999,40.929],[127.045,41.685],[128.087,41.392],[129.22,42.205],[129.865,42.917],[130.591,42.475],[131.207,44.914],[134.058,46.977],[131.245,47.728],[127.82,49.577],[126.249,52.476],[123.313,53.563]]]}},{"type":"Feature","geometry":{"type":"Polygon","coordinates":[[[110.695,20.203],[110.55,20.12],[110.511,20.061],[110.358,20.123],[110.212,20.11],[110.121,20.092],[110.042,20.015],[109.968,20.028],[109.828,20.03],[109.679,20.056],[109.542,20.012],[109.443,19.917],[109.361,19.95],[109.226,19.94],[109.113,19.813],[109.138,19.702],[108.99,19.619],[108.842,19.487],[108.652,19.402],[108.592,19.347],[108.586,19.2],[108.531,19.163],[108.608,18.976],[108.561,18.849],[108.614,18.787],[108.638,18.67],[108.608,18.495],[108.726,18.446],[108.951,18.326],[109.059,18.321],[109.091,18.266],[109.286,18.206],[109.457,18.162],[109.597,18.112],[109.701,18.133],[109.764,18.237],[109.825,18.328],[109.935,18.349],[110.039,18.341],[110.127,18.459],[110.229,18.584],[110.399,18.625],[110.514,18.631],[110.525,18.716],[110.619,18.795],[110.569,18.93],[110.608,19.002],[110.627,19.106],[110.704,19.27],[110.731,19.342],[110.792,19.371],[110.827,19.461],[111.006,19.57],[111.069,19.614],[111.036,19.891],[110.97,20.051],[110.858,20.033],[110.756,20.092],[110.695,20.203]]]}},{"type":"Feature","geometry":{"type":"Polygon","coordinates":[[[121.525,25.312],[121.422,25.235],[121.278,25.149],[121.062,25.072],[120.892,24.853],[120.828,24.717],[120.69,24.632],[120.542,24.392],[120.429,24.187],[120.335,24.048],[120.258,23.9],[120.153,23.809],[120.137,23.695],[120.111,23.556],[120.103,23.482],[120.1,23.352],[120.035,23.167],[120.02,23.046],[120.152,22.927],[120.233,22.718],[120.232,22.634],[120.435,22.431],[120.602,22.283],[120.685,22.111],[120.692,21.926],[120.785,21.924],[120.885,21.886],[120.911,22.018],[120.916,22.175],[120.954,22.4],[121.03,22.558],[121.065,22.663],[121.222,22.791],[121.256,22.861],[121.389,23.071],[121.435,23.162],[121.484,23.299],[121.547,23.559],[121.602,23.76],[121.652,23.969],[121.647,24.082],[121.687,24.183],[121.796,24.293],[121.808,24.391],[121.875,24.472],[121.889,24.516],[121.9,24.605],[121.851,24.726],[121.853,24.848],[121.939,24.952],[122.035,25.001],[121.956,25.045],[121.95,25.138],[121.847,25.153],[121.799,25.196],[121.753,25.179],[121.713,25.227],[121.646,25.278],[121.525,25.312],[121.525,25.312]]]}},{"type":"Feature","geometry":{"type":"Polygon","coordinates":[[[122.536,39.32],[122.47,39.306],[122.528,39.265],[122.58,39.238],[122.418,39.284],[122.389,39.271],[122.412,39.244],[122.329,39.224],[122.267,39.201],[122.294,39.181],[122.271,39.156],[122.301,39.13],[122.41,39.149],[122.447,39.168],[122.421,39.197],[122.503,39.209],[122.558,39.219],[122.555,39.197],[122.592,39.184],[122.653,39.212],[122.662,39.185],[122.723,39.202],[122.819,39.207],[122.831,39.229],[122.785,39.264],[122.702,39.262],[122.709,39.28],[122.665,39.291],[122.595,39.31],[122.536,39.32]]]}},{"type":"Feature","geometry":{"type":"Polygon","coordinates":[[[-71.684,12.466],[-74.07,11.356],[-75.435,10.663],[-75.666,9.689],[-76.439,8.863],[-76.891,8.025],[-77.065,8.324],[-77.314,8.597],[-77.447,8.522],[-77.22,8.037],[-77.386,7.78],[-77.699,7.51],[-77.412,6.603],[-77.429,5.416],[-77.216,3.638],[-78.758,1.836],[-78.518,1.211],[-78.11,0.934],[-77.301,0.372],[-76.934,0.274],[-76.499,0.236],[-76.115,0.317],[-75.677,0.038],[-75.214,-0.047],[-74.752,-0.25],[-74.472,-0.481],[-74.271,-0.842],[-73.933,-1.132],[-73.57,-1.326],[-73.511,-1.721],[-73.224,-1.748],[-73.117,-2.13],[-72.955,-2.356],[-72.645,-2.403],[-72.241,-2.431],[-71.877,-2.306],[-71.36,-2.383],[-70.952,-2.243],[-70.41,-2.53],[-70.7,-3.792],[-70.231,-3.908],[-69.431,-1.072],[-69.828,-0.371],[-69.608,0.612],[-69.166,0.854],[-69.767,1.105],[-68.244,1.921],[-67.401,2.228],[-67.098,1.244],[-67.35,2.527],[-67.383,3.295],[-67.79,4.214],[-67.599,5.546],[-68.498,6.176],[-70.121,6.979],[-70.536,7.054],[-70.908,7.041],[-71.213,7.018],[-71.617,7.042],[-72.18,7.353],[-72.456,7.581],[-72.447,7.859],[-72.429,7.988],[-72.363,8.131],[-72.388,8.346],[-72.882,9.133],[-73.331,9.213],[-72.996,9.88],[-72.79,10.586],[-71.361,11.825],[-71.684,12.466]]]}},{"type":"Feature","geometry":{"type":"Polygon","coordinates":[[[43.366,-11.358],[43.345,-11.361],[43.311,-11.372],[43.29,-11.38],[43.276,-11.393],[43.257,-11.444],[43.273,-11.504],[43.261,-11.532],[43.262,-11.568],[43.253,-11.598],[43.259,-11.668],[43.251,-11.679],[43.244,-11.697],[43.222,-11.73],[43.237,-11.777],[43.258,-11.799],[43.266,-11.833],[43.308,-11.864],[43.355,-11.862],[43.375,-11.87],[43.441,-11.94],[43.464,-11.943],[43.502,-11.931],[43.505,-11.913],[43.522,-11.902],[43.522,-11.888],[43.496,-11.858],[43.469,-11.799],[43.455,-11.722],[43.414,-11.655],[43.404,-11.609],[43.417,-11.527],[43.41,-11.489],[43.426,-11.437],[43.407,-11.374],[43.366,-11.358]]]}},{"type":"Feature","geometry":{"type":"Polygon","coordinates":[[[43.612,-12.247],[43.606,-12.293],[43.634,-12.341],[43.634,-12.404],[43.647,-12.426],[43.735,-12.427],[43.754,-12.403],[43.812,-12.396],[43.885,-12.399],[43.933,-12.368],[43.846,-12.333],[43.798,-12.298],[43.745,-12.269],[43.686,-12.247],[43.612,-12.247]]]}},{"type":"Feature","geometry":{"type":"Polygon","coordinates":[[[44.482,-12.059],[44.452,-12.065],[44.405,-12.088],[44.414,-12.11],[44.405,-12.135],[44.379,-12.159],[44.324,-12.175],[44.247,-12.156],[44.184,-12.152],[44.191,-12.183],[44.286,-12.245],[44.359,-12.251],[44.394,-12.278],[44.418,-12.312],[44.456,-12.328],[44.477,-12.361],[44.489,-12.392],[44.526,-12.396],[44.548,-12.367],[44.54,-12.305],[44.55,-12.264],[44.532,-12.191],[44.504,-12.123],[44.501,-12.097],[44.482,-12.059]]]}},{"type":"Feature","geometry":{"type":"Polygon","coordinates":[[[17.479,3.711],[17.259,3.621],[16.955,3.555],[16.764,3.551],[16.508,3.21],[16.191,2.224],[16.078,1.939],[16.019,1.707],[15.489,1.974],[15.102,1.977],[14.86,2.112],[14.696,2.112],[14.468,2.124],[13.287,2.04],[13.196,1.796],[13.158,1.527],[13.254,1.355],[13.278,1.23],[13.601,1.318],[13.884,1.431],[14.344,1.145],[14.354,0.675],[13.92,0.052],[14.15,-0.283],[14.504,-0.59],[14.48,-1.206],[14.436,-1.575],[14.429,-1.902],[14.174,-2.245],[14.078,-2.479],[13.933,-2.35],[13.626,-2.316],[13.153,-2.374],[12.949,-2.194],[12.818,-1.904],[12.441,-1.889],[12.487,-2.423],[11.687,-2.393],[11.562,-2.869],[11.973,-3.328],[11.928,-3.671],[11.473,-3.517],[11.178,-3.91],[12.2,-4.783],[12.66,-4.483],[12.892,-4.457],[13.374,-4.806],[13.59,-4.804],[13.712,-4.634],[13.858,-4.492],[14.253,-4.364],[14.384,-4.534],[14.48,-4.85],[15.128,-4.435],[15.675,-3.993],[16.169,-3.121],[16.604,-1.74],[17.717,-0.453],[17.846,0.915],[18.221,2.411],[18.633,3.473],[18.467,3.63],[18.281,3.583],[18.055,3.566],[17.871,3.542],[17.735,3.635],[17.539,3.681],[17.479,3.711]]]}},{"type":"Feature","geometry":{"type":"Polygon","coordinates":[[[-85.61,11.219],[-85.722,10.971],[-85.894,10.951],[-85.961,10.864],[-85.791,10.803],[-85.682,10.675],[-85.799,10.533],[-85.844,10.395],[-85.812,10.126],[-85.567,9.866],[-85.167,9.572],[-84.648,9.612],[-84.148,9.366],[-83.741,9.144],[-83.601,8.85],[-83.653,8.739],[-83.734,8.637],[-83.541,8.439],[-83.276,8.449],[-83.383,8.593],[-83.406,8.715],[-83.286,8.653],[-83.153,8.543],[-83.043,8.294],[-82.906,8.082],[-82.891,8.052],[-82.906,8.146],[-82.939,8.252],[-82.989,8.273],[-83.05,8.337],[-82.928,8.434],[-82.833,8.593],[-82.864,8.678],[-82.919,8.751],[-82.869,8.804],[-82.812,8.872],[-82.737,8.966],[-82.849,9.044],[-82.844,9.499],[-82.868,9.545],[-82.84,9.61],[-82.751,9.581],[-82.721,9.548],[-82.686,9.506],[-82.613,9.499],[-82.574,9.554],[-82.588,9.599],[-82.72,9.652],[-82.833,9.742],[-83.109,10.024],[-83.667,10.932],[-83.677,10.915],[-83.675,10.855],[-83.754,10.776],[-83.933,10.711],[-84.023,10.793],[-84.085,10.761],[-84.207,10.792],[-84.221,10.827],[-84.283,10.893],[-84.341,10.975],[-84.564,11.033],[-85.357,11.126],[-85.61,11.219]]]}},{"type":"Feature","geometry":{"type":"Polygon","coordinates":[[[16.368,46.555],[16.301,46.511],[15.965,46.3],[15.69,46.064],[15.708,45.929],[15.685,45.908],[15.69,45.88],[15.697,45.849],[15.262,45.721],[15.303,45.695],[15.352,45.686],[15.086,45.482],[14.506,45.608],[13.811,45.461],[13.564,45.299],[13.611,45.05],[13.802,44.882],[13.992,44.843],[14.221,45.129],[14.571,45.249],[14.875,44.724],[15.304,44.322],[15.178,44.253],[15.396,43.973],[15.742,43.73],[15.94,43.509],[16.389,43.494],[16.876,43.392],[17.493,42.933],[17.011,43.012],[17.746,42.782],[18.113,42.62],[18.477,42.459],[18.27,42.61],[18.087,42.716],[17.857,42.895],[17.581,42.939],[17.439,43.2],[17.172,43.494],[16.839,43.721],[16.591,43.938],[16.371,44.082],[16.173,44.404],[15.796,44.742],[15.973,45.221],[16.39,45.114],[16.855,45.206],[16.933,45.276],[17.01,45.216],[17.461,45.13],[18.078,45.105],[18.627,45.095],[18.752,44.935],[19.089,45.141],[19.005,45.493],[18.905,45.713],[18.89,45.859],[18.622,45.843],[17.426,45.926],[17.259,46.045],[17.184,46.132],[16.918,46.262],[16.771,46.386],[16.576,46.472],[16.471,46.512],[16.437,46.529],[16.404,46.539],[16.368,46.555],[16.368,46.555]]]}},{"type":"Feature","geometry":{"type":"Polygon","coordinates":[[[17.358,42.813],[17.317,42.797],[17.31,42.786],[17.358,42.757],[17.429,42.744],[17.454,42.742],[17.562,42.717],[17.634,42.714],[17.681,42.69],[17.759,42.683],[17.761,42.706],[17.661,42.742],[17.536,42.769],[17.358,42.813]]]}},{"type":"Feature","geometry":{"type":"Polygon","coordinates":[[[16.676,42.999],[16.603,42.989],[16.602,42.988],[16.603,42.98],[16.623,42.978],[16.641,42.973],[16.657,42.967],[16.669,42.966],[16.672,42.958],[16.656,42.958],[16.653,42.949],[16.634,42.939],[16.631,42.931],[16.635,42.92],[16.667,42.911],[16.694,42.896],[16.704,42.895],[16.708,42.905],[16.681,42.919],[16.713,42.911],[16.727,42.905],[16.76,42.897],[16.789,42.89],[16.821,42.89],[16.826,42.897],[16.842,42.899],[16.858,42.892],[16.878,42.892],[16.91,42.898],[16.945,42.907],[16.969,42.923],[17.026,42.92],[17.106,42.904],[17.186,42.909],[17.207,42.914],[17.205,42.922],[17.193,42.927],[17.192,42.933],[17.207,42.933],[17.214,42.941],[17.188,42.945],[17.179,42.939],[17.175,42.949],[17.181,42.962],[17.185,42.952],[17.21,42.955],[17.218,42.962],[17.211,42.968],[17.186,42.965],[17.145,42.966],[17.115,42.969],[17.056,42.976],[17.058,42.982],[17.045,42.985],[16.975,42.98],[16.901,42.976],[16.871,42.966],[16.817,42.969],[16.737,42.992],[16.676,42.999]]]}},{"type":"Feature","geometry":{"type":"Polygon","coordinates":[[[16.559,43.239],[16.543,43.238],[16.54,43.229],[16.536,43.234],[16.523,43.233],[16.515,43.225],[16.535,43.21],[16.55,43.21],[16.559,43.198],[16.577,43.186],[16.564,43.184],[16.519,43.209],[16.499,43.216],[16.458,43.214],[16.415,43.206],[16.365,43.204],[16.359,43.193],[16.393,43.18],[16.392,43.172],[16.355,43.179],[16.312,43.182],[16.302,43.171],[16.315,43.164],[16.342,43.154],[16.378,43.142],[16.394,43.147],[16.434,43.147],[16.486,43.155],[16.521,43.139],[16.551,43.135],[16.598,43.13],[16.657,43.116],[16.75,43.125],[16.882,43.11],[16.983,43.111],[17.178,43.115],[17.204,43.125],[17.196,43.134],[17.156,43.143],[17.124,43.142],[17.069,43.142],[16.985,43.155],[16.9,43.161],[16.873,43.166],[16.825,43.167],[16.755,43.17],[16.729,43.167],[16.712,43.18],[16.708,43.191],[16.688,43.199],[16.681,43.212],[16.661,43.221],[16.603,43.228],[16.584,43.222],[16.578,43.238],[16.57,43.238],[16.559,43.239]]]}},{"type":"Feature","geometry":{"type":"Polygon","coordinates":[[[16.21,43.42],[16.184,43.416],[16.163,43.409],[16.174,43.39],[16.2,43.378],[16.246,43.372],[16.29,43.353],[16.346,43.332],[16.4,43.319],[16.442,43.298],[16.48,43.281],[16.542,43.264],[16.666,43.253],[16.791,43.256],[16.885,43.277],[16.906,43.316],[16.854,43.346],[16.782,43.363],[16.554,43.396],[16.509,43.39],[16.432,43.401],[16.423,43.397],[16.422,43.382],[16.437,43.368],[16.429,43.359],[16.422,43.338],[16.405,43.344],[16.388,43.353],[16.361,43.384],[16.322,43.403],[16.276,43.418],[16.21,43.42]]]}},{"type":"Feature","geometry":{"type":"Polygon","coordinates":[[[14.563,45.258],[14.552,45.254],[14.553,45.247],[14.543,45.24],[14.537,45.232],[14.547,45.214],[14.526,45.227],[14.531,45.213],[14.535,45.204],[14.53,45.188],[14.54,45.168],[14.529,45.155],[14.519,45.151],[14.523,45.129],[14.505,45.119],[14.492,45.128],[14.466,45.125],[14.468,45.108],[14.454,45.1],[14.43,45.095],[14.43,45.07],[14.469,45.038],[14.494,45.023],[14.514,45.021],[14.536,45.013],[14.559,45.01],[14.577,45.024],[14.619,45.011],[14.622,44.99],[14.613,44.981],[14.66,44.963],[14.684,44.956],[14.697,44.945],[14.726,44.934],[14.756,44.936],[14.763,44.948],[14.755,44.969],[14.772,44.967],[14.809,44.961],[14.816,44.971],[14.824,44.979],[14.804,44.999],[14.78,45.01],[14.744,45.039],[14.741,45.06],[14.72,45.073],[14.706,45.068],[14.668,45.093],[14.667,45.119],[14.684,45.134],[14.673,45.158],[14.666,45.149],[14.653,45.159],[14.636,45.164],[14.626,45.182],[14.617,45.192],[14.6,45.213],[14.602,45.223],[14.604,45.228],[14.591,45.241],[14.574,45.238],[14.57,45.245],[14.569,45.254],[14.563,45.258]]]}},{"type":"Feature","geometry":{"type":"Polygon","coordinates":[[[14.327,45.178],[14.296,45.155],[14.268,45.102],[14.299,45.065],[14.345,45.04],[14.341,45.01],[14.374,44.987],[14.376,44.952],[14.391,44.909],[14.354,44.919],[14.3,44.946],[14.296,44.916],[14.306,44.903],[14.322,44.852],[14.346,44.806],[14.359,44.792],[14.372,44.748],[14.388,44.72],[14.368,44.704],[14.338,44.716],[14.341,44.661],[14.376,44.621],[14.364,44.592],[14.362,44.563],[14.393,44.552],[14.407,44.552],[14.421,44.557],[14.424,44.543],[14.442,44.527],[14.475,44.508],[14.508,44.482],[14.536,44.473],[14.527,44.457],[14.551,44.439],[14.57,44.44],[14.566,44.464],[14.547,44.483],[14.535,44.505],[14.51,44.526],[14.46,44.555],[14.425,44.601],[14.411,44.616],[14.399,44.631],[14.403,44.67],[14.422,44.665],[14.455,44.625],[14.496,44.599],[14.52,44.605],[14.551,44.629],[14.531,44.646],[14.519,44.66],[14.483,44.698],[14.477,44.732],[14.472,44.773],[14.474,44.788],[14.45,44.875],[14.465,44.914],[14.478,44.95],[14.474,44.982],[14.451,44.987],[14.405,45.013],[14.366,45.088],[14.361,45.116],[14.368,45.138],[14.371,45.158],[14.346,45.171],[14.327,45.178],[14.327,45.178]]]}},{"type":"Feature","geometry":{"type":"Polygon","coordinates":[[[14.74,44.709],[14.729,44.694],[14.755,44.66],[14.81,44.607],[14.829,44.588],[14.854,44.577],[14.858,44.565],[14.871,44.555],[14.874,44.544],[14.879,44.532],[14.896,44.524],[14.912,44.516],[14.92,44.5],[14.905,44.498],[14.898,44.5],[14.896,44.499],[14.909,44.48],[14.951,44.461],[14.965,44.459],[14.981,44.45],[15,44.437],[14.995,44.435],[15.001,44.435],[15.019,44.425],[15.036,44.404],[15.035,44.393],[15.055,44.389],[15.07,44.388],[15.081,44.396],[15.112,44.371],[15.089,44.369],[15.091,44.353],[15.104,44.345],[15.093,44.343],[15.107,44.318],[15.151,44.295],[15.177,44.288],[15.182,44.294],[15.16,44.306],[15.136,44.328],[15.183,44.315],[15.193,44.314],[15.216,44.304],[15.229,44.299],[15.239,44.295],[15.234,44.302],[15.225,44.311],[15.214,44.319],[15.237,44.315],[15.227,44.329],[15.2,44.35],[15.223,44.338],[15.246,44.327],[15.253,44.323],[15.257,44.322],[15.256,44.325],[15.26,44.328],[15.258,44.339],[15.238,44.36],[15.193,44.381],[15.153,44.413],[15.101,44.453],[15.088,44.474],[15.029,44.527],[14.972,44.56],[14.914,44.613],[14.869,44.615],[14.74,44.709],[14.74,44.709]]]}},{"type":"Feature","geometry":{"type":"Polygon","coordinates":[[[14.839,44.19],[14.858,44.162],[14.841,44.152],[14.839,44.168],[14.816,44.147],[14.878,44.12],[14.91,44.091],[15.001,44.037],[15.064,43.963],[15.12,43.911],[15.18,43.865],[15.207,43.861],[15.216,43.848],[15.237,43.841],[15.216,43.839],[15.246,43.806],[15.279,43.81],[15.294,43.797],[15.326,43.782],[15.307,43.773],[15.387,43.731],[15.43,43.713],[15.473,43.685],[15.522,43.676],[15.486,43.689],[15.523,43.684],[15.483,43.709],[15.489,43.727],[15.433,43.759],[15.358,43.8],[15.261,43.86],[15.281,43.857],[15.278,43.864],[15.241,43.882],[15.271,43.874],[15.31,43.85],[15.353,43.83],[15.38,43.814],[15.385,43.829],[15.371,43.829],[15.352,43.849],[15.347,43.861],[15.326,43.879],[15.307,43.884],[15.301,43.886],[15.261,43.9],[15.213,43.915],[15.15,43.956],[15.128,43.967],[15.109,43.987],[15.092,44.001],[15.078,43.998],[15.051,44.017],[15.032,44.045],[15.029,44.063],[14.993,44.096],[14.961,44.1],[14.957,44.11],[14.955,44.115],[14.929,44.132],[14.916,44.139],[14.873,44.17],[14.85,44.189],[14.839,44.19]]]}},{"type":"Feature","geometry":{"type":"Polygon","coordinates":[[[14.987,44.19],[14.987,44.181],[14.996,44.179],[15.003,44.172],[15.006,44.171],[15.016,44.168],[15.033,44.148],[15.057,44.139],[15.056,44.147],[15.063,44.148],[15.061,44.135],[15.077,44.121],[15.091,44.114],[15.109,44.103],[15.124,44.089],[15.184,44.042],[15.202,44.031],[15.208,44.034],[15.21,44.027],[15.222,44.032],[15.215,44.025],[15.223,44.021],[15.234,44.024],[15.234,44.015],[15.237,44.005],[15.259,44.003],[15.297,43.965],[15.332,43.939],[15.344,43.932],[15.35,43.927],[15.352,43.922],[15.363,43.908],[15.376,43.907],[15.388,43.904],[15.392,43.906],[15.405,43.899],[15.428,43.889],[15.441,43.893],[15.455,43.888],[15.458,43.898],[15.443,43.909],[15.426,43.923],[15.401,43.933],[15.387,43.951],[15.389,43.958],[15.36,43.978],[15.327,43.994],[15.274,44.018],[15.26,44.033],[15.228,44.06],[15.213,44.08],[15.187,44.094],[15.141,44.125],[15.085,44.153],[15.048,44.16],[15.015,44.171],[14.987,44.19]]]}},{"type":"Feature","geometry":{"type":"Polygon","coordinates":[[[-80.896,23.288],[-81.308,23.142],[-81.527,23.14],[-81.861,23.164],[-82.156,23.193],[-82.503,23.1],[-83.153,23],[-83.522,22.901],[-83.915,22.753],[-84.19,22.599],[-84.39,22.454],[-84.418,22.325],[-84.394,22.059],[-84.618,21.993],[-84.882,21.935],[-84.911,21.793],[-84.584,21.762],[-84.012,21.882],[-83.334,22.192],[-82.903,22.53],[-82.365,22.647],[-81.801,22.462],[-81.843,22.154],[-81.263,22.004],[-80.467,22.009],[-79.753,21.645],[-78.945,21.563],[-78.835,21.364],[-78.617,21.452],[-78.36,20.92],[-78.089,20.71],[-77.857,20.671],[-77.292,20.615],[-77.267,20.309],[-77.687,19.973],[-77.565,19.827],[-77.138,19.88],[-76.455,19.936],[-75.911,19.95],[-75.425,19.87],[-74.872,19.986],[-74.312,20.04],[-74.104,20.202],[-74.424,20.348],[-74.706,20.583],[-75.023,20.724],[-75.396,20.752],[-75.541,21.005],[-75.78,21.15],[-76.141,21.183],[-76.599,21.302],[-77.053,21.604],[-77.487,21.859],[-77.627,22.061],[-77.772,22.205],[-77.882,22.33],[-78.129,22.478],[-78.304,22.507],[-78.559,22.544],[-78.815,22.676],[-79.085,22.682],[-79.251,22.608],[-79.456,22.733],[-79.639,22.86],[-79.744,22.95],[-79.976,23.009],[-80.122,23.108],[-80.244,23.158],[-80.473,23.219],[-80.785,23.214],[-80.896,23.288]]]}},{"type":"Feature","geometry":{"type":"Polygon","coordinates":[[[-82.953,21.953],[-82.986,21.948],[-83.01,21.926],[-82.981,21.931],[-82.967,21.921],[-83.004,21.901],[-83.033,21.883],[-83.073,21.846],[-83.1,21.786],[-83.087,21.774],[-83.039,21.688],[-83.02,21.68],[-82.998,21.643],[-82.989,21.602],[-82.971,21.597],[-82.978,21.578],[-82.988,21.581],[-83.011,21.578],[-83.012,21.558],[-83.031,21.55],[-83.054,21.564],[-83.093,21.558],[-83.109,21.575],[-83.135,21.597],[-83.199,21.641],[-83.197,21.623],[-83.176,21.577],[-83.169,21.537],[-83.122,21.514],[-83.098,21.469],[-83.052,21.463],[-82.974,21.447],[-82.919,21.435],[-82.816,21.447],[-82.698,21.486],[-82.612,21.511],[-82.564,21.552],[-82.543,21.554],[-82.522,21.573],[-82.527,21.586],[-82.535,21.583],[-82.537,21.587],[-82.539,21.595],[-82.543,21.6],[-82.557,21.605],[-82.561,21.611],[-82.566,21.62],[-82.564,21.63],[-82.556,21.642],[-82.58,21.648],[-82.59,21.661],[-82.588,21.674],[-82.57,21.697],[-82.573,21.718],[-82.571,21.739],[-82.585,21.751],[-82.596,21.766],[-82.615,21.777],[-82.636,21.793],[-82.665,21.814],[-82.69,21.833],[-82.673,21.852],[-82.673,21.876],[-82.719,21.902],[-82.798,21.927],[-82.838,21.942],[-82.916,21.935],[-82.953,21.953]]]}},{"type":"Feature","geometry":{"type":"Polygon","coordinates":[[[34.618,35.715],[34.541,35.699],[34.504,35.685],[34.471,35.663],[34.409,35.643],[34.332,35.617],[34.291,35.586],[34.218,35.562],[34.117,35.51],[34.063,35.492],[33.852,35.423],[33.74,35.417],[33.644,35.367],[33.577,35.353],[33.49,35.342],[33.35,35.346],[33.261,35.355],[33.201,35.364],[33.113,35.37],[33.069,35.362],[33.004,35.374],[32.911,35.416],[32.926,35.338],[32.908,35.215],[32.826,35.151],[32.716,35.192],[32.624,35.202],[32.546,35.191],[32.465,35.073],[32.371,35.048],[32.271,35.112],[32.301,34.995],[32.314,34.922],[32.344,34.853],[32.39,34.756],[32.477,34.699],[32.554,34.692],[32.73,34.639],[32.863,34.661],[32.922,34.579],[32.978,34.562],[33.029,34.59],[33.035,34.655],[33.146,34.702],[33.293,34.712],[33.375,34.729],[33.492,34.769],[33.596,34.804],[33.64,34.883],[33.674,34.96],[33.764,34.972],[33.842,34.937],[33.916,34.964],[33.999,34.975],[34.1,34.946],[34.059,35.024],[33.986,35.086],[33.934,35.155],[33.912,35.227],[33.97,35.313],[34.075,35.325],[34.125,35.399],[34.288,35.475],[34.415,35.547],[34.442,35.593],[34.573,35.636],[34.596,35.686],[34.618,35.715]]]}},{"type":"Feature","geometry":{"type":"Polygon","coordinates":[[[14.312,51.055],[14.301,50.965],[14.312,50.889],[14.045,50.812],[13.859,50.741],[13.556,50.714],[13.359,50.619],[13.157,50.509],[12.949,50.402],[12.702,50.398],[12.4,50.321],[12.32,50.172],[12.118,50.315],[12.161,50.212],[12.249,50.095],[12.428,49.991],[12.5,49.856],[12.518,49.689],[12.594,49.539],[12.758,49.392],[13.006,49.307],[13.175,49.171],[13.409,49.005],[13.592,48.962],[13.765,48.834],[14.043,48.615],[14.604,48.626],[14.974,48.769],[15.318,48.982],[16.128,48.74],[16.773,48.722],[17.067,48.778],[17.355,48.824],[17.555,48.821],[17.781,48.924],[18.071,49.041],[18.155,49.219],[18.399,49.356],[18.582,49.507],[18.729,49.495],[18.842,49.515],[18.806,49.655],[18.57,49.875],[18.217,49.971],[18.044,50.006],[17.75,50.075],[17.737,50.201],[17.567,50.271],[17.356,50.308],[17.169,50.384],[16.911,50.447],[17.019,50.274],[16.869,50.198],[16.636,50.112],[16.468,50.283],[16.248,50.397],[16.236,50.466],[16.374,50.516],[16.38,50.636],[16.222,50.654],[16.09,50.653],[15.991,50.676],[15.791,50.752],[15.482,50.79],[15.292,50.955],[15.105,51.01],[14.989,50.922],[14.825,50.868],[14.643,50.929],[14.449,51.033],[14.312,51.055]]]}},{"type":"Feature","geometry":{"type":"Polygon","coordinates":[[[14.312,51.055],[14.301,50.965],[14.312,50.889],[14.045,50.812],[13.859,50.741],[13.556,50.714],[13.359,50.619],[13.157,50.509],[12.949,50.402],[12.702,50.398],[12.4,50.321],[12.32,50.172],[12.118,50.315],[12.161,50.212],[12.249,50.095],[12.428,49.991],[12.5,49.856],[12.518,49.689],[12.594,49.539],[12.758,49.392],[13.006,49.307],[13.175,49.171],[13.409,49.005],[13.592,48.962],[13.765,48.834],[14.043,48.615],[14.604,48.626],[14.974,48.769],[15.318,48.982],[16.128,48.74],[16.773,48.722],[17.067,48.778],[17.355,48.824],[17.555,48.821],[17.781,48.924],[18.071,49.041],[18.155,49.219],[18.399,49.356],[18.582,49.507],[18.729,49.495],[18.842,49.515],[18.806,49.655],[18.57,49.875],[18.217,49.971],[18.044,50.006],[17.75,50.075],[17.737,50.201],[17.567,50.271],[17.356,50.308],[17.169,50.384],[16.911,50.447],[17.019,50.274],[16.869,50.198],[16.636,50.112],[16.468,50.283],[16.248,50.397],[16.236,50.466],[16.374,50.516],[16.38,50.636],[16.222,50.654],[16.09,50.653],[15.991,50.676],[15.791,50.752],[15.482,50.79],[15.292,50.955],[15.105,51.01],[14.989,50.922],[14.825,50.868],[14.643,50.929],[14.449,51.033],[14.312,51.055]]]}},{"type":"Feature","geometry":{"type":"Polygon","coordinates":[[[25.532,5.391],[25.387,5.335],[25.205,5.016],[25.042,4.943],[24.773,4.893],[24.572,5.032],[24.397,5.035],[23.954,4.849],[23.428,4.652],[22.902,4.815],[22.593,4.427],[22.085,4.218],[21.514,4.264],[20.645,4.422],[20.15,4.894],[19.375,5.101],[18.822,4.555],[18.605,3.907],[18.078,1.93],[16.408,-1.985],[15.179,-4.389],[14.352,-4.315],[13.674,-4.709],[12.947,-4.723],[12.214,-5.752],[14.317,-5.874],[16.756,-6.521],[17.17,-7.424],[18.368,-8.023],[21.837,-7.367],[21.845,-9.147],[22.312,-10.594],[22.787,-11.102],[24.136,-10.996],[25.183,-11.238],[25.955,-11.873],[27.12,-11.592],[28.213,-12.408],[28.967,-13.378],[29.783,-12.151],[28.934,-12.18],[28.455,-11.296],[28.634,-10.288],[28.538,-9.327],[29.357,-4.065],[29.04,-2.744],[29.273,-1.641],[29.633,-0.791],[30.292,1.166],[30.867,2.918],[30.888,3.313],[30.472,3.835],[29.461,4.582],[27.952,4.572],[27.124,5.206],[26.785,5.074],[26.574,5.084],[26.456,5.079],[26.324,5.139],[26.221,5.21],[26.195,5.239],[26.161,5.257],[26.096,5.235],[26.045,5.225],[25.981,5.242],[25.913,5.207],[25.795,5.246],[25.652,5.328],[25.532,5.391]]]}},{"type":"Feature","geometry":{"type":"Polygon","coordinates":[[[10.662,57.761],[9.742,57.476],[8.751,57.108],[8.345,56.963],[8.111,56.475],[8.088,56.052],[8.056,55.574],[8.317,55.495],[8.287,55.559],[8.489,55.438],[8.63,55.267],[8.618,55.041],[8.657,54.91],[8.753,54.896],[8.859,54.897],[9.028,54.877],[9.242,54.844],[9.294,54.808],[9.374,54.821],[9.418,54.834],[9.495,54.85],[9.583,54.884],[9.644,54.849],[9.803,54.87],[10.108,54.869],[9.779,55.092],[9.581,55.127],[9.727,55.229],[9.874,55.218],[10.048,55.105],[10.188,55.021],[10.318,54.847],[10.613,54.811],[10.804,54.806],[10.957,55.173],[10.795,55.016],[10.727,55.027],[10.83,55.234],[10.801,55.371],[10.726,55.535],[10.582,55.598],[10.466,55.582],[10.204,55.616],[10.124,55.602],[9.866,55.557],[10.041,55.712],[10.14,55.836],[10.298,55.908],[10.263,56.103],[10.348,56.171],[10.58,56.123],[10.731,56.141],[10.94,56.399],[10.569,56.526],[10.294,56.922],[10.537,57.4],[10.448,57.619],[10.662,57.761]]]}},{"type":"Feature","geometry":{"type":"Polygon","coordinates":[[[10.567,56.015],[10.511,55.981],[10.508,55.966],[10.525,55.935],[10.565,55.926],[10.584,55.898],[10.568,55.878],[10.527,55.865],[10.51,55.843],[10.527,55.764],[10.618,55.755],[10.633,55.767],[10.657,55.794],[10.65,55.828],[10.667,55.84],[10.683,55.871],[10.707,55.888],[10.69,55.916],[10.708,55.922],[10.741,55.935],[10.762,55.925],[10.814,55.932],[10.78,55.951],[10.743,55.955],[10.72,55.941],[10.668,55.945],[10.631,55.935],[10.596,55.959],[10.567,56.015]]]}},{"type":"Feature","geometry":{"type":"Polygon","coordinates":[[[11.152,57.337],[11.097,57.326],[11.026,57.329],[11.002,57.311],[10.91,57.305],[10.898,57.296],[10.875,57.278],[10.85,57.268],[10.874,57.243],[10.9,57.224],[10.931,57.219],[10.954,57.206],[10.989,57.195],[11.045,57.203],[11.053,57.224],[11.09,57.237],[11.109,57.262],[11.101,57.285],[11.147,57.29],[11.149,57.276],[11.201,57.275],[11.216,57.301],[11.195,57.329],[11.152,57.337]]]}},{"type":"Feature","geometry":{"type":"Polygon","coordinates":[[[12.307,56.135],[12.018,56.045],[11.825,55.964],[11.895,55.894],[11.88,55.83],[11.764,55.817],[11.77,55.891],[11.79,55.988],[11.635,55.95],[11.464,55.972],[11.25,56.003],[11.499,55.929],[11.408,55.858],[11.352,55.793],[11.249,55.811],[11.115,55.763],[10.865,55.766],[10.96,55.715],[10.898,55.676],[11.077,55.621],[11.056,55.54],[11.157,55.457],[11.067,55.371],[11.216,55.281],[11.262,55.184],[11.592,55.174],[11.684,55.088],[11.677,55.052],[11.83,54.983],[11.672,54.951],[11.691,54.898],[11.615,54.879],[11.544,54.843],[11.431,54.877],[11.298,54.956],[11.091,54.96],[11.003,54.872],[10.942,54.808],[11.234,54.695],[11.453,54.594],[11.529,54.608],[11.707,54.638],[11.878,54.613],[11.987,54.56],[12.063,54.756],[12.158,54.871],[12.368,54.957],[12.56,54.956],[12.423,55.037],[12.293,55.065],[12.206,55.079],[12.189,55.096],[12.125,55.142],[12.158,55.2],[12.333,55.228],[12.465,55.301],[12.364,55.402],[12.207,55.447],[12.235,55.529],[12.411,55.599],[12.539,55.559],[12.69,55.579],[12.678,55.647],[12.658,55.706],[12.608,55.757],[12.535,55.913],[12.605,56.01],[12.546,56.086],[12.366,56.12],[12.307,56.135]]]}},{"type":"Feature","geometry":{"type":"Polygon","coordinates":[[[-6.595,62.406],[-6.693,62.392],[-6.817,62.393],[-6.812,62.302],[-6.954,62.351],[-7.138,62.323],[-7.256,62.258],[-7.38,62.148],[-7.482,62.155],[-7.553,62.124],[-7.721,62.104],[-7.635,62.091],[-7.311,62.016],[-7.037,62.052],[-7.031,61.998],[-6.998,61.938],[-6.913,61.817],[-6.806,61.795],[-6.894,61.777],[-6.798,61.734],[-6.721,61.743],[-6.633,61.79],[-6.628,61.848],[-6.825,61.939],[-6.702,61.982],[-6.614,61.943],[-6.666,62.043],[-6.595,62.117],[-6.636,62.172],[-6.43,62.177],[-6.336,62.221],[-6.259,62.304],[-6.265,62.356],[-6.369,62.347],[-6.413,62.33],[-6.507,62.402],[-6.595,62.406]]]}},{"type":"Feature","geometry":{"type":"Polygon","coordinates":[[[-6.92,61.655],[-6.988,61.649],[-6.998,61.637],[-7.013,61.627],[-6.997,61.611],[-7.011,61.603],[-6.994,61.593],[-6.991,61.586],[-6.982,61.575],[-6.955,61.566],[-6.953,61.555],[-6.939,61.548],[-6.926,61.538],[-6.906,61.525],[-6.911,61.501],[-6.887,61.488],[-6.875,61.472],[-6.855,61.46],[-6.827,61.446],[-6.781,61.432],[-6.779,61.417],[-6.752,61.408],[-6.702,61.39],[-6.676,61.388],[-6.661,61.397],[-6.662,61.415],[-6.681,61.427],[-6.678,61.433],[-6.691,61.449],[-6.706,61.45],[-6.704,61.459],[-6.717,61.467],[-6.766,61.461],[-6.757,61.467],[-6.719,61.477],[-6.691,61.486],[-6.697,61.494],[-6.726,61.496],[-6.739,61.5],[-6.714,61.504],[-6.721,61.515],[-6.73,61.532],[-6.761,61.532],[-6.766,61.537],[-6.741,61.54],[-6.728,61.551],[-6.747,61.564],[-6.744,61.578],[-6.779,61.588],[-6.82,61.585],[-6.831,61.594],[-6.847,61.602],[-6.876,61.604],[-6.933,61.599],[-6.922,61.608],[-6.866,61.626],[-6.878,61.632],[-6.915,61.631],[-6.885,61.642],[-6.889,61.647],[-6.92,61.655]]]}},{"type":"Feature","geometry":{"type":"Polygon","coordinates":[[[-30.597,83.684],[-36.2,83.638],[-40.759,83.377],[-42.979,83.265],[-48.153,82.836],[-48.538,82.513],[-49.625,82.369],[-51.921,81.932],[-54.174,82.291],[-61.205,81.912],[-62.754,81.198],[-66.621,80.699],[-66.412,79.991],[-66.951,79.213],[-73.092,78.385],[-70.631,77.573],[-71.411,77.106],[-69.807,76.347],[-64.841,75.939],[-62.6,76.119],[-59.974,75.735],[-58.524,75.158],[-56.777,74.26],[-56.711,73.334],[-56.195,72.189],[-53.888,71.343],[-52.163,70.812],[-53.668,70.348],[-51.493,68.752],[-53.866,68.347],[-53.767,65.991],[-50.746,62.89],[-45.714,60.283],[-42.55,60.93],[-40.342,63.607],[-39.166,65.408],[-35.892,65.839],[-32.86,67.509],[-26.895,68.588],[-23.225,70.178],[-25.159,71.078],[-21.27,70.689],[-22.434,71.938],[-22.104,72.359],[-21.731,72.926],[-20.292,73.46],[-20.709,74.035],[-18.182,74.605],[-19.6,74.833],[-19.424,75.144],[-20.028,76.344],[-19.182,76.365],[-18.226,77.31],[-19.017,77.756],[-18.809,78.283],[-19.775,78.019],[-20.429,78.837],[-18.732,79.247],[-16.974,80.134],[-13.92,80.773],[-15.227,81.863],[-18.281,81.718],[-18.743,81.613],[-22.489,81.027],[-24.027,81.75],[-27.795,82.059],[-22.148,82.251],[-22.72,82.961],[-24.928,83.27],[-28.74,83.561],[-30.597,83.684]]]}},{"type":"Feature","geometry":{"type":"Polygon","coordinates":[[[-18.029,75.445],[-18.193,75.432],[-18.265,75.348],[-18.391,75.373],[-18.594,75.395],[-18.99,75.365],[-19.034,75.305],[-18.984,75.176],[-19.083,75.001],[-18.831,74.971],[-18.413,74.942],[-18.116,74.992],[-17.721,74.976],[-17.798,74.911],[-17.617,74.901],[-17.265,75.011],[-17.177,75.142],[-17.369,75.179],[-17.633,75.16],[-17.732,75.12],[-17.908,75.17],[-17.82,75.207],[-17.787,75.259],[-17.726,75.323],[-18.029,75.445]]]}},{"type":"Feature","geometry":{"type":"Polygon","coordinates":[[[-17.677,79.238],[-18.144,79.146],[-18.21,79.025],[-18.188,78.92],[-18.342,78.892],[-18.463,78.735],[-18.704,78.629],[-18.847,78.553],[-18.649,78.505],[-18.397,78.437],[-18.243,78.468],[-18.287,78.557],[-17.902,78.724],[-17.88,78.822],[-17.726,78.928],[-17.369,79.027],[-17.276,79.087],[-17.364,79.151],[-17.677,79.238]]]}},{"type":"Feature","geometry":{"type":"Polygon","coordinates":[[[-18.918,79.014],[-19.144,79],[-19.385,78.924],[-19.55,78.863],[-19.72,78.804],[-19.874,78.721],[-19.578,78.654],[-19.27,78.654],[-18.94,78.714],[-18.929,78.781],[-18.907,78.876],[-18.951,78.938],[-18.918,79.014]]]}},{"type":"Feature","geometry":{"type":"Polygon","coordinates":[[[-17.908,82.158],[-18.182,82.139],[-18.155,82.107],[-18.133,82.035],[-18.02,81.964],[-18.051,81.903],[-17.908,81.892],[-17.688,81.888],[-17.468,81.922],[-17.792,82.118],[-17.809,82.154],[-17.908,82.158]]]}},{"type":"Feature","geometry":{"type":"Polygon","coordinates":[[[-72.411,77.46],[-72.515,77.442],[-72.658,77.449],[-72.839,77.453],[-72.713,77.412],[-72.565,77.375],[-72.246,77.335],[-72.12,77.294],[-71.757,77.294],[-71.477,77.325],[-71.263,77.363],[-71.279,77.395],[-71.466,77.405],[-71.653,77.434],[-72.103,77.46],[-72.411,77.46]]]}},{"type":"Feature","geometry":{"type":"Polygon","coordinates":[[[-73.092,76.755],[-73.172,76.749],[-73.253,76.753],[-73.264,76.749],[-73.276,76.735],[-73.221,76.711],[-73.144,76.705],[-73.067,76.704],[-73.124,76.697],[-73.121,76.686],[-73.065,76.676],[-73.015,76.674],[-73.007,76.687],[-72.977,76.694],[-72.959,76.706],[-72.984,76.714],[-73.03,76.714],[-73.003,76.723],[-73.003,76.736],[-73.056,76.748],[-73.092,76.755]]]}},{"type":"Feature","geometry":{"type":"Polygon","coordinates":[[[-54.393,70.361],[-54.63,70.322],[-54.877,70.254],[-54.904,70.118],[-54.844,69.987],[-54.976,69.879],[-54.937,69.781],[-55.058,69.707],[-54.855,69.571],[-54.509,69.521],[-54.349,69.471],[-54.311,69.34],[-54.036,69.287],[-53.866,69.219],[-53.47,69.194],[-53.256,69.279],[-52.443,69.386],[-51.965,69.508],[-51.784,69.648],[-51.855,69.684],[-51.817,69.72],[-51.949,69.819],[-52.614,69.934],[-52.822,70.049],[-53.284,70.241],[-54.393,70.361]]]}},{"type":"Feature","geometry":{"type":"Polygon","coordinates":[[[-21.248,73.151],[-21.344,73.15],[-21.437,73.15],[-21.478,73.147],[-21.528,73.119],[-21.484,73.094],[-21.388,73.079],[-21.322,73.091],[-21.234,73.101],[-21.171,73.12],[-21.173,73.142],[-21.212,73.142],[-21.248,73.151]]]}},{"type":"Feature","geometry":{"type":"Polygon","coordinates":[[[14.774,55.315],[14.707,55.278],[14.678,55.213],[14.654,55.1],[14.72,55.055],[14.886,54.998],[15.068,54.961],[15.135,54.98],[15.141,55.032],[15.182,55.081],[15.169,55.144],[15.076,55.171],[14.999,55.224],[14.943,55.231],[14.856,55.253],[14.774,55.315]]]}},{"type":"Feature","geometry":{"type":"Polygon","coordinates":[[[43.14,12.708],[42.914,12.612],[42.866,12.591],[42.862,12.555],[42.824,12.537],[42.807,12.51],[42.826,12.443],[42.762,12.41],[42.754,12.388],[42.698,12.363],[42.635,12.41],[42.531,12.499],[42.383,12.433],[42.186,12.152],[42.11,12.03],[41.955,11.812],[41.89,11.751],[41.822,11.694],[41.804,11.619],[41.797,11.388],[41.804,11.123],[41.794,10.98],[41.87,10.952],[41.949,10.917],[42.025,10.926],[42.086,10.957],[42.137,10.975],[42.216,10.963],[42.333,10.989],[42.423,10.98],[42.637,11.092],[42.732,11.057],[42.776,11.043],[42.81,10.984],[42.878,10.973],[42.971,10.996],[43.201,11.53],[43.137,11.63],[42.962,11.602],[42.832,11.593],[42.767,11.569],[42.708,11.554],[42.677,11.54],[42.682,11.499],[42.63,11.476],[42.552,11.512],[42.537,11.564],[42.579,11.561],[42.651,11.553],[42.685,11.554],[42.703,11.605],[42.816,11.741],[43.052,11.801],[43.292,11.952],[43.418,12.215],[43.325,12.486],[43.201,12.6],[43.14,12.708]]]}},{"type":"Feature","geometry":{"type":"Polygon","coordinates":[[[-61.464,15.644],[-61.474,15.622],[-61.473,15.601],[-61.484,15.595],[-61.486,15.579],[-61.466,15.573],[-61.475,15.565],[-61.494,15.544],[-61.476,15.519],[-61.479,15.498],[-61.462,15.461],[-61.462,15.446],[-61.441,15.421],[-61.438,15.397],[-61.417,15.377],[-61.404,15.35],[-61.403,15.301],[-61.384,15.284],[-61.382,15.244],[-61.374,15.226],[-61.385,15.215],[-61.346,15.202],[-61.322,15.215],[-61.298,15.235],[-61.262,15.24],[-61.244,15.271],[-61.24,15.303],[-61.227,15.33],[-61.244,15.36],[-61.236,15.394],[-61.237,15.413],[-61.237,15.447],[-61.236,15.491],[-61.249,15.523],[-61.265,15.528],[-61.26,15.539],[-61.275,15.552],[-61.291,15.565],[-61.293,15.59],[-61.325,15.602],[-61.353,15.608],[-61.385,15.603],[-61.411,15.644],[-61.464,15.644]]]}},{"type":"Feature","geometry":{"type":"Polygon","coordinates":[[[-70.98,19.941],[-71.301,19.86],[-71.618,19.908],[-71.691,19.85],[-71.749,19.748],[-71.759,19.695],[-71.754,19.686],[-71.753,19.676],[-71.746,19.631],[-71.688,19.512],[-71.718,19.364],[-71.756,19.29],[-71.669,19.235],[-71.628,19.184],[-71.647,19.153],[-71.654,19.116],[-71.685,19.103],[-71.71,19.067],[-71.749,19.047],[-71.776,19.013],[-71.797,19.005],[-71.842,18.999],[-71.868,18.982],[-71.875,18.949],[-71.844,18.956],[-71.817,18.962],[-71.782,18.955],[-71.749,18.896],[-71.77,18.713],[-71.803,18.681],[-71.88,18.629],[-72.008,18.624],[-71.88,18.49],[-71.698,18.342],[-71.774,18.206],[-71.777,18.166],[-71.761,18.152],[-71.748,18.142],[-71.748,18.126],[-71.74,18.09],[-71.744,18.06],[-71.683,17.942],[-71.546,17.734],[-71.146,17.98],[-70.909,18.257],[-70.589,18.25],[-69.884,18.437],[-69.397,18.408],[-68.989,18.329],[-68.786,18.252],[-68.61,18.106],[-68.623,18.276],[-68.436,18.422],[-68.455,18.739],[-68.886,19.02],[-69.079,19.011],[-69.232,19.034],[-69.411,19.112],[-69.623,19.128],[-69.449,19.185],[-69.211,19.185],[-69.241,19.296],[-69.326,19.321],[-69.58,19.325],[-69.817,19.36],[-69.875,19.582],[-70.106,19.638],[-70.425,19.78],[-70.733,19.847],[-70.955,19.918],[-70.98,19.941]]]}},{"type":"Feature","geometry":{"type":"Polygon","coordinates":[[[126.995,-8.316],[126.775,-8.407],[126.619,-8.436],[126.464,-8.429],[126.328,-8.43],[126.118,-8.489],[125.969,-8.471],[125.759,-8.494],[125.583,-8.533],[125.351,-8.565],[125.09,-8.639],[125.078,-8.786],[124.986,-8.893],[124.954,-8.966],[124.937,-9.017],[124.939,-9.05],[124.956,-9.059],[124.985,-9.067],[125.009,-9.062],[125.02,-9.053],[125.064,-9.028],[125.099,-8.996],[125.111,-8.966],[125.149,-8.996],[125.186,-9.063],[125.177,-9.101],[125.172,-9.121],[125.192,-9.155],[125.175,-9.171],[125.099,-9.199],[125.074,-9.177],[125.037,-9.175],[125.015,-9.17],[124.985,-9.19],[124.98,-9.246],[124.996,-9.293],[125.033,-9.324],[125.052,-9.331],[125.079,-9.39],[125.088,-9.463],[125.192,-9.415],[125.303,-9.328],[125.445,-9.267],[125.538,-9.227],[125.622,-9.193],[125.733,-9.171],[125.806,-9.151],[125.851,-9.135],[126.039,-9.078],[126.12,-9.014],[126.295,-8.994],[126.436,-8.956],[126.535,-8.873],[126.604,-8.808],[126.646,-8.785],[126.773,-8.762],[126.899,-8.724],[127.009,-8.694],[127.124,-8.574],[127.233,-8.498],[127.279,-8.452],[127.359,-8.447],[127.325,-8.399],[127.259,-8.375],[127.193,-8.331],[127.095,-8.357],[126.995,-8.316],[126.995,-8.316]]]}},{"type":"Feature","geometry":{"type":"Polygon","coordinates":[[[124.474,-9.169],[124.401,-9.169],[124.368,-9.19],[124.265,-9.217],[124.176,-9.244],[124.158,-9.286],[124.063,-9.322],[124.033,-9.328],[124.097,-9.414],[124.122,-9.407],[124.146,-9.429],[124.181,-9.385],[124.216,-9.369],[124.259,-9.398],[124.28,-9.445],[124.287,-9.486],[124.277,-9.507],[124.356,-9.484],[124.361,-9.448],[124.347,-9.433],[124.379,-9.398],[124.379,-9.361],[124.43,-9.333],[124.446,-9.31],[124.459,-9.297],[124.448,-9.262],[124.471,-9.219],[124.478,-9.198],[124.474,-9.169]]]}},{"type":"Feature","geometry":{"type":"Polygon","coordinates":[[[-78.869,1.472],[-79.155,1.134],[-79.748,0.987],[-80.119,0.638],[-80.107,0.058],[-80.486,-0.349],[-80.559,-0.882],[-80.92,-1.059],[-80.822,-1.502],[-80.835,-1.704],[-80.913,-2.206],[-80.82,-2.394],[-80.244,-2.744],[-80.11,-2.586],[-79.816,-2.743],[-80.048,-3.197],[-80.324,-3.37],[-80.213,-3.527],[-80.163,-3.798],[-80.357,-3.99],[-80.445,-4.208],[-80.445,-4.356],[-80.166,-4.294],[-79.791,-4.498],[-79.476,-4.639],[-79.085,-4.968],[-78.915,-4.78],[-78.661,-4.56],[-78.617,-4.292],[-78.567,-3.997],[-78.396,-3.685],[-78.143,-3.471],[-77.947,-3.069],[-75.566,-1.562],[-75.23,-0.937],[-75.251,-0.698],[-75.263,-0.527],[-75.458,-0.325],[-75.466,-0.143],[-75.265,-0.12],[-75.397,-0.095],[-75.585,0.012],[-75.803,0.05],[-75.954,0.202],[-76.001,0.295],[-76.159,0.383],[-76.292,0.43],[-76.412,0.377],[-76.536,0.26],[-76.7,0.276],[-76.836,0.247],[-76.934,0.274],[-77.045,0.292],[-77.086,0.321],[-77.223,0.363],[-77.521,0.52],[-77.676,0.792],[-77.997,0.857],[-78.261,1.033],[-78.385,1.162],[-78.484,1.195],[-78.644,1.272],[-78.828,1.432],[-78.869,1.472]]]}},{"type":"Feature","geometry":{"type":"Polygon","coordinates":[[[-80.044,-2.665],[-80.102,-2.681],[-80.143,-2.686],[-80.18,-2.709],[-80.23,-2.719],[-80.232,-2.752],[-80.258,-2.791],[-80.27,-2.874],[-80.287,-2.971],[-80.27,-3.024],[-80.213,-3.053],[-80.151,-3.04],[-80.117,-3.022],[-80.079,-2.972],[-80.024,-2.872],[-79.98,-2.82],[-79.899,-2.789],[-79.885,-2.732],[-80.029,-2.67],[-80.044,-2.665]]]}},{"type":"Feature","geometry":{"type":"Polygon","coordinates":[[[-91.357,0.192],[-91.486,0.154],[-91.653,0.025],[-91.615,-0.029],[-91.59,-0.082],[-91.486,-0.047],[-91.447,-0.06],[-91.439,-0.124],[-91.405,-0.213],[-91.398,-0.261],[-91.343,-0.349],[-91.285,-0.442],[-91.203,-0.596],[-91.261,-0.612],[-91.45,-0.7],[-91.577,-0.854],[-91.48,-1.013],[-91.299,-1.104],[-90.989,-1.066],[-90.807,-1.024],[-90.736,-0.89],[-90.736,-0.739],[-90.805,-0.654],[-90.86,-0.525],[-90.937,-0.365],[-91.101,-0.209],[-91.165,-0.016],[-91.228,0.154],[-91.357,0.192]]]}},{"type":"Feature","geometry":{"type":"Polygon","coordinates":[[[-91.468,-0.233],[-91.528,-0.239],[-91.664,-0.28],[-91.682,-0.38],[-91.633,-0.477],[-91.583,-0.515],[-91.509,-0.525],[-91.401,-0.512],[-91.365,-0.45],[-91.361,-0.364],[-91.405,-0.282],[-91.468,-0.233]]]}},{"type":"Feature","geometry":{"type":"Polygon","coordinates":[[[-90.294,-0.353],[-90.389,-0.391],[-90.444,-0.471],[-90.537,-0.527],[-90.578,-0.606],[-90.548,-0.724],[-90.453,-0.79],[-90.301,-0.831],[-90.195,-0.746],[-90.137,-0.655],[-90.124,-0.564],[-90.195,-0.504],[-90.194,-0.428],[-90.294,-0.353]]]}},{"type":"Feature","geometry":{"type":"Polygon","coordinates":[[[-89.272,-0.68],[-89.356,-0.681],[-89.398,-0.697],[-89.462,-0.729],[-89.488,-0.781],[-89.529,-0.769],[-89.543,-0.797],[-89.551,-0.835],[-89.616,-0.88],[-89.639,-0.916],[-89.643,-0.943],[-89.551,-0.974],[-89.4,-0.963],[-89.337,-0.853],[-89.228,-0.757],[-89.232,-0.699],[-89.272,-0.68]]]}},{"type":"Feature","geometry":{"type":"Polygon","coordinates":[[[25.867,31.681],[25.134,31.67],[24.972,31.494],[24.873,31.166],[24.697,30.174],[24.884,29.492],[36.935,22.041],[36.49,22.398],[36.185,22.701],[35.777,22.922],[35.534,23.805],[35.76,23.854],[35.73,24.008],[35.419,24.303],[35.266,24.467],[35.129,24.702],[34.568,25.765],[34.033,26.619],[34.007,26.797],[33.981,26.931],[33.89,27.147],[34,27.203],[33.864,27.267],[33.596,27.545],[33.571,27.727],[33.569,27.93],[32.98,28.551],[32.649,29.026],[32.377,29.587],[32.498,29.909],[32.661,29.725],[32.761,29.41],[33.184,28.787],[33.539,28.281],[34.062,27.777],[34.272,27.788],[34.453,27.977],[34.453,28.251],[34.511,28.447],[34.606,28.651],[34.665,28.941],[34.74,29.167],[34.909,29.491],[34.868,29.596],[34.836,29.785],[34.614,30.367],[34.556,30.404],[34.543,30.413],[34.538,30.454],[34.555,30.483],[34.52,30.537],[34.518,30.573],[34.515,30.613],[34.496,30.681],[34.31,31.103],[34.211,31.336],[33.415,31.225],[32.621,31.105],[31.816,31.574],[30.352,31.532],[29.482,31.062],[27.9,31.349],[26.213,31.635],[25.867,31.681]]]}},{"type":"Feature","geometry":{"type":"Polygon","coordinates":[[[-89.393,14.45],[-89.509,14.407],[-89.579,14.37],[-89.548,14.302],[-89.55,14.221],[-89.672,14.174],[-89.735,14.033],[-89.895,14.043],[-89.993,13.955],[-90.031,13.928],[-90.04,13.894],[-90.081,13.876],[-90.112,13.834],[-90.111,13.8],[-90.107,13.782],[-90.101,13.758],[-90.106,13.743],[-90.12,13.744],[-90.042,13.697],[-89.569,13.494],[-88.75,13.225],[-88.131,13.156],[-87.897,13.17],[-87.907,13.199],[-87.862,13.222],[-87.791,13.275],[-87.783,13.303],[-87.816,13.335],[-87.852,13.352],[-87.856,13.375],[-87.864,13.393],[-87.791,13.414],[-87.747,13.436],[-87.717,13.467],[-87.746,13.506],[-87.767,13.508],[-87.787,13.543],[-87.772,13.584],[-87.755,13.689],[-87.731,13.75],[-87.746,13.835],[-87.804,13.921],[-87.914,13.893],[-87.952,13.892],[-88.064,13.947],[-88.218,13.994],[-88.227,13.938],[-88.289,13.915],[-88.35,13.881],[-88.394,13.881],[-88.431,13.879],[-88.452,13.859],[-88.497,13.869],[-88.507,13.943],[-88.578,13.998],[-88.64,14.017],[-88.682,14.021],[-88.731,14.102],[-88.767,14.105],[-88.823,14.109],[-88.85,14.148],[-88.903,14.206],[-88.97,14.224],[-89.022,14.289],[-89.066,14.336],[-89.081,14.37],[-89.124,14.388],[-89.211,14.374],[-89.356,14.421],[-89.393,14.45]]]}},{"type":"Feature","geometry":{"type":"Polygon","coordinates":[[[9.818,2.351],[9.759,2.339],[9.768,2.302],[9.782,2.149],[9.746,2.109],[9.779,1.958],[9.768,1.907],[9.733,1.865],[9.713,1.786],[9.662,1.751],[9.592,1.674],[9.58,1.601],[9.553,1.506],[9.533,1.506],[9.529,1.472],[9.444,1.402],[9.45,1.339],[9.422,1.306],[9.384,1.285],[9.355,1.206],[9.326,1.178],[9.382,1.088],[9.447,1.108],[9.499,1.122],[9.528,1.115],[9.565,1.023],[9.587,1.022],[9.636,1.041],[9.662,1.06],[9.676,1.066],[9.698,1.07],[9.727,1.067],[9.759,1.059],[9.779,1.035],[9.796,1],[9.839,1.005],[9.874,0.99],[9.887,0.98],[9.892,0.954],[9.922,0.942],[9.95,0.921],[9.994,0.936],[9.985,0.977],[9.997,1],[11.334,0.999],[11.336,2.12],[11.365,2.177],[11.357,2.178],[10.868,2.173],[10.19,2.173],[10.175,2.164],[10.157,2.173],[10.121,2.156],[10.109,2.162],[10.047,2.172],[10.032,2.161],[9.947,2.193],[9.908,2.199],[9.871,2.235],[9.846,2.258],[9.837,2.297],[9.83,2.338],[9.825,2.349],[9.818,2.351]]]}},{"type":"Feature","geometry":{"type":"Polygon","coordinates":[[[8.721,3.792],[8.708,3.792],[8.689,3.784],[8.676,3.76],[8.629,3.699],[8.608,3.673],[8.604,3.645],[8.602,3.593],[8.6,3.569],[8.583,3.546],[8.566,3.547],[8.563,3.543],[8.57,3.536],[8.567,3.517],[8.58,3.502],[8.56,3.467],[8.542,3.474],[8.501,3.474],[8.477,3.479],[8.453,3.467],[8.433,3.434],[8.415,3.388],[8.413,3.363],[8.418,3.326],[8.429,3.308],[8.435,3.278],[8.451,3.268],[8.459,3.266],[8.497,3.252],[8.503,3.254],[8.564,3.235],[8.573,3.241],[8.586,3.242],[8.624,3.228],[8.657,3.213],[8.678,3.205],[8.703,3.231],[8.71,3.247],[8.726,3.27],[8.763,3.308],[8.776,3.343],[8.776,3.364],[8.769,3.389],[8.776,3.393],[8.802,3.409],[8.813,3.431],[8.83,3.464],[8.834,3.475],[8.859,3.523],[8.87,3.55],[8.899,3.587],[8.922,3.614],[8.934,3.632],[8.941,3.669],[8.935,3.72],[8.929,3.727],[8.916,3.759],[8.899,3.768],[8.893,3.77],[8.867,3.768],[8.826,3.765],[8.781,3.769],[8.743,3.767],[8.731,3.769],[8.734,3.784],[8.721,3.792]]]}},{"type":"Feature","geometry":{"type":"Polygon","coordinates":[[[38.574,18.007],[38.182,17.548],[38.021,17.549],[37.763,17.369],[37.467,17.157],[37.134,17.056],[36.959,16.989],[37.005,16.804],[36.893,16.619],[36.878,16.219],[36.528,15.224],[36.541,14.278],[36.566,14.265],[36.606,14.297],[36.693,14.3],[36.955,14.296],[37.175,14.423],[37.382,14.351],[37.506,14.181],[38.009,14.771],[38.263,14.677],[38.484,14.419],[38.842,14.497],[39.023,14.634],[39.265,14.487],[39.359,14.485],[39.501,14.484],[39.703,14.562],[39.96,14.42],[40.145,14.54],[40.732,14.21],[41.384,13.504],[41.866,13.11],[42.402,12.471],[42.548,12.486],[42.672,12.38],[42.751,12.383],[42.762,12.41],[42.817,12.465],[42.814,12.516],[42.847,12.549],[42.867,12.581],[42.914,12.612],[43.135,12.727],[43.016,12.972],[42.742,13.1],[42.407,13.249],[42.109,13.753],[41.716,13.962],[41.046,14.69],[40.866,14.856],[40.647,14.978],[40.423,15.104],[40.258,15.268],[40.02,15.426],[39.713,15.472],[39.773,15.103],[39.566,15.556],[39.306,15.959],[38.872,17.548],[38.574,18.007]]]}},{"type":"Feature","geometry":{"type":"Polygon","coordinates":[[[39.95,15.891],[39.958,15.875],[39.989,15.852],[40.019,15.842],[40.038,15.828],[40.012,15.837],[39.996,15.825],[39.981,15.801],[39.986,15.775],[39.968,15.779],[39.938,15.796],[39.925,15.779],[39.919,15.761],[39.92,15.73],[39.905,15.727],[39.884,15.731],[39.88,15.72],[39.906,15.692],[39.934,15.689],[39.947,15.667],[39.96,15.64],[39.952,15.617],[39.97,15.605],[40.01,15.587],[40.05,15.568],[40.083,15.575],[40.122,15.584],[40.14,15.588],[40.17,15.579],[40.226,15.586],[40.277,15.565],[40.322,15.556],[40.358,15.568],[40.393,15.557],[40.429,15.557],[40.427,15.585],[40.421,15.633],[40.401,15.64],[40.376,15.647],[40.342,15.658],[40.332,15.691],[40.273,15.704],[40.223,15.693],[40.214,15.704],[40.217,15.733],[40.187,15.746],[40.171,15.729],[40.177,15.708],[40.153,15.688],[40.142,15.721],[40.149,15.778],[40.146,15.813],[40.11,15.818],[40.041,15.871],[39.95,15.891],[39.95,15.891]]]}},{"type":"Feature","geometry":{"type":"Polygon","coordinates":[[[25.664,59.676],[25.464,59.618],[25.292,59.529],[25.085,59.514],[24.722,59.587],[24.74,59.459],[24.612,59.465],[24.331,59.437],[24.204,59.351],[24.085,59.294],[23.714,59.265],[23.479,59.165],[23.413,59.002],[23.439,58.851],[23.479,58.756],[23.621,58.502],[24.082,58.191],[24.541,58.347],[24.348,57.879],[24.453,57.899],[24.52,57.943],[24.612,57.946],[24.682,57.953],[24.832,57.972],[25.021,58.018],[25.191,58.076],[25.213,58.062],[25.226,58.047],[25.24,58.022],[25.256,57.994],[25.302,58],[25.266,58.067],[25.409,58.029],[25.52,57.98],[25.566,57.963],[25.649,57.916],[25.754,57.917],[25.877,57.859],[25.999,57.859],[26.033,57.79],[26.058,57.762],[26.211,57.679],[26.239,57.634],[26.345,57.584],[26.567,57.519],[26.649,57.553],[26.737,57.575],[26.78,57.58],[26.927,57.633],[26.995,57.605],[27.193,57.55],[27.35,57.518],[27.331,57.57],[27.404,57.614],[27.485,57.723],[27.508,57.764],[27.708,57.847],[27.736,57.905],[27.686,57.959],[27.648,58.019],[27.633,58.097],[27.731,58.987],[27.9,59.232],[28.187,59.403],[27.875,59.417],[26.568,59.569],[25.818,59.594],[25.664,59.676]]]}},{"type":"Feature","geometry":{"type":"Polygon","coordinates":[[[22.58,59.095],[22.567,59.086],[22.56,59.045],[22.53,59.04],[22.468,59.04],[22.443,59.013],[22.398,58.992],[22.363,58.982],[22.39,58.961],[22.372,58.948],[22.293,58.958],[22.207,58.943],[22.094,58.952],[22.048,58.949],[22.028,58.925],[22.074,58.914],[22.109,58.893],[22.193,58.871],[22.37,58.887],[22.407,58.867],[22.405,58.82],[22.433,58.787],[22.445,58.739],[22.458,58.707],[22.525,58.678],[22.674,58.692],[22.702,58.725],[22.747,58.772],[22.795,58.754],[22.843,58.772],[22.892,58.772],[22.904,58.802],[22.926,58.819],[22.974,58.818],[23.002,58.827],[23.016,58.819],[23.038,58.819],[23.06,58.802],[23.081,58.806],[23.077,58.83],[23.075,58.84],[23.063,58.859],[23.042,58.876],[23.049,58.895],[23.049,58.918],[23.038,58.927],[23.003,58.938],[22.99,58.955],[22.957,58.967],[22.952,58.986],[22.919,58.987],[22.881,58.993],[22.85,59.013],[22.824,59.021],[22.822,59.001],[22.775,59.011],[22.722,59.012],[22.702,59.075],[22.663,59.093],[22.624,59.085],[22.58,59.095]]]}},{"type":"Feature","geometry":{"type":"Polygon","coordinates":[[[23.207,58.69],[23.174,58.69],[23.138,58.681],[23.117,58.659],[23.128,58.647],[23.138,58.627],[23.099,58.632],[23.077,58.625],[23.045,58.637],[23.032,58.649],[23.014,58.649],[23.004,58.636],[23.002,58.628],[23.031,58.624],[23.056,58.61],[23.064,58.593],[23.091,58.58],[23.126,58.57],[23.158,58.566],[23.165,58.56],[23.189,58.54],[23.201,58.526],[23.238,58.519],[23.272,58.515],[23.286,58.525],[23.314,58.532],[23.34,58.527],[23.322,58.514],[23.349,58.504],[23.398,58.508],[23.389,58.522],[23.402,58.535],[23.451,58.539],[23.447,58.55],[23.413,58.556],[23.4,58.571],[23.364,58.614],[23.377,58.628],[23.362,58.651],[23.207,58.69]]]}},{"type":"Feature","geometry":{"type":"Polygon","coordinates":[[[22.537,58.654],[22.513,58.625],[22.455,58.584],[22.313,58.571],[22.272,58.537],[22.293,58.509],[22.251,58.493],[22.199,58.55],[22.166,58.517],[22.107,58.479],[22.087,58.418],[21.966,58.511],[21.907,58.492],[21.836,58.506],[21.878,58.462],[21.897,58.446],[21.949,58.395],[21.942,58.366],[21.87,58.4],[21.791,58.388],[21.833,58.36],[21.883,58.312],[21.825,58.324],[21.798,58.281],[21.881,58.247],[21.958,58.226],[22.028,58.199],[22.144,58.152],[22.206,58.141],[22.159,58.091],[22.137,58.078],[22.098,58.092],[22.058,58.05],[22.03,58.01],[21.999,57.992],[21.989,57.94],[22.041,57.886],[22.12,57.935],[22.211,57.983],[22.241,58.062],[22.277,58.131],[22.307,58.199],[22.473,58.224],[22.569,58.185],[22.623,58.224],[22.688,58.203],[22.756,58.234],[22.747,58.269],[22.84,58.267],[22.948,58.3],[22.981,58.353],[23.067,58.37],[23.128,58.409],[23.185,58.428],[23.292,58.416],[23.325,58.466],[23.239,58.499],[23.146,58.527],[23.115,58.562],[23.023,58.596],[22.887,58.629],[22.766,58.62],[22.731,58.583],[22.677,58.589],[22.574,58.64],[22.537,58.654]]]}},{"type":"Feature","geometry":{"type":"Polygon","coordinates":[[[31.418,-25.719],[31.31,-25.744],[31.292,-25.78],[31.131,-25.917],[31.102,-26.006],[31.054,-26.093],[30.97,-26.247],[30.902,-26.311],[30.848,-26.384],[30.806,-26.467],[30.788,-26.623],[30.803,-26.818],[30.808,-26.842],[30.878,-26.807],[30.891,-26.786],[30.907,-26.858],[30.975,-26.906],[30.973,-26.956],[30.957,-26.988],[30.986,-27.04],[31.06,-27.092],[31.146,-27.2],[31.492,-27.314],[31.977,-27.318],[31.974,-27.121],[31.999,-26.921],[32.01,-26.815],[32.029,-26.807],[32.053,-26.818],[32.099,-26.803],[32.126,-26.84],[32.136,-26.54],[32.076,-26.418],[32.07,-26.312],[32.104,-26.167],[32.083,-26.016],[32.004,-25.994],[31.979,-25.971],[31.974,-25.953],[31.869,-26],[31.418,-25.719]]]}},{"type":"Feature","geometry":{"type":"Polygon","coordinates":[[[37.911,14.894],[37.242,14.433],[36.73,14.314],[36.559,14.275],[36.48,14.015],[36.468,13.786],[36.276,13.3],[36.171,12.986],[36.16,12.718],[35.788,12.655],[35.687,12.658],[35.309,12.012],[35.09,11.635],[34.999,11.186],[34.974,10.909],[34.77,10.716],[34.385,10.675],[34.347,10.203],[34.225,9.969],[34.148,9.037],[33.827,8.428],[33.6,8.446],[33.311,8.466],[33.202,8.303],[33.002,7.945],[33.187,7.784],[33.395,7.729],[33.631,7.707],[33.95,7.51],[34.101,7.174],[34.324,6.939],[34.514,6.871],[34.659,6.717],[34.886,6.587],[35.012,6.424],[34.977,6.097],[35.307,5.503],[35.293,5.406],[35.403,5.362],[35.614,5.403],[35.863,5.301],[35.963,4.577],[38.573,3.607],[39.512,3.415],[40.987,4.114],[41.91,3.984],[43.314,4.741],[43.645,9.355],[43.06,9.984],[42.963,10.983],[42.786,11.019],[42.637,11.092],[42.285,10.986],[42.099,10.958],[41.945,10.916],[41.802,11.043],[41.804,11.619],[41.897,11.789],[42.16,12.119],[41.966,12.92],[40.846,14.155],[39.989,14.453],[39.547,14.5],[39.228,14.451],[38.9,14.5],[38.274,14.614],[37.911,14.894]]]}},{"type":"Feature","geometry":{"type":"Polygon","coordinates":[[[178.194,-17.26],[178.123,-17.288],[178.091,-17.339],[178.053,-17.317],[177.992,-17.349],[177.935,-17.404],[177.867,-17.383],[177.827,-17.351],[177.731,-17.416],[177.707,-17.417],[177.609,-17.445],[177.462,-17.524],[177.376,-17.619],[177.367,-17.679],[177.404,-17.707],[177.396,-17.746],[177.355,-17.743],[177.344,-17.826],[177.262,-17.844],[177.218,-17.946],[177.248,-18.03],[177.293,-18.12],[177.403,-18.171],[177.556,-18.21],[177.694,-18.241],[177.889,-18.296],[178.146,-18.28],[178.277,-18.21],[178.369,-18.173],[178.411,-18.19],[178.487,-18.156],[178.484,-18.18],[178.58,-18.172],[178.673,-18.111],[178.697,-18.051],[178.706,-17.967],[178.651,-17.998],[178.627,-17.915],[178.643,-17.874],[178.628,-17.825],[178.636,-17.781],[178.635,-17.691],[178.587,-17.611],[178.528,-17.596],[178.476,-17.55],[178.415,-17.539],[178.364,-17.453],[178.309,-17.42],[178.281,-17.374],[178.27,-17.268],[178.194,-17.26]]]}},{"type":"Feature","geometry":{"type":"Polygon","coordinates":[[[177.554,-16.648],[177.558,-16.716],[177.512,-16.757],[177.483,-16.791],[177.45,-16.791],[177.414,-16.831],[177.383,-16.889],[177.336,-16.915],[177.312,-16.961],[177.297,-17],[177.297,-17.031],[177.318,-17.053],[177.321,-17.048],[177.377,-16.996],[177.421,-16.925],[177.487,-16.862],[177.558,-16.778],[177.597,-16.727],[177.605,-16.693],[177.594,-16.651],[177.554,-16.648]]]}},{"type":"Feature","geometry":{"type":"Polygon","coordinates":[[[178.318,-18.918],[178.3,-18.937],[178.287,-18.931],[178.266,-18.953],[178.211,-18.954],[178.152,-18.969],[178.145,-19.037],[178.123,-19.03],[178.095,-19.061],[178.03,-19.051],[178.009,-19.093],[177.948,-19.1],[177.935,-19.122],[177.938,-19.137],[177.958,-19.142],[177.971,-19.158],[177.985,-19.15],[177.993,-19.161],[178.02,-19.171],[178.028,-19.155],[178.057,-19.168],[178.081,-19.18],[178.109,-19.183],[178.128,-19.169],[178.132,-19.148],[178.141,-19.165],[178.173,-19.159],[178.192,-19.143],[178.192,-19.119],[178.175,-19.102],[178.206,-19.085],[178.209,-19.066],[178.233,-19.055],[178.262,-19.035],[178.283,-19.008],[178.294,-19.023],[178.303,-19.043],[178.314,-19.061],[178.338,-19.065],[178.375,-19.067],[178.406,-19.063],[178.421,-19.045],[178.456,-19.045],[178.483,-19.026],[178.495,-18.991],[178.474,-18.963],[178.437,-18.944],[178.412,-18.936],[178.365,-18.925],[178.318,-18.918]]]}},{"type":"Feature","geometry":{"type":"Polygon","coordinates":[[[-179.93,-16.109],[179.957,-16.219],[179.754,-16.444],[179.585,-16.564],[179.518,-16.673],[179.506,-16.747],[179.673,-16.631],[179.775,-16.515],[179.89,-16.449],[179.944,-16.522],[179.882,-16.623],[179.952,-16.611],[179.918,-16.684],[179.933,-16.715],[179.918,-16.784],[179.889,-16.791],[179.825,-16.765],[179.769,-16.744],[179.693,-16.755],[179.628,-16.785],[179.575,-16.82],[179.539,-16.807],[179.436,-16.824],[179.328,-16.824],[179.275,-16.824],[179.313,-16.762],[179.266,-16.724],[179.15,-16.774],[179.076,-16.827],[179.052,-16.872],[179.079,-16.916],[179.021,-16.946],[178.979,-16.921],[178.93,-16.899],[178.873,-16.879],[178.82,-16.926],[178.8,-16.967],[178.781,-17.016],[178.701,-17.02],[178.647,-16.935],[178.596,-16.86],[178.575,-16.818],[178.503,-16.831],[178.472,-16.777],[178.487,-16.711],[178.513,-16.641],[178.547,-16.578],[178.603,-16.623],[178.65,-16.605],[178.739,-16.543],[178.772,-16.58],[178.82,-16.537],[178.903,-16.474],[178.993,-16.452],[179.061,-16.406],[179.1,-16.423],[179.191,-16.383],[179.317,-16.375],[179.381,-16.308],[179.427,-16.294],[179.543,-16.224],[179.629,-16.175],[179.754,-16.188],[179.837,-16.186],[180,-16.122],[-179.93,-16.109]]]}},{"type":"Feature","geometry":{"type":"Polygon","coordinates":[[[-179.929,-16.435],[-179.91,-16.441],[-179.909,-16.452],[-179.935,-16.467],[-179.946,-16.482],[-179.932,-16.506],[-179.931,-16.528],[-179.956,-16.535],[-179.969,-16.539],[-179.984,-16.544],[-179.995,-16.536],[-180,-16.534],[179.986,-16.545],[179.976,-16.542],[179.968,-16.522],[179.981,-16.496],[-179.987,-16.46],[-179.976,-16.458],[-179.957,-16.443],[-179.929,-16.435]]]}},{"type":"Feature","geometry":{"type":"Polygon","coordinates":[[[-179.877,-16.677],[-179.853,-16.692],[-179.847,-16.706],[-179.854,-16.719],[-179.854,-16.749],[-179.842,-16.767],[-179.832,-16.771],[-179.824,-16.787],[-179.842,-16.797],[-179.842,-16.811],[-179.864,-16.826],[-179.872,-16.851],[-179.875,-16.865],[-179.873,-16.88],[-179.898,-16.877],[-179.921,-16.902],[-179.964,-16.933],[-179.982,-16.954],[-179.995,-16.974],[179.987,-16.991],[179.942,-17.005],[179.924,-17.014],[179.899,-17.008],[179.896,-16.978],[179.881,-16.963],[179.887,-16.932],[179.919,-16.905],[179.948,-16.877],[179.961,-16.839],[179.986,-16.794],[-179.994,-16.778],[-179.959,-16.742],[-179.932,-16.709],[-179.901,-16.689],[-179.877,-16.677]]]}},{"type":"Feature","geometry":{"type":"Polygon","coordinates":[[[27.957,70.093],[26.955,69.94],[26.038,69.724],[25.708,69.252],[25.117,68.643],[23.871,68.839],[21.055,69.124],[20.904,68.899],[21.187,68.828],[21.478,68.681],[22.544,68.437],[23.159,68.135],[23.481,67.731],[23.676,67.282],[23.92,66.775],[23.702,66.242],[23.926,66.132],[24.105,65.932],[24.142,65.801],[24.476,65.667],[25.226,65.214],[25.343,64.887],[24.358,64.716],[23.887,64.296],[23.497,64.071],[23.038,63.942],[22.581,63.825],[22.121,63.48],[21.834,63.455],[21.338,63.376],[21.292,63.071],[21.082,62.706],[21.053,62.525],[21.294,62.317],[21.408,61.87],[21.401,61.779],[21.419,61.718],[21.454,61.518],[21.469,61.313],[21.366,61.164],[21.296,61.017],[21.149,60.884],[21.126,60.779],[21.131,60.678],[21.206,60.489],[21.028,60.131],[21.388,60.087],[21.677,60.032],[21.916,60.103],[22.29,59.8],[22.841,59.891],[23.139,59.805],[24.052,59.977],[24.645,60.014],[25.778,60.154],[26.76,60.381],[27.555,60.288],[27.797,60.544],[29.501,61.493],[30.957,62.338],[30.99,63.305],[30.369,64.277],[29.699,64.837],[29.853,65.558],[29.583,67.314],[28.934,69.051],[27.957,70.093]]]}},{"type":"Feature","geometry":{"type":"Polygon","coordinates":[[[21.676,60.011],[21.643,60.006],[21.599,59.985],[21.58,59.954],[21.552,59.936],[21.624,59.923],[21.633,59.905],[21.574,59.899],[21.566,59.865],[21.64,59.873],[21.682,59.87],[21.699,59.894],[21.73,59.894],[21.725,59.865],[21.779,59.86],[21.846,59.867],[21.897,59.872],[21.933,59.852],[21.97,59.839],[22.008,59.825],[22.045,59.817],[22.047,59.801],[22.084,59.791],[22.137,59.799],[22.176,59.811],[22.238,59.828],[22.261,59.848],[22.272,59.868],[22.239,59.88],[22.14,59.883],[22.04,59.885],[21.999,59.871],[21.963,59.879],[21.964,59.921],[21.971,59.956],[21.945,59.965],[21.914,59.983],[21.838,59.991],[21.778,59.993],[21.731,59.973],[21.688,59.939],[21.668,59.952],[21.662,59.966],[21.699,59.98],[21.701,59.999],[21.676,60.011]]]}},{"type":"Feature","geometry":{"type":"Polygon","coordinates":[[[22.195,60.113],[22.166,60.107],[22.113,60.11],[22.07,60.101],[21.989,60.102],[21.93,60.092],[21.864,60.104],[21.859,60.095],[21.849,60.083],[21.881,60.089],[21.882,60.078],[21.862,60.071],[21.892,60.072],[21.932,60.08],[21.983,60.074],[21.997,60.058],[21.977,60.071],[21.957,60.064],[21.93,60.058],[21.919,60.052],[21.939,60.041],[21.94,60.025],[21.968,60.025],[21.965,60.012],[21.993,60.005],[21.988,60.018],[21.988,60.037],[21.983,60.041],[22.004,60.052],[22.041,60.055],[22.031,60.04],[22.025,60.022],[22.049,60.015],[22.066,60.033],[22.063,60.054],[22.102,60.047],[22.119,60.035],[22.129,60.022],[22.14,60.033],[22.12,60.048],[22.139,60.055],[22.144,60.067],[22.176,60.064],[22.192,60.074],[22.126,60.068],[22.103,60.078],[22.127,60.086],[22.167,60.078],[22.174,60.089],[22.209,60.087],[22.195,60.113],[22.195,60.113]]]}},{"type":"Feature","geometry":{"type":"Polygon","coordinates":[[[20.135,60.478],[20.076,60.446],[19.988,60.446],[20.013,60.419],[19.942,60.428],[19.821,60.428],[19.742,60.455],[19.682,60.424],[19.635,60.395],[19.568,60.385],[19.534,60.366],[19.527,60.341],[19.528,60.309],[19.455,60.306],[19.388,60.256],[19.403,60.232],[19.44,60.25],[19.509,60.221],[19.499,60.167],[19.6,60.136],[19.674,60.113],[19.763,60.075],[19.855,60.071],[19.844,60.039],[19.915,59.983],[19.975,59.952],[20.064,59.972],[20.168,59.987],[20.117,59.939],[20.025,59.924],[20.007,59.897],[20.157,59.913],[20.273,59.935],[20.348,59.935],[20.469,59.953],[20.565,59.986],[20.656,60.039],[20.616,60.081],[20.614,60.143],[20.606,60.185],[20.583,60.206],[20.51,60.198],[20.539,60.193],[20.507,60.172],[20.457,60.208],[20.529,60.221],[20.472,60.24],[20.473,60.271],[20.564,60.231],[20.58,60.268],[20.616,60.291],[20.567,60.279],[20.53,60.282],[20.492,60.309],[20.441,60.346],[20.403,60.418],[20.365,60.418],[20.308,60.425],[20.286,60.455],[20.244,60.473],[20.143,60.446],[20.135,60.428],[20.165,60.467],[20.135,60.478]]]}},{"type":"Feature","geometry":{"type":"Polygon","coordinates":[[[20.764,60.43],[20.75,60.421],[20.755,60.399],[20.757,60.383],[20.748,60.362],[20.727,60.334],[20.728,60.31],[20.694,60.262],[20.654,60.22],[20.671,60.186],[20.696,60.172],[20.742,60.148],[20.766,60.134],[20.803,60.13],[20.856,60.13],[20.821,60.143],[20.787,60.158],[20.787,60.179],[20.845,60.142],[20.893,60.148],[20.863,60.153],[20.859,60.172],[20.847,60.185],[20.806,60.201],[20.866,60.189],[20.909,60.16],[20.889,60.186],[20.882,60.21],[20.882,60.237],[20.882,60.258],[20.884,60.283],[20.862,60.305],[20.83,60.315],[20.803,60.339],[20.823,60.363],[20.809,60.385],[20.774,60.417],[20.764,60.43]]]}},{"type":"Feature","geometry":{"type":"Polygon","coordinates":[[[21.07,60.596],[21.058,60.582],[21.053,60.564],[21.017,60.552],[20.978,60.541],[21.031,60.519],[21.005,60.506],[20.965,60.515],[20.971,60.532],[20.919,60.539],[20.84,60.551],[20.851,60.525],[20.932,60.51],[20.965,60.493],[20.921,60.503],[20.89,60.504],[20.83,60.495],[20.855,60.467],[20.891,60.446],[20.895,60.441],[20.844,60.425],[20.814,60.407],[20.86,60.399],[20.844,60.386],[20.859,60.357],[20.86,60.333],[20.874,60.314],[20.887,60.338],[20.882,60.377],[20.864,60.412],[20.893,60.389],[20.893,60.339],[20.94,60.283],[20.978,60.249],[20.967,60.217],[21.015,60.218],[21.002,60.255],[21.02,60.268],[20.989,60.272],[20.976,60.291],[21.031,60.278],[21.064,60.259],[21.092,60.302],[21.092,60.324],[21.092,60.35],[21.108,60.392],[21.066,60.429],[21.121,60.452],[21.118,60.479],[21.129,60.508],[21.109,60.534],[21.134,60.56],[21.087,60.579],[21.07,60.596]]]}},{"type":"Feature","geometry":{"type":"Polygon","coordinates":[[[24.821,65.102],[24.782,65.089],[24.726,65.089],[24.637,65.085],[24.612,65.074],[24.591,65.065],[24.583,65.053],[24.565,65.047],[24.544,65.041],[24.563,65.018],[24.562,65.001],[24.603,64.985],[24.611,64.975],[24.629,64.958],[24.67,64.958],[24.702,64.957],[24.727,64.965],[24.727,64.956],[24.751,64.947],[24.744,64.933],[24.766,64.932],[24.789,64.938],[24.817,64.945],[24.846,64.956],[24.886,64.964],[24.879,64.981],[24.884,64.993],[24.892,65.011],[24.879,65.022],[24.859,65.027],[24.85,65.036],[24.833,65.04],[24.837,65.048],[24.891,65.044],[24.914,65.032],[24.956,65.028],[25.021,65.025],[25.076,65.034],[25.069,65.048],[25.035,65.062],[24.984,65.063],[24.948,65.065],[24.911,65.071],[24.904,65.084],[24.863,65.097],[24.821,65.102]]]}},{"type":"Feature","geometry":{"type":"Polygon","coordinates":[[[2.535,51.1],[-1.104,49.411],[-1.722,48.627],[-3.485,48.892],[-4.351,48.184],[-3.062,47.467],[-1.986,46.674],[-1.154,45.974],[-1.67,43.417],[-1.695,43.312],[-1.493,43.281],[-1.474,43.086],[-1.084,43.011],[-0.657,42.86],[-0.246,42.825],[0.522,42.692],[0.93,42.792],[1.244,42.724],[1.427,42.622],[1.581,42.635],[1.787,42.573],[1.882,42.459],[2.255,42.439],[2.671,42.386],[3.205,42.505],[5.771,43.043],[7.358,43.702],[7.611,43.955],[7.236,44.174],[6.917,44.568],[6.751,44.91],[6.945,45.168],[6.996,45.571],[6.905,45.672],[6.807,45.75],[6.881,45.848],[6.986,46.007],[6.798,46.136],[6.787,46.331],[6.261,46.255],[6.22,46.199],[6.015,46.142],[5.991,46.223],[6.119,46.301],[6.075,46.432],[6.373,46.726],[6.598,46.993],[6.925,47.222],[7.05,47.349],[7.002,47.455],[7.294,47.434],[7.504,47.516],[7.522,47.663],[7.667,48.223],[8.222,48.976],[7.638,49.054],[7.111,49.142],[6.721,49.22],[6.465,49.466],[6.279,49.502],[5.979,49.451],[5.76,49.561],[5.348,49.626],[4.869,49.836],[4.877,50.109],[4.576,49.973],[4.142,50.122],[4.068,50.322],[3.203,50.708],[2.535,51.1]]]}},{"type":"Feature","geometry":{"type":"Polygon","coordinates":[[[9.415,43.038],[9.364,43.015],[9.341,42.92],[9.327,42.761],[9.256,42.727],[9.068,42.708],[8.991,42.649],[8.865,42.62],[8.773,42.564],[8.699,42.572],[8.657,42.495],[8.641,42.445],[8.594,42.394],[8.526,42.371],[8.611,42.332],[8.656,42.292],[8.555,42.246],[8.564,42.184],[8.574,42.14],[8.689,42.099],[8.731,42.05],[8.651,41.998],[8.586,41.965],[8.606,41.914],[8.592,41.871],[8.667,41.902],[8.749,41.925],[8.798,41.895],[8.786,41.864],[8.75,41.84],[8.765,41.815],[8.719,41.808],[8.724,41.777],[8.652,41.743],[8.699,41.721],[8.768,41.723],[8.795,41.698],[8.858,41.692],[8.892,41.681],[8.831,41.643],[8.782,41.619],[8.774,41.584],[8.802,41.551],[8.84,41.514],[8.88,41.504],[8.969,41.479],[9.033,41.462],[9.091,41.441],[9.087,41.397],[9.165,41.382],[9.232,41.378],[9.231,41.44],[9.287,41.507],[9.38,41.592],[9.407,41.877],[9.544,42.571],[9.415,43.038],[9.415,43.038]]]}},{"type":"Feature","geometry":{"type":"Polygon","coordinates":[[[55.454,-20.868],[55.403,-20.874],[55.358,-20.898],[55.32,-20.923],[55.285,-20.916],[55.272,-20.954],[55.276,-20.978],[55.255,-21.008],[55.228,-21.013],[55.209,-21.035],[55.212,-21.074],[55.234,-21.096],[55.258,-21.135],[55.276,-21.161],[55.274,-21.202],[55.312,-21.252],[55.329,-21.282],[55.376,-21.293],[55.423,-21.33],[55.449,-21.346],[55.486,-21.357],[55.525,-21.371],[55.578,-21.383],[55.618,-21.388],[55.646,-21.394],[55.685,-21.384],[55.736,-21.376],[55.784,-21.369],[55.817,-21.334],[55.815,-21.285],[55.812,-21.243],[55.831,-21.201],[55.842,-21.186],[55.839,-21.143],[55.813,-21.127],[55.789,-21.118],[55.744,-21.067],[55.734,-21.035],[55.71,-21.01],[55.697,-20.959],[55.668,-20.92],[55.62,-20.903],[55.578,-20.889],[55.509,-20.88],[55.454,-20.868]]]}},{"type":"Feature","geometry":{"type":"Polygon","coordinates":[[[-53.873,5.773],[-54.023,5.626],[-54.167,5.347],[-54.435,5.024],[-54.467,4.734],[-54.417,4.572],[-54.413,4.418],[-54.395,4.245],[-54.363,4.033],[-54.264,3.92],[-54.2,3.818],[-54.076,3.723],[-54.005,3.646],[-54.006,3.541],[-54.061,3.379],[-54.187,3.208],[-54.167,3.091],[-54.186,2.98],[-54.175,2.853],[-54.255,2.729],[-54.349,2.519],[-54.494,2.383],[-54.605,2.335],[-54.542,2.269],[-54.411,2.195],[-54.253,2.149],[-54.097,2.114],[-53.925,2.224],[-53.871,2.311],[-53.746,2.379],[-53.564,2.272],[-53.355,2.305],[-53.208,2.257],[-53.236,2.206],[-52.95,2.178],[-52.87,2.25],[-52.671,2.376],[-52.565,2.518],[-52.535,2.651],[-52.412,2.933],[-52.332,3.161],[-51.989,3.624],[-51.92,3.782],[-51.781,3.977],[-51.677,4.325],[-51.78,4.645],[-52.013,4.727],[-52.163,4.914],[-52.296,4.973],[-52.607,5.176],[-53.049,5.496],[-53.495,5.611],[-53.873,5.773]]]}},{"type":"Feature","geometry":{"type":"Polygon","coordinates":[[[163.922,-19.94],[163.956,-20.124],[163.976,-20.222],[164.07,-20.342],[164.112,-20.432],[164.174,-20.565],[164.351,-20.728],[164.564,-20.931],[164.734,-21.09],[164.831,-21.223],[165.013,-21.401],[165.232,-21.544],[165.538,-21.714],[165.711,-21.804],[165.761,-21.832],[165.807,-21.822],[165.807,-21.865],[165.859,-21.868],[165.921,-21.91],[165.894,-21.927],[165.928,-21.937],[165.954,-21.938],[165.977,-21.952],[165.94,-21.971],[165.977,-21.983],[166.015,-22.008],[166.02,-22.056],[166.069,-22.082],[166.097,-22.06],[166.083,-22.084],[166.111,-22.108],[166.171,-22.123],[166.149,-22.092],[166.171,-22.11],[166.211,-22.146],[166.254,-22.168],[166.272,-22.178],[166.295,-22.174],[166.321,-22.197],[166.333,-22.231],[166.363,-22.213],[166.379,-22.178],[166.409,-22.2],[166.41,-22.208],[166.381,-22.231],[166.384,-22.269],[166.455,-22.332],[166.525,-22.266],[166.639,-22.321],[166.742,-22.48],[166.873,-22.42],[167.055,-22.322],[166.978,-22.14],[166.803,-21.988],[166.617,-21.881],[166.468,-21.692],[166.172,-21.532],[165.927,-21.376],[165.773,-21.286],[165.65,-21.184],[165.429,-21.054],[165.417,-20.924],[165.291,-20.788],[164.979,-20.661],[164.621,-20.387],[164.292,-20.202],[164.171,-20.016],[164.207,-20.168],[164.049,-20.078],[163.922,-19.94],[163.922,-19.94]]]}},{"type":"Feature","geometry":{"type":"Polygon","coordinates":[[[163.572,-19.517],[163.564,-19.529],[163.56,-19.551],[163.577,-19.601],[163.604,-19.623],[163.628,-19.656],[163.616,-19.672],[163.636,-19.749],[163.67,-19.799],[163.661,-19.834],[163.683,-19.84],[163.696,-19.921],[163.712,-19.912],[163.712,-19.87],[163.714,-19.849],[163.704,-19.811],[163.694,-19.786],[163.718,-19.781],[163.714,-19.745],[163.687,-19.718],[163.68,-19.679],[163.631,-19.613],[163.628,-19.595],[163.579,-19.527],[163.572,-19.517]]]}},{"type":"Feature","geometry":{"type":"Polygon","coordinates":[[[167.149,-20.662],[167.134,-20.7],[167.064,-20.689],[167.021,-20.719],[167.02,-20.724],[167.007,-20.761],[167.022,-20.8],[167.131,-20.81],[167.105,-20.892],[167.024,-20.886],[166.981,-20.915],[167.094,-21.096],[167.219,-21.113],[167.32,-21.2],[167.386,-21.205],[167.436,-21.174],[167.437,-21.111],[167.482,-21.056],[167.417,-21.006],[167.414,-20.978],[167.386,-20.932],[167.3,-20.896],[167.309,-20.87],[167.301,-20.775],[167.338,-20.729],[167.3,-20.707],[167.228,-20.665],[167.149,-20.662]]]}},{"type":"Feature","geometry":{"type":"Polygon","coordinates":[[[168,-21.321],[167.947,-21.339],[167.866,-21.373],[167.826,-21.353],[167.771,-21.378],[167.816,-21.449],[167.807,-21.49],[167.852,-21.551],[167.833,-21.606],[167.918,-21.622],[167.936,-21.657],[168.025,-21.68],[168.067,-21.664],[168.142,-21.643],[168.128,-21.569],[168.146,-21.484],[168.159,-21.439],[168.131,-21.413],[168.085,-21.435],[168.014,-21.438],[167.978,-21.383],[168,-21.321]]]}},{"type":"Feature","geometry":{"type":"Polygon","coordinates":[[[166.612,-20.372],[166.571,-20.377],[166.507,-20.385],[166.451,-20.43],[166.389,-20.437],[166.358,-20.451],[166.271,-20.484],[166.211,-20.495],[166.214,-20.516],[166.312,-20.507],[166.396,-20.472],[166.459,-20.469],[166.506,-20.433],[166.562,-20.433],[166.576,-20.469],[166.542,-20.518],[166.532,-20.59],[166.481,-20.674],[166.409,-20.697],[166.385,-20.665],[166.347,-20.621],[166.307,-20.611],[166.295,-20.59],[166.267,-20.56],[166.256,-20.594],[166.27,-20.633],[166.337,-20.662],[166.358,-20.718],[166.418,-20.751],[166.487,-20.732],[166.579,-20.706],[166.627,-20.616],[166.635,-20.581],[166.59,-20.581],[166.597,-20.536],[166.623,-20.491],[166.665,-20.496],[166.693,-20.467],[166.639,-20.417],[166.612,-20.372]]]}},{"type":"Feature","geometry":{"type":"Polygon","coordinates":[[[-61.185,14.886],[-61.221,14.869],[-61.239,14.822],[-61.231,14.782],[-61.188,14.746],[-61.197,14.703],[-61.162,14.642],[-61.122,14.615],[-61.105,14.596],[-61.068,14.586],[-61.041,14.587],[-61.023,14.573],[-61.009,14.56],[-61.03,14.562],[-61.05,14.571],[-61.078,14.559],[-61.102,14.54],[-61.116,14.514],[-61.103,14.497],[-61.103,14.478],[-61.077,14.453],[-61.054,14.445],[-61.038,14.433],[-61.033,14.445],[-61.029,14.465],[-61.011,14.458],[-60.978,14.46],[-60.926,14.453],[-60.897,14.441],[-60.903,14.421],[-60.885,14.387],[-60.862,14.376],[-60.847,14.388],[-60.829,14.399],[-60.818,14.423],[-60.8,14.451],[-60.802,14.479],[-60.812,14.5],[-60.82,14.523],[-60.824,14.549],[-60.818,14.572],[-60.836,14.58],[-60.842,14.6],[-60.84,14.611],[-60.84,14.629],[-60.851,14.64],[-60.87,14.631],[-60.875,14.643],[-60.875,14.663],[-60.874,14.681],[-60.871,14.697],[-60.89,14.704],[-60.906,14.719],[-60.925,14.736],[-60.906,14.728],[-60.882,14.728],[-60.878,14.746],[-60.87,14.755],[-60.865,14.778],[-60.883,14.789],[-60.915,14.775],[-60.948,14.765],[-60.953,14.778],[-60.975,14.797],[-61.017,14.835],[-61.061,14.859],[-61.118,14.886],[-61.185,14.886]]]}},{"type":"Feature","geometry":{"type":"Polygon","coordinates":[[[-61.469,16.527],[-61.49,16.508],[-61.516,16.491],[-61.542,16.456],[-61.551,16.435],[-61.54,16.393],[-61.516,16.38],[-61.52,16.366],[-61.546,16.353],[-61.547,16.325],[-61.565,16.296],[-61.597,16.293],[-61.589,16.31],[-61.607,16.314],[-61.653,16.329],[-61.7,16.352],[-61.734,16.37],[-61.767,16.366],[-61.773,16.387],[-61.79,16.385],[-61.795,16.353],[-61.815,16.312],[-61.821,16.272],[-61.795,16.211],[-61.802,16.174],[-61.793,16.143],[-61.794,16.068],[-61.772,16.043],[-61.769,16.005],[-61.735,15.975],[-61.713,15.936],[-61.633,15.956],[-61.605,15.975],[-61.561,16.011],[-61.542,16.05],[-61.553,16.111],[-61.548,16.13],[-61.56,16.151],[-61.575,16.191],[-61.577,16.221],[-61.556,16.207],[-61.52,16.2],[-61.481,16.186],[-61.429,16.196],[-61.365,16.215],[-61.301,16.234],[-61.245,16.245],[-61.162,16.232],[-61.166,16.251],[-61.234,16.276],[-61.254,16.313],[-61.291,16.334],[-61.361,16.346],[-61.392,16.383],[-61.39,16.408],[-61.394,16.449],[-61.41,16.485],[-61.449,16.516],[-61.469,16.527]]]}},{"type":"Feature","geometry":{"type":"Polygon","coordinates":[[[-56.332,47.156],[-56.387,47.147],[-56.415,47.123],[-56.413,47.087],[-56.404,47.02],[-56.368,46.991],[-56.353,46.931],[-56.368,46.881],[-56.42,46.851],[-56.429,46.824],[-56.396,46.806],[-56.382,46.781],[-56.346,46.769],[-56.225,46.838],[-56.231,46.881],[-56.265,46.901],[-56.305,46.925],[-56.282,46.961],[-56.247,47.006],[-56.225,47.061],[-56.28,47.086],[-56.353,47.115],[-56.328,47.13],[-56.332,47.156]]]}},{"type":"Feature","geometry":{"type":"Polygon","coordinates":[[[-147.854,-14.901],[-147.924,-15.008],[-147.952,-15.077],[-147.95,-15.083],[-147.958,-15.115],[-147.895,-15.205],[-147.74,-15.262],[-147.673,-15.247],[-147.552,-15.288],[-147.461,-15.331],[-147.339,-15.342],[-147.268,-15.307],[-147.202,-15.296],[-147.225,-15.211],[-147.281,-15.223],[-147.366,-15.18],[-147.564,-14.991],[-147.73,-14.914],[-147.854,-14.901]]]}},{"type":"Feature","geometry":{"type":"Polygon","coordinates":[[[-146.808,-15.178],[-146.846,-15.219],[-146.898,-15.251],[-146.915,-15.307],[-146.887,-15.32],[-146.853,-15.284],[-146.803,-15.223],[-146.749,-15.231],[-146.652,-15.253],[-146.616,-15.279],[-146.629,-15.35],[-146.688,-15.398],[-146.79,-15.413],[-146.794,-15.428],[-146.739,-15.433],[-146.659,-15.407],[-146.6,-15.364],[-146.588,-15.293],[-146.595,-15.235],[-146.688,-15.207],[-146.808,-15.178]]]}},{"type":"Feature","geometry":{"type":"Polygon","coordinates":[[[-146.822,-15.625],[-146.895,-15.647],[-146.897,-15.683],[-146.881,-15.715],[-146.865,-15.726],[-146.851,-15.71],[-146.861,-15.673],[-146.836,-15.657],[-146.783,-15.67],[-146.687,-15.712],[-146.603,-15.731],[-146.514,-15.798],[-146.513,-15.827],[-146.475,-15.85],[-146.461,-15.836],[-146.497,-15.786],[-146.591,-15.706],[-146.663,-15.699],[-146.717,-15.665],[-146.822,-15.625]]]}},{"type":"Feature","geometry":{"type":"Polygon","coordinates":[[[-146.431,-15.289],[-146.456,-15.361],[-146.47,-15.459],[-146.444,-15.569],[-146.398,-15.599],[-146.382,-15.586],[-146.407,-15.546],[-146.42,-15.427],[-146.402,-15.337],[-146.288,-15.341],[-146.214,-15.357],[-146.25,-15.534],[-146.277,-15.575],[-146.251,-15.583],[-146.218,-15.561],[-146.176,-15.329],[-146.328,-15.296],[-146.431,-15.289]]]}},{"type":"Feature","geometry":{"type":"Polygon","coordinates":[[[-146.114,-15.774],[-146.169,-15.798],[-146.219,-15.86],[-146.212,-15.875],[-146.177,-15.838],[-146.122,-15.8],[-146.03,-15.819],[-145.922,-15.883],[-145.881,-15.962],[-145.911,-16.002],[-145.961,-16.025],[-145.963,-16.037],[-145.91,-16.029],[-145.865,-15.996],[-145.849,-15.962],[-145.872,-15.93],[-145.911,-15.862],[-146.016,-15.797],[-146.056,-15.79],[-146.114,-15.774]]]}},{"type":"Feature","geometry":{"type":"Polygon","coordinates":[[[-145.618,-16.041],[-145.669,-16.052],[-145.782,-16.096],[-145.838,-16.132],[-145.834,-16.187],[-145.756,-16.316],[-145.647,-16.429],[-145.592,-16.493],[-145.524,-16.541],[-145.511,-16.538],[-145.465,-16.547],[-145.44,-16.505],[-145.353,-16.457],[-145.361,-16.419],[-145.473,-16.345],[-145.493,-16.293],[-145.532,-16.259],[-145.567,-16.147],[-145.596,-16.103],[-145.618,-16.041]]]}},{"type":"Feature","geometry":{"type":"Polygon","coordinates":[[[-144.761,-16.759],[-144.875,-16.778],[-144.987,-16.778],[-144.987,-16.856],[-144.968,-16.852],[-144.966,-16.803],[-144.894,-16.805],[-144.77,-16.792],[-144.698,-16.859],[-144.592,-16.889],[-144.594,-16.948],[-144.619,-16.968],[-144.679,-16.973],[-144.802,-16.9],[-144.917,-16.872],[-144.917,-16.883],[-144.89,-16.899],[-144.86,-16.902],[-144.746,-16.96],[-144.694,-16.994],[-144.648,-17.003],[-144.577,-16.979],[-144.559,-16.936],[-144.561,-16.874],[-144.678,-16.842],[-144.718,-16.799],[-144.761,-16.759]]]}},{"type":"Feature","geometry":{"type":"Polygon","coordinates":[[[-143.963,-16.427],[-144.012,-16.478],[-143.987,-16.503],[-143.97,-16.526],[-143.947,-16.523],[-143.947,-16.501],[-143.981,-16.48],[-143.952,-16.451],[-143.848,-16.472],[-143.823,-16.528],[-143.674,-16.591],[-143.625,-16.633],[-143.517,-16.633],[-143.468,-16.623],[-143.419,-16.648],[-143.413,-16.673],[-143.383,-16.686],[-143.363,-16.678],[-143.405,-16.618],[-143.461,-16.592],[-143.497,-16.604],[-143.614,-16.605],[-143.652,-16.573],[-143.804,-16.516],[-143.833,-16.448],[-143.913,-16.429],[-143.963,-16.427]]]}},{"type":"Feature","geometry":{"type":"Polygon","coordinates":[[[-149.492,-17.482],[-149.517,-17.51],[-149.545,-17.509],[-149.61,-17.537],[-149.634,-17.585],[-149.63,-17.634],[-149.599,-17.691],[-149.586,-17.746],[-149.497,-17.79],[-149.43,-17.792],[-149.333,-17.76],[-149.304,-17.825],[-149.261,-17.866],[-149.179,-17.892],[-149.132,-17.881],[-149.109,-17.813],[-149.125,-17.766],[-149.154,-17.731],[-149.177,-17.741],[-149.23,-17.723],[-149.29,-17.717],[-149.299,-17.664],[-149.284,-17.633],[-149.292,-17.59],[-149.317,-17.548],[-149.365,-17.523],[-149.378,-17.506],[-149.45,-17.495],[-149.492,-17.482]]]}},{"type":"Feature","geometry":{"type":"Polygon","coordinates":[[[-138.974,-9.687],[-139.035,-9.691],[-139.09,-9.723],[-139.148,-9.741],[-139.183,-9.769],[-139.138,-9.844],[-139.07,-9.868],[-139.039,-9.871],[-139.026,-9.846],[-139.047,-9.836],[-139.033,-9.825],[-138.907,-9.821],[-138.816,-9.791],[-138.78,-9.76],[-138.787,-9.732],[-138.863,-9.748],[-138.888,-9.724],[-138.948,-9.726],[-138.974,-9.687]]]}},{"type":"Feature","geometry":{"type":"Polygon","coordinates":[[[-142.188,-17.946],[-142.24,-17.958],[-142.252,-17.983],[-142.287,-18.004],[-142.391,-18],[-142.409,-18.048],[-142.392,-18.056],[-142.367,-18.092],[-142.348,-18.095],[-142.343,-18.078],[-142.363,-18.058],[-142.376,-18.026],[-142.329,-18.026],[-142.249,-18.013],[-142.215,-17.974],[-142.202,-18.028],[-142.234,-18.093],[-142.243,-18.148],[-142.216,-18.176],[-142.188,-18.207],[-142.175,-18.258],[-142.193,-18.285],[-142.19,-18.317],[-142.178,-18.334],[-142.14,-18.297],[-142.094,-18.27],[-142.129,-18.218],[-142.143,-18.17],[-142.213,-18.143],[-142.206,-18.082],[-142.174,-18.037],[-142.188,-17.987],[-142.188,-17.946]]]}},{"type":"Feature","geometry":{"type":"Polygon","coordinates":[[[-140.957,-18.054],[-141.029,-18.066],[-141.065,-18.065],[-141.078,-18.11],[-141.082,-18.122],[-141.055,-18.175],[-141.023,-18.188],[-140.992,-18.235],[-140.928,-18.284],[-140.882,-18.357],[-140.806,-18.422],[-140.696,-18.435],[-140.655,-18.436],[-140.67,-18.398],[-140.716,-18.366],[-140.809,-18.304],[-140.819,-18.262],[-140.804,-18.231],[-140.808,-18.2],[-140.878,-18.133],[-140.894,-18.092],[-140.924,-18.079],[-140.957,-18.054]]]}},{"type":"Feature","geometry":{"type":"Polygon","coordinates":[[[-142.334,-15.916],[-142.399,-15.942],[-142.477,-16.015],[-142.495,-16.056],[-142.539,-16.154],[-142.531,-16.185],[-142.499,-16.258],[-142.454,-16.254],[-142.365,-16.127],[-142.362,-16.095],[-142.3,-15.958],[-142.311,-15.924],[-142.334,-15.916]]]}},{"type":"Feature","geometry":{"type":"Polygon","coordinates":[[[45.034,-12.626],[45.013,-12.63],[45.01,-12.656],[45.045,-12.688],[45.029,-12.725],[45.034,-12.754],[45.079,-12.781],[45.092,-12.817],[45.077,-12.849],[45.118,-12.904],[45.098,-12.89],[45.06,-12.892],[45.075,-12.936],[45.071,-12.961],[45.105,-12.997],[45.144,-13.018],[45.201,-12.999],[45.223,-13.033],[45.244,-13.023],[45.233,-13.002],[45.229,-12.973],[45.203,-12.95],[45.22,-12.928],[45.246,-12.899],[45.239,-12.887],[45.238,-12.855],[45.266,-12.84],[45.302,-12.823],[45.308,-12.788],[45.299,-12.743],[45.293,-12.721],[45.278,-12.726],[45.26,-12.739],[45.238,-12.729],[45.207,-12.719],[45.172,-12.709],[45.144,-12.709],[45.142,-12.692],[45.126,-12.672],[45.113,-12.644],[45.088,-12.648],[45.075,-12.67],[45.053,-12.648],[45.034,-12.626]]]}},{"type":"Feature","geometry":{"type":"Polygon","coordinates":[[[55.455,-20.847],[55.421,-20.851],[55.33,-20.896],[55.287,-20.902],[55.265,-20.933],[55.268,-20.985],[55.205,-21.009],[55.198,-21.077],[55.228,-21.129],[55.256,-21.181],[55.291,-21.27],[55.375,-21.312],[55.466,-21.364],[55.605,-21.404],[55.758,-21.387],[55.824,-21.351],[55.813,-21.292],[55.844,-21.22],[55.848,-21.146],[55.776,-21.079],[55.735,-20.983],[55.669,-20.896],[55.455,-20.847]]]}},{"type":"Feature","geometry":{"type":"Polygon","coordinates":[[[11.661,2.317],[11.357,2.178],[9.95,0.921],[9.779,1.035],[9.587,1.022],[9.267,0.599],[8.797,-0.626],[9.536,-2.438],[11.195,-3.864],[11.342,-3.59],[11.608,-3.454],[11.928,-3.671],[11.906,-3.503],[11.928,-3.242],[11.596,-2.879],[11.596,-2.405],[11.743,-2.434],[12.043,-2.415],[12.485,-2.16],[12.45,-1.866],[12.652,-1.825],[12.869,-2.013],[12.949,-2.194],[12.989,-2.366],[13.299,-2.397],[13.594,-2.328],[13.775,-2.119],[13.891,-2.405],[14.042,-2.488],[14.148,-2.4],[14.159,-2.241],[14.26,-1.963],[14.417,-1.745],[14.436,-1.575],[14.491,-1.377],[14.433,-1.075],[14.529,-0.625],[14.279,-0.458],[14.008,-0.25],[13.936,0.003],[14.055,0.423],[14.417,0.76],[14.416,1.022],[14.234,1.362],[13.884,1.431],[13.734,1.365],[13.472,1.266],[13.299,1.218],[13.225,1.287],[13.251,1.387],[13.188,1.512],[13.138,1.707],[13.188,1.826],[13.21,1.948],[13.297,2.173],[13.171,2.283],[12.924,2.253],[12.73,2.227],[12.491,2.265],[12.152,2.269],[11.696,2.309],[11.661,2.317]]]}},{"type":"Feature","geometry":{"type":"Polygon","coordinates":[[[-15.061,13.827],[-15.215,13.751],[-15.308,13.788],[-15.433,13.722],[-16.545,13.573],[-16.583,13.47],[-16.725,13.458],[-16.817,13.275],[-16.744,13.038],[-16.744,13.072],[-16.733,13.088],[-16.733,13.101],[-16.731,13.111],[-16.726,13.116],[-16.71,13.123],[-16.7,13.134],[-16.71,13.154],[-16.702,13.161],[-16.689,13.163],[-16.649,13.166],[-15.895,13.166],[-15.804,13.186],[-15.68,13.369],[-15.572,13.351],[-15.497,13.394],[-15.381,13.355],[-15.301,13.365],[-15.226,13.421],[-15.205,13.49],[-15.18,13.541],[-15.141,13.58],[-15.091,13.598],[-15.047,13.531],[-14.984,13.485],[-14.882,13.446],[-14.811,13.419],[-14.757,13.407],[-14.704,13.361],[-14.669,13.346],[-14.604,13.347],[-14.556,13.331],[-14.52,13.308],[-14.459,13.3],[-14.429,13.266],[-14.376,13.236],[-14.301,13.239],[-14.253,13.229],[-14.156,13.221],[-14.029,13.289],[-13.825,13.346],[-13.811,13.455],[-13.89,13.552],[-13.986,13.577],[-14.157,13.536],[-14.265,13.474],[-14.423,13.501],[-14.468,13.541],[-14.549,13.65],[-14.702,13.617],[-14.789,13.705],[-14.874,13.788],[-15,13.803],[-15.061,13.827]]]}},{"type":"Feature","geometry":{"type":"Polygon","coordinates":[[[40.242,43.587],[40.119,43.569],[40.095,43.53],[40.044,43.467],[40.007,43.39],[40.384,43.167],[41.092,42.844],[41.662,42.126],[41.555,41.518],[41.708,41.474],[41.881,41.46],[42.086,41.51],[42.521,41.437],[42.783,41.577],[42.897,41.502],[43.033,41.372],[43.18,41.275],[43.373,41.205],[43.749,41.111],[44.147,41.192],[44.344,41.227],[44.544,41.192],[44.751,41.218],[44.821,41.238],[44.99,41.283],[45.437,41.428],[45.731,41.336],[46.28,41.189],[46.662,41.168],[46.489,41.418],[46.274,41.603],[46.255,41.755],[46.36,41.934],[46.154,42.014],[45.96,42.023],[45.786,42.103],[45.621,42.241],[45.736,42.379],[45.575,42.55],[45.303,42.571],[45,42.721],[44.773,42.644],[44.403,42.708],[43.969,42.548],[43.742,42.767],[43.456,42.89],[43.017,43.066],[42.682,43.17],[42.242,43.229],[41.898,43.245],[41.727,43.243],[41.568,43.249],[41.448,43.307],[41.412,43.34],[41.357,43.358],[41.28,43.352],[41.182,43.386],[41.097,43.385],[40.985,43.431],[40.924,43.448],[40.878,43.485],[40.756,43.519],[40.638,43.551],[40.517,43.525],[40.422,43.554],[40.32,43.576],[40.261,43.586],[40.242,43.587]]]}},{"type":"Feature","geometry":{"type":"Polygon","coordinates":[[[8.649,54.91],[8.873,53.934],[7.289,53.686],[7.088,52.851],[7.038,52.402],[6.725,51.899],[6.103,51.892],[5.99,51.766],[6.211,51.401],[6.082,51.172],[5.869,51.045],[6.094,50.921],[6.116,50.715],[6.271,50.619],[6.181,50.534],[6.272,50.497],[6.348,50.374],[6.29,50.285],[6.142,50.156],[6.118,50.057],[6.235,49.899],[6.507,49.791],[6.453,49.683],[6.465,49.466],[6.833,49.151],[7.447,49.184],[8.076,48.996],[7.644,48.206],[7.605,47.578],[7.794,47.558],[8.216,47.621],[8.599,47.627],[8.454,47.728],[8.811,47.694],[8.959,47.662],[9.984,47.497],[10.464,47.48],[10.981,47.393],[12.005,47.623],[12.741,47.688],[12.945,47.713],[13.431,48.411],[13.827,48.7],[13.713,48.879],[13.401,48.993],[13.055,49.266],[12.661,49.435],[12.489,49.687],[12.478,49.982],[12.215,50.17],[12.202,50.272],[12.405,50.301],[12.897,50.43],[13.23,50.554],[13.602,50.712],[14.007,50.81],[14.4,50.936],[14.383,51.037],[14.716,50.824],[14.768,51.604],[14.551,52.433],[14.307,53.552],[14.025,54.062],[13.699,54.258],[13.195,54.64],[11.992,54.191],[11.146,54.366],[9.977,54.491],[9.055,54.867],[8.649,54.91]]]}},{"type":"Feature","geometry":{"type":"Polygon","coordinates":[[[8.419,55.061],[8.398,55.06],[8.387,55.05],[8.351,55.005],[8.323,54.963],[8.299,54.927],[8.284,54.896],[8.28,54.865],[8.275,54.802],[8.27,54.76],[8.269,54.749],[8.294,54.738],[8.303,54.741],[8.307,54.761],[8.308,54.783],[8.311,54.801],[8.302,54.826],[8.309,54.854],[8.336,54.852],[8.343,54.871],[8.359,54.871],[8.372,54.854],[8.402,54.843],[8.437,54.849],[8.484,54.862],[8.496,54.873],[8.492,54.884],[8.476,54.882],[8.446,54.879],[8.418,54.886],[8.387,54.893],[8.369,54.91],[8.37,54.922],[8.368,54.932],[8.367,54.957],[8.359,54.968],[8.378,54.991],[8.397,55.001],[8.44,55.009],[8.447,55.02],[8.437,55.03],[8.445,55.038],[8.461,55.039],[8.475,55.047],[8.419,55.061]]]}},{"type":"Feature","geometry":{"type":"Polygon","coordinates":[[[-0.283,11.169],[-0.483,11.03],[-0.672,10.961],[-0.882,10.96],[-1.424,11.019],[-2.352,10.988],[-2.9,10.755],[-2.829,10.396],[-2.751,9.985],[-2.788,9.686],[-2.69,9.452],[-2.733,9.16],[-2.626,8.882],[-2.597,8.174],[-2.735,7.95],[-2.866,7.737],[-3.037,7.069],[-3.25,6.642],[-3.055,5.973],[-2.889,5.637],[-2.769,5.555],[-2.777,5.331],[-2.765,5.237],[-2.741,5.157],[-2.79,5.107],[-2.942,5.095],[-2.418,4.94],[-1.719,4.905],[-0.801,5.2],[0.032,5.621],[1.07,6.012],[0.999,6.334],[0.715,6.528],[0.648,6.738],[0.577,6.805],[0.518,6.973],[0.644,7.394],[0.615,7.75],[0.609,8.141],[0.638,8.248],[0.718,8.348],[0.646,8.491],[0.505,8.572],[0.426,8.781],[0.516,8.861],[0.48,9.147],[0.52,9.437],[0.346,9.49],[0.277,9.484],[0.346,9.575],[0.328,9.771],[0.367,9.968],[0.354,10.171],[0.334,10.336],[0.251,10.414],[0.172,10.447],[-0.014,10.616],[-0.041,10.801],[-0.009,10.916],[-0.005,10.964],[0.027,10.977],[0.007,11.08],[-0.026,11.111],[-0.14,11.14],[-0.283,11.169]]]}},{"type":"Feature","geometry":{"type":"Polygon","coordinates":[[[26.174,41.747],[25.821,41.344],[24.828,41.396],[24.137,41.537],[22.87,41.339],[22.385,41.132],[21.802,40.98],[21.047,40.67],[20.391,39.998],[19.999,39.683],[20.627,38.567],[21.032,38.447],[21.614,38.331],[22.409,38.355],[22.661,38.376],[23.167,38.122],[22.177,38.21],[21.102,37.929],[21.738,36.7],[22.455,36.386],[22.92,36.459],[23.011,37.023],[23.036,37.453],[23.269,37.34],[23.352,37.411],[23.484,37.477],[23.403,37.512],[23.365,37.639],[23.285,37.552],[23.131,37.73],[23.02,37.899],[23.369,37.963],[23.414,37.985],[23.572,38.002],[23.683,37.927],[23.775,37.801],[23.898,37.753],[24.059,37.84],[23.636,38.397],[24.098,38.209],[24.284,37.972],[24.414,38.162],[24.125,38.672],[23.321,39.045],[22.815,38.832],[23.282,38.764],[23.516,38.503],[23.074,38.677],[22.648,38.885],[23.004,39.054],[23.173,39.207],[23.272,39.327],[22.639,40.378],[22.743,40.529],[22.857,40.506],[23.211,40.253],[23.735,39.908],[23.449,40.263],[23.813,40.007],[24.005,39.994],[23.745,40.245],[24.33,40.226],[23.907,40.544],[24.34,40.842],[25.052,40.984],[26.124,40.742],[26.223,40.866],[26.319,41.231],[26.592,41.609],[26.174,41.747]]]}},{"type":"Feature","geometry":{"type":"Polygon","coordinates":[[[25.446,40.04],[25.394,40.014],[25.365,40.002],[25.316,39.972],[25.291,39.958],[25.277,39.982],[25.248,40.002],[25.195,40.006],[25.143,40.014],[25.123,40.023],[25.131,40.009],[25.068,39.996],[25.036,39.991],[25.039,39.952],[25.061,39.924],[25.058,39.895],[25.046,39.883],[25.037,39.861],[25.059,39.854],[25.039,39.83],[25.074,39.834],[25.092,39.836],[25.123,39.846],[25.134,39.83],[25.143,39.824],[25.126,39.812],[25.151,39.805],[25.17,39.796],[25.225,39.795],[25.239,39.799],[25.221,39.814],[25.214,39.843],[25.191,39.854],[25.223,39.874],[25.233,39.886],[25.236,39.904],[25.26,39.904],[25.273,39.891],[25.258,39.876],[25.242,39.864],[25.245,39.848],[25.277,39.828],[25.298,39.791],[25.361,39.784],[25.375,39.807],[25.358,39.829],[25.353,39.852],[25.345,39.868],[25.375,39.89],[25.374,39.911],[25.385,39.929],[25.42,39.967],[25.448,40.014],[25.451,40.032],[25.446,40.04]]]}},{"type":"Feature","geometry":{"type":"Polygon","coordinates":[[[26.363,39.393],[26.26,39.391],[26.167,39.384],[26.15,39.351],[26.123,39.332],[26.061,39.314],[25.987,39.293],[25.903,39.306],[25.854,39.271],[25.816,39.221],[25.811,39.179],[25.862,39.138],[25.915,39.113],[25.957,39.092],[26.01,39.087],[26.043,39.071],[26.091,39.062],[26.163,38.995],[26.193,39.002],[26.222,39.001],[26.279,38.98],[26.348,38.958],[26.425,38.95],[26.494,38.956],[26.54,38.966],[26.561,38.998],[26.624,38.995],[26.625,39.025],[26.62,39.068],[26.58,39.103],[26.564,39.147],[26.553,39.175],[26.521,39.182],[26.506,39.21],[26.447,39.254],[26.41,39.286],[26.458,39.297],[26.458,39.324],[26.429,39.346],[26.38,39.357],[26.393,39.374],[26.363,39.393]]]}},{"type":"Feature","geometry":{"type":"Polygon","coordinates":[[[26.004,38.609],[25.951,38.595],[25.919,38.598],[25.862,38.592],[25.858,38.591],[25.842,38.579],[25.83,38.559],[25.823,38.544],[25.832,38.533],[25.834,38.516],[25.856,38.489],[25.885,38.471],[25.929,38.462],[25.935,38.45],[25.951,38.438],[25.946,38.419],[25.959,38.399],[25.971,38.392],[25.979,38.37],[25.985,38.356],[25.983,38.341],[25.972,38.336],[25.961,38.319],[25.948,38.322],[25.935,38.318],[25.95,38.3],[25.924,38.31],[25.893,38.293],[25.877,38.286],[25.863,38.263],[25.86,38.237],[25.878,38.239],[25.881,38.211],[25.9,38.211],[25.921,38.19],[25.94,38.19],[25.948,38.179],[25.968,38.16],[25.994,38.151],[26.014,38.14],[26.028,38.156],[26.034,38.178],[26.048,38.196],[26.069,38.201],[26.104,38.206],[26.123,38.232],[26.113,38.246],[26.11,38.268],[26.165,38.302],[26.165,38.334],[26.154,38.341],[26.143,38.406],[26.158,38.444],[26.163,38.472],[26.154,38.487],[26.161,38.511],[26.167,38.528],[26.17,38.555],[26.139,38.573],[26.117,38.567],[26.092,38.563],[26.068,38.603],[26.045,38.598],[26.004,38.609]]]}},{"type":"Feature","geometry":{"type":"Polygon","coordinates":[[[24.787,38.007],[24.734,37.996],[24.684,37.978],[24.659,37.942],[24.686,37.884],[24.71,37.856],[24.752,37.833],[24.806,37.8],[24.881,37.734],[24.951,37.654],[25.061,37.582],[25.101,37.546],[25.175,37.516],[25.247,37.526],[25.259,37.564],[25.27,37.613],[25.216,37.646],[25.164,37.648],[25.133,37.661],[25.087,37.663],[25.065,37.682],[24.979,37.691],[25.012,37.773],[24.984,37.787],[24.988,37.816],[24.961,37.843],[24.965,37.908],[24.855,37.926],[24.851,37.967],[24.81,37.985],[24.811,38.003],[24.787,38.007]]]}},{"type":"Feature","geometry":{"type":"Polygon","coordinates":[[[25.355,37.505],[25.317,37.499],[25.303,37.491],[25.303,37.468],[25.321,37.459],[25.317,37.443],[25.305,37.448],[25.292,37.43],[25.298,37.414],[25.286,37.403],[25.282,37.419],[25.246,37.409],[25.258,37.423],[25.238,37.438],[25.214,37.447],[25.192,37.442],[25.193,37.414],[25.214,37.39],[25.205,37.377],[25.218,37.363],[25.244,37.371],[25.266,37.364],[25.287,37.38],[25.308,37.385],[25.312,37.397],[25.326,37.405],[25.35,37.4],[25.385,37.411],[25.4,37.408],[25.413,37.422],[25.432,37.424],[25.431,37.436],[25.459,37.438],[25.472,37.453],[25.474,37.438],[25.498,37.435],[25.496,37.468],[25.473,37.46],[25.464,37.478],[25.444,37.481],[25.422,37.491],[25.409,37.5],[25.394,37.502],[25.372,37.5],[25.355,37.505]]]}},{"type":"Feature","geometry":{"type":"Polygon","coordinates":[[[26.724,37.822],[26.64,37.792],[26.562,37.745],[26.562,37.74],[26.572,37.676],[26.613,37.668],[26.653,37.687],[26.694,37.696],[26.739,37.69],[26.764,37.627],[26.801,37.616],[26.822,37.626],[26.888,37.635],[26.904,37.673],[26.987,37.694],[27.077,37.71],[27.076,37.732],[27.051,37.742],[27.051,37.757],[27.074,37.761],[27.073,37.787],[27.015,37.788],[27.025,37.804],[26.985,37.809],[26.933,37.81],[26.929,37.782],[26.881,37.808],[26.812,37.815],[26.724,37.822]]]}},{"type":"Feature","geometry":{"type":"Polygon","coordinates":[[[25.28,37.164],[25.262,37.163],[25.244,37.139],[25.243,37.152],[25.223,37.161],[25.199,37.145],[25.158,37.132],[25.127,37.101],[25.122,37.081],[25.1,37.072],[25.075,37.069],[25.061,37.054],[25.046,37.037],[25.025,37.029],[25.014,37.004],[25.007,36.978],[24.983,36.981],[24.95,36.963],[24.945,36.942],[24.965,36.937],[24.977,36.952],[24.998,36.946],[25.038,36.955],[25.068,36.935],[25.085,36.944],[25.076,36.968],[25.086,36.986],[25.114,36.964],[25.13,36.97],[25.126,36.987],[25.153,36.974],[25.183,36.971],[25.211,36.984],[25.24,36.984],[25.262,36.999],[25.261,37.017],[25.278,37.041],[25.282,37.064],[25.269,37.078],[25.276,37.104],[25.298,37.129],[25.306,37.148],[25.299,37.16],[25.288,37.159],[25.28,37.164]]]}},{"type":"Feature","geometry":{"type":"Polygon","coordinates":[[[23.757,35.701],[23.688,35.627],[23.699,35.519],[23.633,35.565],[23.566,35.655],[23.568,35.571],[23.546,35.484],[23.513,35.346],[23.551,35.237],[23.757,35.214],[23.909,35.207],[24.053,35.181],[24.221,35.167],[24.418,35.145],[24.576,35.086],[24.725,35.004],[24.832,34.925],[25.15,34.94],[25.476,34.973],[25.789,34.983],[26.018,35.005],[26.158,34.994],[26.296,35.157],[26.318,35.214],[26.315,35.287],[26.356,35.288],[26.281,35.321],[26.149,35.216],[26.022,35.241],[25.889,35.201],[25.826,35.157],[25.735,35.17],[25.768,35.243],[25.79,35.317],[25.657,35.358],[25.442,35.302],[25.123,35.36],[25.031,35.43],[24.894,35.433],[24.696,35.436],[24.457,35.379],[24.272,35.457],[24.196,35.503],[24.195,35.591],[24.066,35.596],[23.996,35.526],[23.917,35.55],[23.78,35.682],[23.757,35.701]]]}},{"type":"Feature","geometry":{"type":"Polygon","coordinates":[[[28.214,36.465],[28.179,36.433],[28.148,36.437],[28.058,36.417],[27.974,36.38],[27.874,36.342],[27.817,36.286],[27.765,36.272],[27.753,36.251],[27.767,36.234],[27.731,36.189],[27.67,36.163],[27.694,36.109],[27.746,36.095],[27.731,35.995],[27.697,35.941],[27.731,35.892],[27.746,35.869],[27.795,35.875],[27.86,35.911],[27.903,35.951],[27.952,36.03],[28.023,36.06],[28.049,36.049],[28.099,36.047],[28.111,36.11],[28.095,36.132],[28.148,36.178],[28.217,36.305],[28.233,36.351],[28.257,36.385],[28.24,36.464],[28.214,36.465]]]}},{"type":"Feature","geometry":{"type":"Polygon","coordinates":[[[27.221,35.92],[27.18,35.876],[27.161,35.816],[27.142,35.733],[27.095,35.646],[27.04,35.608],[27.076,35.546],[27.073,35.479],[27.04,35.441],[26.996,35.443],[26.903,35.423],[26.867,35.452],[26.826,35.434],[26.853,35.407],[26.812,35.385],[26.834,35.342],[26.9,35.331],[27.015,35.405],[27.087,35.425],[27.114,35.385],[27.166,35.391],[27.21,35.432],[27.249,35.472],[27.249,35.526],[27.183,35.637],[27.282,35.911],[27.221,35.92]]]}},{"type":"Feature","geometry":{"type":"Polygon","coordinates":[[[27.276,36.921],[27.246,36.902],[27.2,36.896],[27.169,36.896],[27.125,36.873],[27.072,36.855],[27.035,36.824],[26.991,36.776],[26.962,36.779],[26.931,36.772],[26.912,36.763],[26.911,36.741],[26.913,36.72],[26.923,36.688],[26.973,36.666],[26.978,36.673],[26.973,36.702],[26.989,36.716],[26.98,36.742],[27.013,36.758],[27.046,36.764],[27.099,36.752],[27.123,36.758],[27.163,36.794],[27.193,36.811],[27.297,36.832],[27.362,36.857],[27.355,36.879],[27.337,36.896],[27.323,36.892],[27.302,36.897],[27.292,36.911],[27.276,36.921]]]}},{"type":"Feature","geometry":{"type":"Polygon","coordinates":[[[26.012,36.944],[25.987,36.94],[25.948,36.927],[25.941,36.9],[25.928,36.909],[25.877,36.895],[25.87,36.874],[25.838,36.863],[25.822,36.835],[25.773,36.819],[25.762,36.829],[25.729,36.821],[25.72,36.786],[25.775,36.752],[25.83,36.77],[25.91,36.797],[25.926,36.83],[25.97,36.86],[26.022,36.886],[26.064,36.884],[26.105,36.895],[26.012,36.944]]]}},{"type":"Feature","geometry":{"type":"Polygon","coordinates":[[[26.821,37.219],[26.803,37.216],[26.789,37.217],[26.772,37.216],[26.76,37.206],[26.746,37.199],[26.754,37.178],[26.763,37.164],[26.782,37.161],[26.788,37.153],[26.813,37.145],[26.8,37.133],[26.811,37.117],[26.827,37.106],[26.841,37.094],[26.872,37.096],[26.879,37.088],[26.875,37.08],[26.879,37.068],[26.907,37.052],[26.901,37.043],[26.915,37.031],[26.93,37.02],[26.931,37.006],[26.913,37.021],[26.885,37.023],[26.877,37.01],[26.88,37],[26.903,36.997],[26.908,36.984],[26.902,36.973],[26.919,36.968],[26.906,36.961],[26.902,36.949],[26.919,36.942],[26.928,36.928],[26.924,36.915],[26.936,36.906],[26.956,36.918],[26.99,36.922],[26.993,36.941],[27.031,36.943],[27.056,36.941],[27.066,36.955],[27.055,36.963],[27.053,36.977],[27.062,36.995],[27.039,37.018],[27.016,37.02],[26.994,37.031],[27.002,37.043],[26.98,37.054],[26.949,37.071],[26.927,37.075],[26.898,37.083],[26.897,37.106],[26.91,37.11],[26.909,37.12],[26.901,37.121],[26.887,37.135],[26.892,37.147],[26.883,37.157],[26.863,37.169],[26.866,37.192],[26.845,37.195],[26.821,37.219]]]}},{"type":"Feature","geometry":{"type":"Polygon","coordinates":[[[20.568,38.478],[20.532,38.468],[20.53,38.447],[20.53,38.412],[20.531,38.392],[20.521,38.377],[20.542,38.36],[20.53,38.348],[20.516,38.337],[20.481,38.315],[20.455,38.327],[20.442,38.362],[20.402,38.361],[20.395,38.337],[20.38,38.285],[20.35,38.265],[20.347,38.223],[20.337,38.175],[20.388,38.145],[20.446,38.157],[20.448,38.272],[20.475,38.152],[20.48,38.123],[20.521,38.094],[20.553,38.09],[20.575,38.097],[20.622,38.113],[20.677,38.084],[20.725,38.063],[20.764,38.066],[20.804,38.067],[20.819,38.114],[20.797,38.133],[20.779,38.151],[20.718,38.226],[20.695,38.268],[20.663,38.283],[20.634,38.255],[20.628,38.312],[20.612,38.405],[20.589,38.443],[20.568,38.478],[20.568,38.478]]]}},{"type":"Feature","geometry":{"type":"Polygon","coordinates":[[[20.714,37.939],[20.682,37.933],[20.643,37.911],[20.619,37.879],[20.607,37.834],[20.617,37.809],[20.653,37.786],[20.671,37.763],[20.699,37.727],[20.729,37.708],[20.779,37.674],[20.803,37.644],[20.852,37.642],[20.869,37.66],[20.851,37.691],[20.871,37.707],[20.902,37.724],[20.95,37.713],[20.976,37.691],[21,37.693],[20.998,37.732],[20.957,37.762],[20.911,37.779],[20.917,37.81],[20.802,37.856],[20.766,37.849],[20.748,37.881],[20.726,37.893],[20.714,37.939]]]}},{"type":"Feature","geometry":{"type":"Polygon","coordinates":[[[19.85,39.829],[19.793,39.799],[19.753,39.805],[19.721,39.797],[19.663,39.805],[19.646,39.785],[19.627,39.76],[19.625,39.746],[19.646,39.733],[19.652,39.703],[19.671,39.713],[19.666,39.684],[19.679,39.668],[19.703,39.666],[19.717,39.652],[19.731,39.625],[19.762,39.611],[19.771,39.597],[19.795,39.591],[19.839,39.551],[19.834,39.533],[19.848,39.478],[19.87,39.453],[19.907,39.428],[19.948,39.421],[19.982,39.402],[20.016,39.387],[20.05,39.373],[20.117,39.352],[20.132,39.377],[20.111,39.395],[20.089,39.439],[20.071,39.466],[20.056,39.452],[20.027,39.443],[20.014,39.46],[19.99,39.466],[19.946,39.481],[19.924,39.552],[19.926,39.576],[19.934,39.599],[19.937,39.644],[19.923,39.651],[19.911,39.636],[19.893,39.639],[19.891,39.652],[19.874,39.652],[19.867,39.67],[19.856,39.685],[19.852,39.7],[19.882,39.717],[19.914,39.724],[19.942,39.739],[19.964,39.773],[19.952,39.79],[19.925,39.799],[19.894,39.804],[19.883,39.818],[19.85,39.829]]]}},{"type":"Feature","geometry":{"type":"Polygon","coordinates":[[[-90.989,17.818],[-91.357,17.189],[-91.263,17.167],[-91.215,17.062],[-91.066,16.925],[-90.981,16.903],[-90.921,16.826],[-90.799,16.777],[-90.652,16.598],[-90.63,16.574],[-90.611,16.494],[-90.585,16.47],[-90.516,16.473],[-90.417,16.424],[-90.365,16.373],[-90.409,16.348],[-90.409,16.328],[-90.426,16.257],[-90.456,16.223],[-90.428,16.141],[-90.427,16.101],[-92.061,15.075],[-92.141,14.885],[-92.168,14.754],[-92.185,14.574],[-91.989,14.328],[-91.024,13.902],[-90.139,13.739],[-90.12,13.744],[-90.109,13.744],[-90.094,13.753],[-90.096,13.767],[-90.114,13.777],[-90.111,13.8],[-90.113,13.827],[-90.098,13.856],[-90.067,13.888],[-90.039,13.897],[-90.031,13.928],[-90,13.956],[-89.923,14.007],[-89.855,14.056],[-89.747,14.056],[-89.672,14.174],[-89.559,14.211],[-89.52,14.236],[-89.592,14.312],[-89.581,14.394],[-89.509,14.407],[-89.417,14.421],[-89.356,14.421],[-89.306,14.502],[-89.197,14.584],[-89.131,14.711],[-89.225,14.885],[-89.173,15.036],[-88.676,15.348],[-88.338,15.631],[-88.235,15.717],[-88.433,15.872],[-88.638,15.978],[-88.577,15.852],[-88.712,15.817],[-88.91,15.899],[-89.02,15.894],[-89.112,15.907],[-89.194,15.901],[-89.155,16.969],[-89.731,17.815],[-90.989,17.818]]]}},{"type":"Feature","geometry":{"type":"Polygon","coordinates":[[[-13.707,12.676],[-13.759,12.277],[-13.877,12.137],[-13.795,11.714],[-14.043,11.647],[-14.696,11.478],[-15.094,10.857],[-14.472,10.322],[-13.613,9.764],[-13.528,9.481],[-13.317,9.093],[-13.154,9.068],[-12.951,9.259],[-12.773,9.344],[-12.632,9.547],[-12.494,9.811],[-11.82,9.997],[-10.813,9.398],[-10.541,8.804],[-10.701,8.279],[-10.394,8.457],[-10.279,8.486],[-10.047,8.5],[-9.776,8.55],[-9.626,8.452],[-9.491,8.269],[-9.413,7.979],[-9.476,7.367],[-9.293,7.424],[-8.943,7.289],[-8.71,7.554],[-8.558,7.625],[-8.357,7.576],[-8.116,7.844],[-7.944,8.019],[-8.189,8.207],[-8.188,8.506],[-8.018,8.501],[-7.921,8.453],[-7.786,8.475],[-7.663,8.489],[-7.863,8.774],[-7.856,9.066],[-7.877,9.159],[-8.119,9.655],[-8.131,9.917],[-7.977,10.177],[-8.111,10.453],[-8.269,10.509],[-8.306,10.806],[-8.612,10.968],[-8.475,11.29],[-8.513,11.449],[-8.7,11.644],[-8.906,12.045],[-9.278,12.486],[-9.322,12.321],[-9.899,12.076],[-10.241,12.217],[-10.515,12.104],[-10.779,12.007],[-11.07,12.14],[-11.309,12.022],[-11.435,12.361],[-11.581,12.435],[-12.116,12.414],[-12.624,12.434],[-13.003,12.48],[-13.226,12.643],[-13.707,12.676]]]}},{"type":"Feature","geometry":{"type":"Polygon","coordinates":[[[-14.932,12.685],[-15.257,12.639],[-15.534,12.488],[-15.944,12.439],[-16.162,12.448],[-16.384,12.364],[-16.594,12.351],[-16.715,12.339],[-16.681,12.323],[-16.504,12.196],[-16.356,12.093],[-16.313,11.971],[-16.341,11.838],[-16.21,11.838],[-16.107,11.775],[-16.018,11.777],[-15.915,11.745],[-15.647,11.785],[-15.519,11.785],[-15.541,11.681],[-15.469,11.645],[-15.458,11.61],[-15.426,11.534],[-15.468,11.491],[-15.513,11.357],[-15.413,11.244],[-15.264,11.108],[-15.281,11.028],[-15.136,11.027],[-15.076,10.892],[-14.989,10.962],[-14.921,11.054],[-14.761,11.384],[-14.616,11.514],[-14.268,11.678],[-14.182,11.658],[-14.058,11.65],[-13.938,11.656],[-13.848,11.721],[-13.829,11.742],[-13.795,11.714],[-13.723,11.703],[-13.715,11.889],[-13.797,12.074],[-13.921,12.152],[-13.921,12.233],[-13.828,12.281],[-13.807,12.261],[-13.707,12.259],[-13.66,12.339],[-13.633,12.453],[-13.704,12.669],[-14.873,12.682],[-14.932,12.685]]]}},{"type":"Feature","geometry":{"type":"Polygon","coordinates":[[[-59.931,8.55],[-60.027,8.035],[-60.529,7.828],[-60.691,7.471],[-60.444,7.196],[-60.4,6.962],[-60.919,6.76],[-61.183,6.49],[-61.276,6.111],[-60.725,5.22],[-60.403,5.211],[-60.055,5.131],[-60.024,4.779],[-60.127,4.576],[-60.07,4.493],[-59.86,4.457],[-59.664,4.377],[-59.726,4.175],[-59.59,4.014],[-59.564,3.89],[-59.627,3.798],[-59.801,3.618],[-59.818,3.482],[-59.833,3.331],[-59.924,3.114],[-59.963,2.617],[-59.834,2.327],[-59.729,2.022],[-59.648,1.841],[-59.529,1.709],[-59.376,1.509],[-59.101,1.343],[-58.907,1.233],[-58.715,1.234],[-58.541,1.287],[-58.461,1.369],[-58.396,1.506],[-58.233,1.552],[-58.002,1.501],[-57.89,1.674],[-57.67,1.705],[-57.512,1.722],[-57.437,1.904],[-57.309,1.989],[-57.11,2.025],[-56.959,1.922],[-56.725,1.921],[-56.518,1.984],[-56.878,2.287],[-56.954,2.482],[-57.019,2.639],[-57.11,2.78],[-57.181,2.94],[-57.24,3.138],[-57.29,3.349],[-57.527,3.372],[-57.71,3.556],[-58.063,4.108],[-57.84,4.919],[-57.272,5.02],[-57.263,5.28],[-57.197,5.519],[-57.486,6.4],[-59.178,8.105],[-59.931,8.55]]]}},{"type":"Feature","geometry":{"type":"Polygon","coordinates":[[[-72.809,19.972],[-73.428,19.838],[-73.233,19.618],[-72.808,19.461],[-72.797,19.261],[-72.841,19.031],[-72.486,18.746],[-72.414,18.567],[-72.684,18.475],[-72.979,18.472],[-73.257,18.485],[-73.562,18.538],[-73.57,18.556],[-73.707,18.578],[-74.038,18.629],[-74.438,18.632],[-74.18,18.272],[-73.777,18.06],[-73.624,18.202],[-73.023,18.167],[-72.53,18.176],[-71.761,18.027],[-71.741,18.066],[-71.736,18.095],[-71.748,18.126],[-71.749,18.14],[-71.758,18.145],[-71.769,18.165],[-71.781,18.194],[-71.763,18.221],[-71.804,18.389],[-71.879,18.504],[-72.008,18.624],[-71.885,18.638],[-71.809,18.663],[-71.789,18.701],[-71.723,18.88],[-71.757,18.903],[-71.795,18.953],[-71.826,18.964],[-71.844,18.956],[-71.868,18.946],[-71.876,18.972],[-71.852,18.987],[-71.828,18.994],[-71.787,18.998],[-71.782,19.016],[-71.74,19.044],[-71.71,19.067],[-71.697,19.109],[-71.663,19.113],[-71.65,19.144],[-71.647,19.164],[-71.621,19.205],[-71.706,19.251],[-71.762,19.293],[-71.718,19.364],[-71.693,19.477],[-71.726,19.569],[-71.742,19.665],[-71.755,19.682],[-71.76,19.688],[-71.762,19.694],[-71.966,19.751],[-72.271,19.798],[-72.594,19.908],[-72.809,19.972]]]}},{"type":"Feature","geometry":{"type":"Polygon","coordinates":[[[-72.804,20.093],[-72.847,20.091],[-72.866,20.092],[-72.933,20.082],[-72.976,20.067],[-72.975,20.06],[-72.96,20.049],[-72.937,20.047],[-72.886,20.031],[-72.861,20.027],[-72.824,20.026],[-72.782,20.016],[-72.772,20.014],[-72.761,20.009],[-72.719,20],[-72.707,19.996],[-72.668,19.993],[-72.656,19.991],[-72.632,19.989],[-72.616,19.996],[-72.619,20.002],[-72.63,20.018],[-72.654,20.038],[-72.677,20.047],[-72.708,20.059],[-72.745,20.069],[-72.777,20.081],[-72.804,20.093]]]}},{"type":"Feature","geometry":{"type":"Polygon","coordinates":[[[-73.227,18.975],[-73.262,18.971],[-73.286,18.961],[-73.307,18.936],[-73.306,18.904],[-73.274,18.882],[-73.244,18.845],[-73.216,18.829],[-73.195,18.828],[-73.136,18.814],[-73.117,18.802],[-73.084,18.792],[-73.052,18.757],[-73.007,18.74],[-72.925,18.735],[-72.847,18.713],[-72.844,18.695],[-72.821,18.686],[-72.795,18.7],[-72.808,18.722],[-72.786,18.736],[-72.796,18.76],[-72.8,18.785],[-72.842,18.843],[-72.857,18.846],[-72.9,18.863],[-72.963,18.874],[-72.984,18.893],[-73.038,18.922],[-73.069,18.933],[-73.122,18.941],[-73.181,18.973],[-73.178,18.974],[-73.227,18.975]]]}},{"type":"Feature","geometry":{"type":"Polygon","coordinates":[[[-86.015,16.036],[-86.329,15.809],[-87.012,15.782],[-87.648,15.916],[-87.948,15.816],[-88.245,15.705],[-88.3,15.674],[-88.677,15.343],[-89.131,14.711],[-89.35,14.428],[-89.113,14.402],[-89.022,14.289],[-88.861,14.173],[-88.765,14.11],[-88.653,14.018],[-88.511,13.912],[-88.431,13.879],[-88.315,13.891],[-88.198,13.996],[-87.92,13.895],[-87.708,13.801],[-87.772,13.584],[-87.755,13.518],[-87.755,13.441],[-87.746,13.352],[-87.644,13.377],[-87.522,13.343],[-87.476,13.241],[-87.31,12.989],[-87.009,13.003],[-86.911,13.156],[-86.851,13.302],[-86.743,13.408],[-86.77,13.755],[-86.475,13.769],[-86.297,13.851],[-86.192,13.985],[-86.048,14.07],[-85.925,13.935],[-85.738,13.845],[-85.617,14.019],[-85.477,14.084],[-85.381,14.196],[-85.332,14.248],[-85.208,14.254],[-85.196,14.366],[-85.166,14.476],[-85.113,14.575],[-85.026,14.671],[-84.818,14.827],[-84.702,14.691],[-84.553,14.656],[-84.355,14.689],[-84.21,14.733],[-84.017,14.744],[-83.827,14.794],[-83.719,14.831],[-83.663,14.879],[-83.558,14.94],[-83.524,14.974],[-83.472,14.99],[-83.406,15.024],[-83.293,15],[-83.173,14.99],[-83.548,15.327],[-85.125,15.967],[-86.015,16.036]]]}},{"type":"Feature","geometry":{"type":"Polygon","coordinates":[[[-86.186,16.436],[-86.193,16.43],[-86.204,16.43],[-86.224,16.427],[-86.247,16.427],[-86.262,16.426],[-86.274,16.432],[-86.305,16.432],[-86.317,16.428],[-86.338,16.424],[-86.352,16.422],[-86.371,16.417],[-86.397,16.407],[-86.422,16.393],[-86.463,16.382],[-86.514,16.36],[-86.576,16.334],[-86.595,16.302],[-86.601,16.28],[-86.598,16.267],[-86.569,16.292],[-86.551,16.31],[-86.54,16.312],[-86.532,16.311],[-86.506,16.32],[-86.499,16.325],[-86.492,16.322],[-86.481,16.332],[-86.474,16.334],[-86.466,16.344],[-86.452,16.35],[-86.438,16.355],[-86.423,16.359],[-86.409,16.364],[-86.393,16.366],[-86.387,16.381],[-86.379,16.379],[-86.369,16.386],[-86.353,16.389],[-86.338,16.39],[-86.319,16.394],[-86.316,16.403],[-86.304,16.404],[-86.297,16.413],[-86.28,16.411],[-86.273,16.411],[-86.265,16.418],[-86.264,16.411],[-86.254,16.415],[-86.26,16.417],[-86.255,16.422],[-86.251,16.418],[-86.246,16.423],[-86.236,16.421],[-86.228,16.412],[-86.221,16.409],[-86.213,16.417],[-86.209,16.413],[-86.201,16.414],[-86.207,16.42],[-86.194,16.422],[-86.19,16.426],[-86.184,16.436],[-86.186,16.436]]]}},{"type":"Feature","geometry":{"type":"Polygon","coordinates":[[[21.44,48.585],[21.341,48.56],[21.318,48.55],[21.306,48.525],[21.233,48.534],[21.169,48.522],[21.098,48.504],[20.99,48.526],[20.855,48.567],[20.672,48.562],[20.525,48.53],[20.464,48.464],[20.414,48.412],[20.407,48.363],[20.358,48.31],[20.325,48.273],[20.245,48.278],[20.204,48.262],[20.137,48.255],[20.109,48.212],[20.079,48.184],[20.003,48.172],[19.903,48.136],[19.79,48.174],[19.616,48.242],[19.247,48.053],[18.773,47.959],[18.224,47.74],[17.33,47.995],[17.076,47.723],[16.51,47.636],[16.422,47.348],[16.46,46.993],[16.315,46.799],[16.444,46.612],[16.584,46.478],[16.753,46.389],[16.875,46.343],[17.071,46.193],[17.192,46.108],[17.268,46.056],[17.358,45.954],[17.998,45.793],[18.662,45.919],[19.079,45.963],[19.505,46.142],[20.036,46.146],[20.27,46.127],[20.65,46.15],[21.068,46.248],[21.319,46.582],[21.519,46.806],[21.725,47.098],[22.033,47.441],[22.29,47.728],[22.757,47.895],[22.892,47.967],[22.864,48.012],[22.79,48.116],[22.599,48.117],[22.468,48.243],[22.318,48.353],[22.106,48.377],[21.927,48.37],[21.863,48.356],[21.682,48.39],[21.543,48.508],[21.487,48.559],[21.44,48.585]]]}},{"type":"Feature","geometry":{"type":"Polygon","coordinates":[[[-15.985,66.547],[-16.57,66.401],[-17.029,66.223],[-17.435,66.015],[-17.919,66.163],[-18.476,66.069],[-19.402,66.098],[-19.418,65.786],[-19.861,65.989],[-20.41,65.927],[-20.701,65.707],[-21.234,65.502],[-21.305,65.737],[-21.333,65.964],[-21.627,66.093],[-21.753,66.193],[-22.08,66.299],[-22.376,66.463],[-23.004,66.468],[-22.883,66.294],[-22.75,66.119],[-22.549,65.998],[-23.118,66.151],[-23.759,66.089],[-23.895,65.851],[-24.115,65.657],[-24.57,65.507],[-23.839,65.4],[-23.069,65.526],[-22.784,65.488],[-22.471,65.462],[-22.286,65.369],[-22.088,65.423],[-22.217,65.335],[-22.613,65.197],[-22.791,65.122],[-22.677,65.073],[-22.96,65.033],[-23.259,64.995],[-23.563,64.928],[-24.046,64.899],[-23.77,64.717],[-23.376,64.787],[-22.865,64.785],[-22.394,64.715],[-22.326,64.502],[-22.147,64.304],[-21.864,64.188],[-22.187,64.046],[-22.742,64.097],[-22.448,63.792],[-21.239,63.856],[-18.99,63.393],[-17.13,63.761],[-15.664,64.179],[-14.785,64.338],[-14.376,64.581],[-13.843,64.78],[-13.56,64.986],[-13.582,65.21],[-13.579,65.481],[-13.92,65.633],[-14.606,65.773],[-14.584,65.991],[-15.123,66.114],[-14.856,66.399],[-15.645,66.258],[-15.985,66.547]]]}},{"type":"Feature","geometry":{"type":"Polygon","coordinates":[[[76.841,35.675],[76.392,34.736],[73.894,34.548],[74.184,33.458],[74.677,32.563],[75.034,32.045],[74.623,31.425],[74.298,30.798],[72.403,28.785],[70.164,26.204],[70.353,24.357],[68.139,23.651],[69.175,22.492],[72.661,19.979],[74.762,12.964],[79.253,10.123],[82.386,16.946],[87.932,21.793],[88.486,21.708],[89.023,21.795],[88.913,22.882],[88.876,23.232],[88.779,23.504],[88.723,24.001],[88.402,24.945],[88.765,25.5],[88.42,26.326],[88.651,26.418],[88.813,26.253],[88.962,26.35],[88.963,26.451],[89.098,26.337],[89.103,26.292],[89.149,26.154],[89.322,26.039],[89.565,25.98],[89.607,26.12],[89.688,26.221],[89.849,25.996],[91.314,25.187],[91.583,24.096],[91.932,23.697],[92.948,22.028],[93.363,23.166],[94.131,23.831],[94.772,25.482],[96.033,27.179],[97.377,27.896],[96.456,28.488],[95.762,29.321],[94.583,29.266],[93.226,28.53],[91.961,27.744],[92.116,26.896],[89.55,26.811],[88.859,27.812],[87.988,27.114],[87.352,26.35],[85.708,26.83],[84.15,27.488],[82.554,27.688],[80.69,28.604],[80.366,29.742],[80.17,30.803],[78.996,31.342],[78.397,32.532],[79.143,33.103],[78.76,34.481],[77.97,35.494],[76.841,35.675]]]}},{"type":"Feature","geometry":{"type":"Polygon","coordinates":[[[93.032,13.586],[92.967,13.554],[92.902,13.512],[92.873,13.547],[92.869,13.483],[92.857,13.427],[92.809,13.437],[92.831,13.4],[92.817,13.297],[92.818,13.241],[92.786,13.16],[92.779,13.014],[92.756,12.942],[92.725,12.997],[92.666,12.94],[92.647,12.766],[92.696,12.762],[92.722,12.661],[92.666,12.596],[92.685,12.554],[92.685,12.506],[92.694,12.299],[92.641,12.196],[92.602,11.985],[92.585,11.953],[92.547,11.947],[92.514,11.823],[92.543,11.744],[92.586,11.699],[92.601,11.617],[92.574,11.6],[92.519,11.588],[92.552,11.513],[92.6,11.512],[92.614,11.414],[92.56,11.405],[92.574,11.36],[92.701,11.366],[92.688,11.416],[92.684,11.496],[92.751,11.574],[92.764,11.697],[92.776,11.953],[92.787,12.021],[92.793,12.066],[92.822,12.121],[92.867,12.184],[92.906,12.217],[92.951,12.22],[92.946,12.296],[92.895,12.31],[92.97,12.432],[92.98,12.501],[92.973,12.667],[92.949,12.78],[92.924,12.896],[92.916,12.921],[92.941,12.94],[92.999,12.964],[93.021,13.027],[93.056,13.209],[93.078,13.271],[93.085,13.315],[93.092,13.37],[93.113,13.433],[93.062,13.458],[93.059,13.546],[93.032,13.586]]]}},{"type":"Feature","geometry":{"type":"Polygon","coordinates":[[[93.078,12.271],[93.064,12.268],[93.054,12.237],[93.056,12.211],[93.032,12.176],[93.016,12.172],[92.995,12.153],[92.97,12.162],[92.947,12.155],[92.951,12.131],[92.943,12.103],[92.944,12.076],[92.974,12.054],[92.956,12.05],[92.945,12.022],[92.922,12.008],[92.922,11.985],[92.951,11.972],[92.966,11.946],[92.988,11.935],[93.015,11.894],[93.029,11.876],[93.052,11.879],[93.062,11.896],[93.056,11.925],[93.021,11.998],[93.021,12.016],[93.004,12.043],[93.014,12.063],[93.032,12.043],[93.047,12.039],[93.06,12.055],[93.064,12.083],[93.08,12.074],[93.097,12.094],[93.101,12.132],[93.115,12.119],[93.13,12.129],[93.128,12.151],[93.113,12.153],[93.095,12.153],[93.095,12.192],[93.108,12.19],[93.113,12.243],[93.107,12.269],[93.093,12.259],[93.078,12.271]]]}},{"type":"Feature","geometry":{"type":"Polygon","coordinates":[[[92.522,10.91],[92.501,10.909],[92.477,10.895],[92.444,10.874],[92.451,10.849],[92.417,10.834],[92.418,10.814],[92.395,10.795],[92.385,10.804],[92.365,10.799],[92.37,10.733],[92.369,10.664],[92.39,10.659],[92.413,10.619],[92.374,10.562],[92.371,10.532],[92.41,10.523],[92.443,10.536],[92.497,10.504],[92.53,10.505],[92.552,10.534],[92.566,10.557],[92.572,10.586],[92.547,10.607],[92.587,10.653],[92.609,10.681],[92.593,10.733],[92.596,10.787],[92.578,10.813],[92.568,10.864],[92.522,10.91]]]}},{"type":"Feature","geometry":{"type":"Polygon","coordinates":[[[93.528,8.24],[93.489,8.233],[93.479,8.202],[93.446,8.183],[93.446,8.142],[93.472,8.086],[93.47,8.02],[93.502,7.977],[93.577,7.917],[93.597,7.957],[93.581,8.007],[93.555,8.042],[93.564,8.078],[93.568,8.057],[93.593,8.031],[93.61,8.04],[93.597,8.078],[93.597,8.1],[93.586,8.135],[93.553,8.122],[93.56,8.105],[93.557,8.089],[93.538,8.113],[93.515,8.151],[93.528,8.168],[93.555,8.197],[93.548,8.228],[93.528,8.24]]]}},{"type":"Feature","geometry":{"type":"Polygon","coordinates":[[[93.825,7.249],[93.798,7.236],[93.799,7.218],[93.759,7.221],[93.736,7.206],[93.711,7.24],[93.696,7.237],[93.7,7.204],[93.664,7.194],[93.66,7.151],[93.649,7.135],[93.648,7.095],[93.658,7.037],[93.647,7.013],[93.665,6.994],[93.691,7],[93.697,6.98],[93.717,6.974],[93.728,6.954],[93.731,6.916],[93.761,6.885],[93.774,6.841],[93.796,6.802],[93.798,6.755],[93.824,6.745],[93.847,6.751],[93.861,6.8],[93.882,6.782],[93.899,6.789],[93.919,6.838],[93.908,6.852],[93.911,6.888],[93.924,6.907],[93.923,6.92],[93.927,6.943],[93.959,6.939],[93.942,6.982],[93.961,6.995],[93.951,7.014],[93.925,7.05],[93.898,7.1],[93.895,7.193],[93.878,7.22],[93.853,7.224],[93.849,7.243],[93.825,7.249]]]}},{"type":"Feature","geometry":{"type":"Polygon","coordinates":[[[95.039,5.769],[95.055,5.589],[95.247,5.098],[95.663,4.535],[96.46,3.722],[96.974,3.519],[97.464,2.872],[97.78,2.21],[98.196,2.058],[98.605,1.759],[98.682,1.556],[98.917,0.904],[99.071,0.518],[99.189,0.185],[99.708,-0.137],[100.258,-0.845],[100.385,-1.291],[100.609,-1.635],[100.936,-2.425],[101.566,-3.243],[102.2,-3.77],[102.741,-4.368],[103.374,-4.862],[103.789,-5.133],[104.069,-5.471],[104.52,-5.902],[104.674,-5.677],[104.992,-5.768],[105.338,-5.77],[105.437,-5.664],[105.704,-5.929],[105.841,-5.386],[105.9,-4.774],[105.871,-4.185],[105.863,-3.555],[105.936,-2.917],[105.669,-2.405],[104.924,-2.234],[104.565,-1.73],[104.365,-0.987],[103.627,-0.853],[103.645,-0.419],[103.641,-0.08],[103.64,0.376],[103.282,0.692],[103.178,0.923],[102.627,1.085],[102.225,1.597],[101.754,1.725],[101.548,2.108],[100.78,2.317],[100.312,2.621],[99.892,3.069],[99.323,3.475],[98.616,3.944],[98.274,4.259],[98.001,4.693],[97.512,5.273],[96.851,5.306],[96.145,5.296],[95.474,5.662],[95.164,5.672],[95.039,5.769]]]}},{"type":"Feature","geometry":{"type":"Polygon","coordinates":[[[106.037,-5.862],[105.872,-6.061],[105.787,-6.4],[105.715,-6.482],[105.636,-6.478],[105.537,-6.684],[105.44,-6.748],[105.316,-6.663],[105.206,-6.729],[105.287,-6.851],[105.44,-6.858],[105.76,-6.866],[106.047,-6.855],[106.327,-7.013],[106.475,-7.086],[106.353,-7.307],[106.478,-7.407],[107.431,-7.525],[107.801,-7.71],[108.504,-7.821],[108.626,-7.721],[108.766,-7.717],[109.039,-7.745],[109.396,-7.783],[110.165,-7.982],[110.711,-8.207],[111.136,-8.294],[111.386,-8.292],[111.591,-8.347],[111.752,-8.354],[111.966,-8.305],[112.384,-8.396],[112.765,-8.432],[113.268,-8.309],[113.53,-8.445],[113.784,-8.523],[113.945,-8.585],[114.048,-8.657],[114.272,-8.624],[114.435,-8.77],[114.521,-8.631],[114.41,-8.448],[114.408,-8.243],[114.449,-7.93],[114.195,-7.666],[113.623,-7.676],[113.24,-7.661],[112.908,-7.588],[112.703,-7.187],[112.64,-6.97],[112.423,-6.841],[111.864,-6.775],[111.296,-6.658],[110.859,-6.375],[110.547,-6.7],[110.277,-6.888],[109.752,-6.842],[109.215,-6.831],[108.859,-6.716],[108.615,-6.722],[108.379,-6.229],[108.104,-6.284],[107.634,-6.158],[107.126,-5.915],[106.913,-6.045],[106.742,-5.999],[106.539,-5.994],[106.227,-5.921],[106.037,-5.862],[106.037,-5.862]]]}},{"type":"Feature","geometry":{"type":"Polygon","coordinates":[[[116.566,4.405],[116.406,4.359],[116.087,4.272],[115.849,4.286],[115.654,4.011],[115.587,3.644],[115.545,3.356],[115.446,3.028],[115.117,2.802],[115.139,2.593],[115.1,2.408],[114.902,2.261],[114.813,2.065],[114.791,1.852],[114.619,1.571],[114.395,1.516],[114.05,1.446],[113.662,1.219],[113.371,1.325],[113.016,1.403],[112.981,1.561],[112.694,1.556],[112.201,1.406],[112.153,1.143],[111.765,1.02],[111.533,0.948],[111.146,1.053],[110.727,0.909],[110.41,0.957],[110.244,1.118],[110.064,1.266],[109.797,1.498],[109.541,1.925],[109.299,1.948],[108.95,0.948],[108.84,0.466],[109.057,-0.336],[109.306,-0.942],[109.414,-1.155],[109.943,-1.291],[110.005,-1.661],[110.075,-2.21],[110.096,-2.643],[110.121,-2.867],[110.483,-2.898],[111.504,-3.018],[111.801,-3.564],[113.051,-3.11],[113.464,-3.204],[114.596,-3.637],[115.962,-3.624],[116.072,-3.328],[116.308,-3.021],[116.614,-2.151],[116.557,-1.649],[117.342,-0.941],[117.665,-0.426],[117.561,0.139],[118.012,0.693],[119.014,0.99],[118.095,1.808],[117.817,2.773],[117.665,3.197],[117.824,3.66],[117.647,4.167],[117.378,4.262],[117.087,4.335],[116.814,4.349],[116.612,4.375],[116.566,4.405]]]}},{"type":"Feature","geometry":{"type":"Polygon","coordinates":[[[125.119,1.911],[124.81,1.645],[124.651,1.443],[124.184,1.005],[123.287,0.956],[122.842,0.95],[122.623,1.012],[122.248,1.038],[121.867,1.138],[121.49,1.329],[120.873,1.387],[120.685,1.092],[120.41,0.831],[120.32,1.001],[119.989,0.687],[119.842,0.413],[119.836,-0.036],[119.725,-0.354],[119.443,-1.02],[119.29,-1.8],[119.018,-2.485],[118.754,-2.891],[118.831,-3.465],[119.478,-3.563],[119.552,-4.494],[119.355,-4.901],[119.336,-5.282],[119.94,-5.583],[120.424,-5.326],[120.425,-4.565],[120.383,-3.903],[120.271,-3.039],[121.023,-2.748],[120.848,-3.379],[121.277,-3.93],[121.443,-4.081],[121.481,-4.412],[122.16,-4.836],[122.405,-4.466],[122.686,-4.584],[122.914,-4.307],[122.743,-4.06],[122.562,-3.866],[122.371,-3.581],[122.459,-3.295],[122.467,-3.101],[122.437,-3.007],[122.047,-2.702],[121.566,-2.098],[121.87,-1.734],[122.65,-1.259],[123.109,-0.959],[123.438,-0.652],[122.926,-0.589],[122.627,-0.736],[121.988,-0.904],[121.451,-0.861],[120.876,-1.339],[120.418,-0.875],[120.035,-0.202],[120.449,0.445],[121.237,0.419],[121.77,0.376],[123.18,0.339],[124.522,0.461],[124.927,0.953],[125.261,1.553],[125.126,1.88],[125.119,1.911]]]}},{"type":"Feature","geometry":{"type":"Polygon","coordinates":[[[132.42,-0.313],[132.106,-0.424],[131.215,-0.78],[131.14,-0.883],[130.691,-0.915],[130.621,-1.217],[130.975,-1.491],[131.563,-1.526],[131.895,-1.895],[132.572,-2.276],[133.579,-2.257],[133.463,-2.394],[133.044,-2.449],[132.442,-2.607],[131.92,-2.758],[132.359,-3.001],[132.624,-3.331],[132.667,-3.526],[132.709,-3.6],[133.02,-4.149],[133.425,-4.267],[133.374,-4.089],[133.428,-3.759],[133.728,-3.692],[134.07,-3.879],[134.577,-4.089],[135.194,-4.494],[136.329,-4.697],[137.337,-5.098],[137.674,-5.338],[138.198,-5.87],[138.58,-6.716],[138.643,-7.232],[137.865,-7.795],[137.764,-8.436],[138.605,-8.395],[139.253,-8.19],[140.457,-8.618],[140.974,-6.891],[140.9,-6.842],[140.886,-6.738],[140.871,-6.624],[140.926,-6.5],[140.92,-6.42],[140.961,-6.332],[140.773,-2.529],[140.202,-2.36],[139.364,-2.125],[138.934,-1.935],[138.018,-1.528],[137.045,-1.814],[137.145,-1.999],[136.755,-2.19],[136.28,-2.394],[135.894,-2.928],[135.5,-3.268],[134.907,-3.216],[134.778,-2.899],[134.611,-2.448],[134.445,-2.503],[134.345,-2.46],[134.268,-1.736],[134.22,-1.56],[134.055,-0.975],[134.022,-0.726],[133.186,-0.52],[132.42,-0.313]]]}},{"type":"Feature","geometry":{"type":"Polygon","coordinates":[[[97.229,2.342],[97.197,2.342],[97.203,2.3],[97.16,2.256],[97.099,2.25],[97.099,2.202],[97.14,2.179],[97.21,2.143],[97.256,2.09],[97.306,2.033],[97.344,2.02],[97.37,2.039],[97.372,1.961],[97.401,1.963],[97.401,2.013],[97.401,2.046],[97.379,2.072],[97.376,2.114],[97.344,2.201],[97.358,2.241],[97.351,2.296],[97.313,2.333],[97.291,2.3],[97.229,2.342]]]}},{"type":"Feature","geometry":{"type":"Polygon","coordinates":[[[95.759,2.942],[95.744,2.919],[95.742,2.898],[95.754,2.875],[95.749,2.85],[95.729,2.85],[95.685,2.791],[95.676,2.754],[95.707,2.735],[95.709,2.697],[95.729,2.695],[95.767,2.67],[95.777,2.626],[95.801,2.612],[95.848,2.603],[95.891,2.584],[95.924,2.566],[95.898,2.527],[95.928,2.514],[95.972,2.512],[95.957,2.55],[95.975,2.568],[95.995,2.551],[96.013,2.566],[96.054,2.55],[96.109,2.522],[96.168,2.481],[96.213,2.433],[96.301,2.403],[96.297,2.374],[96.309,2.345],[96.358,2.33],[96.426,2.317],[96.476,2.331],[96.509,2.363],[96.498,2.403],[96.524,2.41],[96.523,2.435],[96.489,2.452],[96.479,2.481],[96.423,2.515],[96.403,2.526],[96.387,2.51],[96.372,2.53],[96.358,2.563],[96.274,2.592],[96.228,2.661],[96.169,2.691],[96.161,2.714],[96.14,2.729],[96.113,2.763],[96.077,2.767],[96.03,2.779],[95.983,2.816],[95.977,2.851],[95.96,2.859],[95.931,2.877],[95.912,2.906],[95.882,2.922],[95.827,2.939],[95.79,2.937],[95.759,2.942]]]}},{"type":"Feature","geometry":{"type":"Polygon","coordinates":[[[98.563,0.19],[98.512,0.154],[98.526,0.087],[98.595,0.075],[98.614,0.054],[98.7,0.054],[98.79,0.073],[98.858,0.062],[98.872,0.098],[98.857,0.133],[98.814,0.17],[98.741,0.185],[98.646,0.189],[98.563,0.19]]]}},{"type":"Feature","geometry":{"type":"Polygon","coordinates":[[[98.232,0.07],[98.202,0.027],[98.235,-0.021],[98.256,-0.082],[98.219,-0.088],[98.175,-0.122],[98.207,-0.145],[98.272,-0.118],[98.352,-0.152],[98.404,-0.171],[98.364,-0.189],[98.391,-0.245],[98.374,-0.284],[98.378,-0.312],[98.359,-0.446],[98.326,-0.492],[98.276,-0.531],[98.398,-0.59],[98.44,-0.593],[98.439,-0.553],[98.485,-0.586],[98.49,-0.641],[98.536,-0.626],[98.521,-0.553],[98.535,-0.503],[98.523,-0.425],[98.556,-0.406],[98.56,-0.352],[98.593,-0.336],[98.538,-0.215],[98.497,-0.14],[98.543,-0.148],[98.525,-0.103],[98.521,-0.066],[98.557,-0.07],[98.521,-0.02],[98.505,-0.02],[98.478,-0.068],[98.463,-0.017],[98.429,-0.011],[98.402,0.021],[98.297,-0.001],[98.27,-0.008],[98.268,0.026],[98.227,0.037],[98.251,0.062],[98.232,0.07]]]}},{"type":"Feature","geometry":{"type":"Polygon","coordinates":[[[97.298,1.564],[97.321,1.502],[97.228,1.487],[97.151,1.454],[97.096,1.464],[97.033,1.427],[97.074,1.358],[97.127,1.32],[97.166,1.266],[97.23,1.224],[97.343,1.079],[97.368,0.946],[97.332,0.894],[97.313,0.92],[97.248,0.928],[97.244,0.877],[97.299,0.823],[97.354,0.783],[97.397,0.824],[97.392,0.883],[97.431,0.905],[97.509,0.887],[97.583,0.787],[97.626,0.615],[97.679,0.555],[97.81,0.522],[97.913,0.586],[97.932,0.722],[97.939,0.792],[97.927,0.842],[97.995,1],[97.977,1.045],[97.916,1.097],[97.862,1.114],[97.817,1.169],[97.719,1.211],[97.563,1.42],[97.516,1.484],[97.457,1.506],[97.443,1.539],[97.348,1.563],[97.298,1.564]]]}},{"type":"Feature","geometry":{"type":"Polygon","coordinates":[[[98.94,-0.873],[98.88,-0.877],[98.793,-0.924],[98.738,-0.916],[98.654,-0.943],[98.622,-1.078],[98.579,-1.18],[98.595,-1.251],[98.796,-1.542],[98.801,-1.612],[98.847,-1.674],[99.009,-1.784],[99.038,-1.837],[99.068,-1.877],[99.13,-1.866],[99.161,-1.858],[99.171,-1.815],[99.222,-1.815],[99.223,-1.854],[99.255,-1.866],[99.268,-1.926],[99.304,-1.951],[99.33,-1.93],[99.318,-1.884],[99.336,-1.854],[99.311,-1.819],[99.315,-1.76],[99.314,-1.677],[99.277,-1.583],[99.235,-1.578],[99.219,-1.513],[99.191,-1.48],[99.175,-1.39],[99.104,-1.289],[99.013,-1.112],[98.977,-1.055],[98.94,-0.873]]]}},{"type":"Feature","geometry":{"type":"Polygon","coordinates":[[[99.57,-1.951],[99.56,-1.96],[99.566,-1.981],[99.546,-1.989],[99.54,-2.009],[99.55,-2.038],[99.533,-2.064],[99.542,-2.088],[99.546,-2.131],[99.534,-2.108],[99.513,-2.114],[99.516,-2.14],[99.535,-2.197],[99.524,-2.215],[99.539,-2.231],[99.553,-2.231],[99.576,-2.258],[99.592,-2.293],[99.623,-2.299],[99.647,-2.294],[99.694,-2.321],[99.711,-2.346],[99.699,-2.363],[99.71,-2.39],[99.735,-2.4],[99.755,-2.382],[99.77,-2.355],[99.789,-2.376],[99.826,-2.386],[99.846,-2.414],[99.871,-2.416],[99.87,-2.382],[99.857,-2.335],[99.814,-2.287],[99.792,-2.278],[99.788,-2.254],[99.752,-2.202],[99.72,-2.116],[99.706,-2.068],[99.63,-2.018],[99.61,-2.004],[99.619,-1.993],[99.599,-1.969],[99.57,-1.951]]]}},{"type":"Feature","geometry":{"type":"Polygon","coordinates":[[[99.965,-2.488],[99.947,-2.552],[99.958,-2.632],[99.981,-2.71],[99.947,-2.77],[99.971,-2.837],[100.02,-2.87],[100.092,-2.862],[100.158,-2.909],[100.168,-2.973],[100.123,-2.992],[100.15,-3.051],[100.19,-3.116],[100.245,-3.156],[100.276,-3.128],[100.296,-3.171],[100.285,-3.219],[100.315,-3.274],[100.331,-3.305],[100.377,-3.315],[100.432,-3.356],[100.482,-3.371],[100.486,-3.306],[100.464,-3.241],[100.526,-3.274],[100.581,-3.297],[100.583,-3.256],[100.551,-3.23],[100.536,-3.182],[100.497,-3.112],[100.499,-3.073],[100.474,-2.997],[100.397,-2.901],[100.276,-2.805],[100.239,-2.726],[100.182,-2.63],[100.062,-2.54],[100.002,-2.489],[99.965,-2.488]]]}},{"type":"Feature","geometry":{"type":"Polygon","coordinates":[[[102.143,-5.262],[102.079,-5.306],[102.062,-5.36],[102.182,-5.471],[102.253,-5.53],[102.338,-5.529],[102.386,-5.508],[102.402,-5.437],[102.405,-5.373],[102.327,-5.34],[102.247,-5.299],[102.143,-5.262]]]}},{"type":"Feature","geometry":{"type":"Polygon","coordinates":[[[103.441,0.967],[103.423,0.964],[103.401,0.947],[103.402,0.92],[103.399,0.894],[103.383,0.914],[103.394,0.925],[103.385,0.936],[103.37,0.941],[103.374,0.957],[103.362,0.966],[103.35,0.961],[103.36,0.944],[103.366,0.918],[103.35,0.941],[103.328,0.939],[103.325,0.914],[103.328,0.898],[103.34,0.887],[103.349,0.898],[103.359,0.88],[103.346,0.85],[103.326,0.806],[103.338,0.76],[103.34,0.718],[103.39,0.679],[103.385,0.649],[103.454,0.616],[103.488,0.617],[103.511,0.637],[103.527,0.689],[103.515,0.715],[103.524,0.75],[103.559,0.727],[103.564,0.704],[103.549,0.709],[103.544,0.687],[103.557,0.668],[103.578,0.664],[103.599,0.675],[103.601,0.691],[103.572,0.72],[103.579,0.735],[103.595,0.744],[103.587,0.757],[103.576,0.749],[103.557,0.762],[103.566,0.787],[103.551,0.802],[103.53,0.816],[103.505,0.85],[103.537,0.864],[103.535,0.874],[103.525,0.9],[103.498,0.936],[103.503,0.951],[103.497,0.964],[103.477,0.954],[103.468,0.965],[103.441,0.967]]]}},{"type":"Feature","geometry":{"type":"Polygon","coordinates":[[[104.045,1.208],[103.961,1.171],[103.833,1.17],[103.77,1.079],[103.744,0.979],[103.701,0.915],[103.644,0.906],[103.653,0.785],[103.638,0.736],[103.748,0.669],[103.764,0.753],[103.84,0.739],[103.949,0.732],[103.995,0.759],[103.932,0.857],[103.818,0.945],[103.975,0.88],[104.031,0.879],[104.073,0.868],[104.124,0.791],[104.185,0.696],[104.29,0.591],[104.354,0.65],[104.303,0.735],[104.382,0.753],[104.288,0.772],[104.318,0.818],[104.267,0.829],[104.268,0.869],[104.242,0.878],[104.195,0.885],[104.176,0.887],[104.186,0.91],[104.199,0.897],[104.219,0.923],[104.196,0.923],[104.206,0.951],[104.178,0.977],[104.154,0.99],[104.19,1.012],[104.19,1.069],[104.161,1.076],[104.153,1.025],[104.143,1.071],[104.152,1.111],[104.151,1.164],[104.1,1.204],[104.045,1.208],[104.045,1.208]]]}},{"type":"Feature","geometry":{"type":"Polygon","coordinates":[[[104.568,1.247],[104.53,1.234],[104.521,1.191],[104.42,1.214],[104.37,1.218],[104.365,1.194],[104.332,1.204],[104.297,1.186],[104.309,1.149],[104.234,1.133],[104.203,1.08],[104.216,1.04],[104.225,1.007],[104.217,0.977],[104.233,0.965],[104.261,0.967],[104.281,0.984],[104.339,0.989],[104.325,0.966],[104.326,0.942],[104.353,0.944],[104.356,0.981],[104.391,0.974],[104.389,0.94],[104.387,0.916],[104.422,0.898],[104.376,0.884],[104.334,0.872],[104.345,0.829],[104.345,0.798],[104.367,0.796],[104.388,0.825],[104.425,0.838],[104.506,0.809],[104.488,0.775],[104.48,0.75],[104.518,0.724],[104.551,0.753],[104.572,0.726],[104.577,0.696],[104.62,0.684],[104.653,0.71],[104.686,0.724],[104.735,0.704],[104.772,0.713],[104.774,0.762],[104.764,0.812],[104.709,0.807],[104.731,0.839],[104.718,0.898],[104.683,0.934],[104.66,0.982],[104.671,1.029],[104.72,1.035],[104.724,1.056],[104.686,1.077],[104.656,1.121],[104.604,1.155],[104.598,1.23],[104.568,1.247]]]}},{"type":"Feature","geometry":{"type":"Polygon","coordinates":[[[104.42,0.52],[104.345,0.478],[104.415,0.416],[104.396,0.363],[104.31,0.408],[104.24,0.389],[104.267,0.356],[104.314,0.321],[104.296,0.242],[104.262,0.183],[104.174,0.172],[104.258,0.152],[104.341,0.091],[104.437,0.029],[104.481,-0.104],[104.41,-0.211],[104.487,-0.258],[104.524,-0.286],[104.584,-0.274],[104.634,-0.284],[104.633,-0.242],[104.733,-0.252],[104.851,-0.336],[104.941,-0.336],[104.969,-0.315],[105.018,-0.312],[104.926,-0.242],[104.91,-0.176],[104.826,-0.108],[104.782,-0.177],[104.735,-0.058],[104.723,0.014],[104.799,0.027],[104.742,0.099],[104.694,0.07],[104.513,0.28],[104.476,0.331],[104.557,0.323],[104.553,0.365],[104.573,0.404],[104.521,0.446],[104.509,0.367],[104.472,0.453],[104.42,0.52],[104.42,0.52]]]}},{"type":"Feature","geometry":{"type":"Polygon","coordinates":[[[104.461,-0.259],[104.446,-0.271],[104.407,-0.265],[104.37,-0.275],[104.376,-0.299],[104.397,-0.322],[104.423,-0.336],[104.411,-0.347],[104.406,-0.385],[104.38,-0.393],[104.345,-0.371],[104.325,-0.328],[104.311,-0.33],[104.306,-0.38],[104.282,-0.371],[104.278,-0.332],[104.252,-0.333],[104.236,-0.317],[104.216,-0.323],[104.193,-0.345],[104.179,-0.326],[104.136,-0.338],[104.132,-0.354],[104.155,-0.391],[104.179,-0.43],[104.22,-0.444],[104.239,-0.42],[104.244,-0.371],[104.256,-0.386],[104.255,-0.433],[104.229,-0.483],[104.265,-0.534],[104.311,-0.558],[104.334,-0.663],[104.351,-0.699],[104.397,-0.672],[104.405,-0.61],[104.431,-0.604],[104.451,-0.639],[104.496,-0.658],[104.516,-0.656],[104.52,-0.591],[104.555,-0.53],[104.599,-0.5],[104.61,-0.487],[104.61,-0.452],[104.586,-0.427],[104.552,-0.371],[104.521,-0.33],[104.503,-0.324],[104.492,-0.299],[104.484,-0.275],[104.466,-0.26],[104.461,-0.259]]]}},{"type":"Feature","geometry":{"type":"Polygon","coordinates":[[[105.911,-1.48],[105.559,-1.505],[105.415,-1.564],[105.304,-1.703],[105.342,-1.81],[105.113,-1.932],[105.12,-2.108],[105.263,-2.179],[105.451,-2.157],[105.568,-2.138],[105.753,-2.172],[105.778,-2.283],[105.727,-2.372],[105.835,-2.438],[105.912,-2.497],[105.878,-2.629],[105.934,-2.844],[106.109,-2.892],[106.297,-2.979],[106.455,-3.06],[106.593,-3.125],[106.783,-3.072],[106.92,-3.035],[106.886,-2.887],[106.813,-2.806],[106.703,-2.888],[106.62,-2.914],[106.769,-2.651],[106.9,-2.556],[106.459,-2.448],[106.249,-2.29],[106.184,-2.05],[106.21,-1.9],[106.047,-1.645],[106.008,-1.548],[105.944,-1.499],[105.911,-1.48]]]}},{"type":"Feature","geometry":{"type":"Polygon","coordinates":[[[107.828,-2.452],[107.663,-2.504],[107.611,-2.518],[107.553,-2.682],[107.54,-2.833],[107.498,-2.787],[107.405,-2.748],[107.314,-2.853],[107.356,-2.954],[107.347,-3.036],[107.361,-3.091],[107.43,-3.05],[107.501,-3.086],[107.573,-3.13],[107.515,-3.132],[107.468,-3.228],[107.523,-3.283],[107.696,-3.264],[107.886,-3.193],[107.91,-3.253],[107.976,-3.305],[108.092,-3.264],[108.207,-3.258],[108.306,-3.261],[108.331,-3.308],[108.432,-3.376],[108.471,-3.36],[108.419,-3.226],[108.364,-3.179],[108.27,-3.124],[108.339,-3.075],[108.298,-2.981],[108.344,-2.869],[108.3,-2.776],[108.235,-2.65],[108.089,-2.532],[107.828,-2.452]]]}},{"type":"Feature","geometry":{"type":"Polygon","coordinates":[[[106.35,3.444],[106.311,3.402],[106.278,3.43],[106.245,3.398],[106.23,3.422],[106.192,3.411],[106.183,3.367],[106.142,3.354],[106.162,3.291],[106.208,3.265],[106.18,3.246],[106.181,3.158],[106.205,3.099],[106.287,3.054],[106.379,3.013],[106.39,2.966],[106.43,2.965],[106.431,3.039],[106.382,3.084],[106.478,3.116],[106.473,3.162],[106.522,3.187],[106.492,3.242],[106.437,3.302],[106.404,3.33],[106.368,3.32],[106.37,3.278],[106.387,3.25],[106.422,3.216],[106.397,3.187],[106.375,3.216],[106.348,3.189],[106.334,3.261],[106.342,3.298],[106.357,3.337],[106.361,3.415],[106.35,3.444]]]}},{"type":"Feature","geometry":{"type":"Polygon","coordinates":[[[105.646,3.135],[105.607,3.109],[105.576,3.106],[105.569,3.086],[105.584,3.06],[105.642,3.066],[105.667,3.043],[105.632,3.017],[105.667,2.959],[105.64,2.917],[105.673,2.861],[105.702,2.798],[105.754,2.799],[105.796,2.842],[105.827,2.863],[105.84,2.899],[105.879,2.946],[105.863,3.027],[105.813,3.038],[105.772,3.01],[105.768,3.057],[105.743,3.102],[105.706,3.127],[105.646,3.135]]]}},{"type":"Feature","geometry":{"type":"Polygon","coordinates":[[[108.217,4.292],[108.167,4.262],[108.162,4.208],[108.13,4.179],[108.048,4.094],[108.02,4.118],[107.987,4.129],[107.978,4.093],[107.987,4.04],[107.927,4.062],[107.865,4.049],[107.875,4.016],[107.939,3.974],[107.872,3.918],[107.888,3.885],[107.938,3.867],[107.982,3.896],[108.002,3.867],[107.974,3.833],[107.991,3.777],[108.042,3.705],[108.013,3.604],[108.015,3.545],[108.083,3.542],[108.193,3.62],[108.322,3.652],[108.339,3.712],[108.427,3.783],[108.432,3.864],[108.421,3.923],[108.445,4.016],[108.416,4.029],[108.376,4.02],[108.325,4.092],[108.255,4.152],[108.261,4.222],[108.217,4.292]]]}},{"type":"Feature","geometry":{"type":"Polygon","coordinates":[[[108.907,-1.516],[108.844,-1.535],[108.743,-1.538],[108.707,-1.55],[108.721,-1.583],[108.751,-1.644],[108.803,-1.639],[108.804,-1.688],[108.781,-1.686],[108.68,-1.688],[108.653,-1.705],[108.659,-1.727],[108.723,-1.747],[108.8,-1.731],[108.839,-1.694],[108.928,-1.677],[109.002,-1.631],[108.995,-1.587],[108.961,-1.538],[108.907,-1.516]]]}},{"type":"Feature","geometry":{"type":"Polygon","coordinates":[[[113.882,-6.817],[113.695,-6.861],[113.071,-6.847],[112.813,-6.856],[112.744,-6.976],[112.712,-7.026],[112.681,-7.016],[112.669,-7.065],[112.677,-7.102],[112.695,-7.107],[112.688,-7.125],[112.687,-7.161],[112.716,-7.181],[112.782,-7.171],[112.849,-7.196],[113.016,-7.259],[113.195,-7.27],[113.167,-7.316],[113.209,-7.333],[113.244,-7.322],[113.261,-7.253],[113.428,-7.283],[113.557,-7.273],[113.626,-7.177],[113.747,-7.166],[113.695,-7.218],[113.769,-7.267],[113.876,-7.237],[113.969,-7.259],[113.983,-7.234],[113.95,-7.139],[114.077,-7.139],[114.096,-7.101],[114.071,-7.035],[114.151,-7.033],[114.225,-7.014],[114.211,-6.929],[114.112,-6.888],[113.882,-6.817]]]}},{"type":"Feature","geometry":{"type":"Polygon","coordinates":[[[115.15,-8.043],[115.067,-8.103],[115.017,-8.141],[114.921,-8.171],[114.762,-8.149],[114.655,-8.112],[114.576,-8.104],[114.537,-8.118],[114.535,-8.08],[114.498,-8.084],[114.442,-8.081],[114.421,-8.115],[114.423,-8.145],[114.421,-8.203],[114.469,-8.29],[114.512,-8.362],[114.607,-8.425],[114.696,-8.415],[114.787,-8.437],[114.885,-8.47],[114.976,-8.54],[115.071,-8.62],[115.111,-8.669],[115.149,-8.707],[115.137,-8.734],[115.139,-8.763],[115.107,-8.791],[115.071,-8.828],[115.085,-8.854],[115.146,-8.865],[115.214,-8.858],[115.26,-8.82],[115.252,-8.777],[115.271,-8.734],[115.295,-8.665],[115.394,-8.607],[115.499,-8.569],[115.608,-8.531],[115.652,-8.483],[115.73,-8.419],[115.724,-8.361],[115.653,-8.304],[115.558,-8.206],[115.363,-8.099],[115.183,-8.047],[115.15,-8.043]]]}},{"type":"Feature","geometry":{"type":"Polygon","coordinates":[[[116.411,-8.194],[116.288,-8.205],[116.196,-8.274],[116.131,-8.338],[116.077,-8.322],[116.018,-8.327],[116.007,-8.368],[116.061,-8.381],[116.029,-8.406],[116.012,-8.49],[116.054,-8.581],[116.05,-8.688],[116.001,-8.707],[115.94,-8.7],[115.888,-8.706],[115.837,-8.709],[115.804,-8.759],[115.812,-8.812],[115.856,-8.846],[115.924,-8.872],[116.001,-8.919],[116.069,-8.914],[116.12,-8.888],[116.157,-8.934],[116.257,-8.934],[116.318,-8.947],[116.378,-8.977],[116.43,-8.942],[116.502,-8.945],[116.58,-8.919],[116.609,-8.855],[116.584,-8.835],[116.544,-8.794],[116.614,-8.686],[116.679,-8.584],[116.689,-8.544],[116.706,-8.487],[116.764,-8.444],[116.776,-8.409],[116.743,-8.396],[116.759,-8.361],[116.76,-8.334],[116.698,-8.26],[116.642,-8.26],[116.526,-8.231],[116.411,-8.194]]]}},{"type":"Feature","geometry":{"type":"Polygon","coordinates":[[[117.949,-8.029],[117.732,-8.048],[117.669,-8.108],[117.485,-8.124],[117.414,-8.089],[117.312,-8.124],[117.334,-8.182],[117.433,-8.211],[117.43,-8.307],[117.356,-8.369],[117.169,-8.326],[117.048,-8.369],[116.941,-8.372],[116.829,-8.44],[116.746,-8.524],[116.721,-8.671],[116.752,-8.774],[116.667,-8.915],[116.675,-9.029],[116.925,-9.124],[117.09,-9.143],[117.232,-9.08],[117.364,-9.094],[117.631,-9.01],[117.771,-8.999],[118.043,-8.926],[118.199,-8.872],[118.323,-8.774],[118.378,-8.904],[118.518,-8.92],[118.696,-8.847],[118.82,-8.882],[118.963,-8.872],[118.985,-8.801],[119.097,-8.793],[119.246,-8.714],[119.27,-8.641],[119.229,-8.546],[119.18,-8.519],[119.084,-8.546],[119.084,-8.462],[119.042,-8.32],[119.108,-8.277],[119.169,-8.198],[119.144,-8.114],[119.064,-8.089],[118.968,-8.133],[118.954,-8.244],[118.847,-8.233],[118.737,-8.279],[118.644,-8.228],[118.444,-8.203],[118.347,-8.288],[118.262,-8.263],[118.21,-8.141],[118.13,-8.065],[117.949,-8.029]]]}},{"type":"Feature","geometry":{"type":"Polygon","coordinates":[[[119.938,-9.253],[119.864,-9.308],[119.766,-9.356],[119.626,-9.322],[119.487,-9.315],[119.426,-9.349],[119.312,-9.335],[119.191,-9.343],[119.078,-9.383],[118.978,-9.422],[118.908,-9.545],[118.926,-9.586],[119.008,-9.685],[119.155,-9.782],[119.235,-9.774],[119.406,-9.824],[119.442,-9.785],[119.524,-9.792],[119.649,-9.831],[119.726,-9.917],[119.897,-9.999],[119.971,-10.074],[120.015,-10.139],[120.092,-10.208],[120.159,-10.247],[120.164,-10.295],[120.085,-10.32],[120.079,-10.354],[120.173,-10.346],[120.23,-10.318],[120.222,-10.28],[120.325,-10.278],[120.407,-10.322],[120.469,-10.341],[120.509,-10.274],[120.607,-10.274],[120.741,-10.223],[120.777,-10.172],[120.865,-10.119],[120.87,-10.028],[120.815,-9.931],[120.686,-9.871],[120.615,-9.702],[120.531,-9.66],[120.48,-9.598],[120.37,-9.621],[120.288,-9.609],[120.265,-9.518],[120.192,-9.442],[120.101,-9.446],[119.938,-9.253]]]}},{"type":"Feature","geometry":{"type":"Polygon","coordinates":[[[124.937,-8.941],[124.687,-9.04],[124.537,-9.159],[124.468,-9.208],[124.461,-9.295],[124.379,-9.357],[124.35,-9.422],[124.352,-9.483],[124.29,-9.468],[124.227,-9.364],[124.152,-9.427],[124.033,-9.33],[123.933,-9.379],[123.75,-9.509],[123.65,-9.712],[123.637,-9.85],[123.56,-9.999],[123.547,-10.081],[123.563,-10.104],[123.642,-10.039],[123.735,-10.076],[123.526,-10.154],[123.471,-10.092],[123.327,-10.203],[123.251,-10.33],[123.352,-10.339],[123.455,-10.372],[123.574,-10.376],[123.819,-10.368],[124.018,-10.288],[124.172,-10.181],[124.497,-10.13],[124.75,-9.901],[124.956,-9.689],[125.002,-9.591],[125.094,-9.468],[125.079,-9.385],[125.049,-9.327],[124.996,-9.262],[124.986,-9.193],[125.068,-9.169],[125.143,-9.174],[125.193,-9.16],[125.189,-9.032],[125.111,-8.965],[125.002,-9.064],[124.934,-9.007],[124.937,-8.941],[124.937,-8.941]]]}},{"type":"Feature","geometry":{"type":"Polygon","coordinates":[[[119.454,-8.418],[119.42,-8.425],[119.408,-8.442],[119.423,-8.484],[119.401,-8.503],[119.402,-8.536],[119.382,-8.54],[119.369,-8.567],[119.368,-8.603],[119.365,-8.631],[119.388,-8.646],[119.395,-8.677],[119.355,-8.709],[119.359,-8.731],[119.344,-8.749],[119.373,-8.756],[119.407,-8.743],[119.413,-8.76],[119.432,-8.779],[119.446,-8.763],[119.493,-8.745],[119.483,-8.729],[119.462,-8.713],[119.482,-8.69],[119.464,-8.669],[119.507,-8.652],[119.507,-8.63],[119.533,-8.635],[119.547,-8.619],[119.573,-8.612],[119.584,-8.587],[119.575,-8.562],[119.597,-8.564],[119.599,-8.533],[119.599,-8.506],[119.604,-8.483],[119.595,-8.459],[119.599,-8.427],[119.551,-8.439],[119.539,-8.465],[119.485,-8.462],[119.478,-8.431],[119.454,-8.418]]]}},{"type":"Feature","geometry":{"type":"Polygon","coordinates":[[[122.878,-8.04],[122.713,-8.231],[122.892,-8.207],[122.732,-8.338],[122.481,-8.402],[122.325,-8.407],[122.449,-8.494],[122.26,-8.608],[121.95,-8.426],[121.742,-8.476],[121.593,-8.474],[121.525,-8.576],[121.345,-8.516],[121.12,-8.385],[121.001,-8.336],[120.67,-8.274],[120.552,-8.267],[120.409,-8.233],[120.244,-8.271],[120.1,-8.337],[120.076,-8.356],[120.011,-8.351],[119.905,-8.451],[119.859,-8.364],[119.788,-8.384],[119.846,-8.458],[119.827,-8.519],[119.73,-8.468],[119.664,-8.517],[119.621,-8.561],[119.675,-8.638],[119.586,-8.623],[119.594,-8.709],[119.728,-8.82],[119.741,-8.828],[119.868,-8.878],[120.144,-8.819],[120.32,-8.926],[120.585,-8.853],[120.874,-8.914],[121.24,-8.915],[121.42,-8.827],[121.534,-8.926],[121.602,-8.888],[121.744,-8.901],[122.119,-8.76],[122.562,-8.698],[122.84,-8.66],[122.971,-8.588],[123.179,-8.448],[123.317,-8.368],[123.376,-8.356],[123.203,-8.565],[123.427,-8.593],[123.6,-8.528],[123.78,-8.316],[123.935,-8.207],[123.679,-8.232],[123.604,-8.259],[123.528,-8.331],[123.46,-8.241],[123.315,-8.225],[123.039,-8.269],[122.952,-8.096],[122.878,-8.04]]]}},{"type":"Feature","geometry":{"type":"Polygon","coordinates":[[[124.589,-8.096],[124.482,-8.111],[124.426,-8.144],[124.38,-8.149],[124.339,-8.158],[124.261,-8.154],[124.205,-8.217],[124.118,-8.322],[124.085,-8.277],[124.037,-8.282],[123.99,-8.316],[123.875,-8.366],[123.923,-8.403],[123.858,-8.414],[123.86,-8.375],[123.838,-8.346],[123.798,-8.36],[123.799,-8.417],[123.832,-8.434],[123.874,-8.459],[123.952,-8.481],[124.005,-8.442],[124.03,-8.494],[124.036,-8.563],[124.069,-8.573],[124.158,-8.555],[124.225,-8.486],[124.242,-8.432],[124.276,-8.368],[124.334,-8.358],[124.327,-8.411],[124.323,-8.445],[124.384,-8.466],[124.424,-8.479],[124.498,-8.452],[124.523,-8.464],[124.575,-8.457],[124.665,-8.421],[124.772,-8.428],[124.88,-8.4],[125.097,-8.372],[125.149,-8.339],[125.173,-8.245],[125.115,-8.129],[124.957,-8.111],[124.887,-8.139],[124.802,-8.122],[124.696,-8.127],[124.608,-8.16],[124.626,-8.129],[124.632,-8.1],[124.589,-8.096]]]}},{"type":"Feature","geometry":{"type":"Polygon","coordinates":[[[126.638,-7.525],[126.536,-7.535],[126.388,-7.595],[126.34,-7.657],[126.223,-7.661],[126.144,-7.686],[125.968,-7.62],[125.902,-7.637],[125.891,-7.663],[125.896,-7.714],[125.85,-7.752],[125.831,-7.804],[125.789,-7.844],[125.798,-7.911],[125.77,-7.967],[125.754,-7.945],[125.71,-7.949],[125.711,-8.047],[125.728,-8.084],[125.782,-8.05],[125.843,-8.018],[125.965,-7.96],[126.085,-7.921],[126.164,-7.953],[126.4,-7.96],[126.468,-8.013],[126.567,-7.848],[126.714,-7.783],[126.812,-7.784],[126.869,-7.744],[126.839,-7.635],[126.74,-7.629],[126.671,-7.574],[126.638,-7.525]]]}},{"type":"Feature","geometry":{"type":"Polygon","coordinates":[[[134.53,-5.302],[134.445,-5.36],[134.429,-5.446],[134.415,-5.546],[134.322,-5.653],[134.35,-5.552],[134.319,-5.463],[134.225,-5.493],[134.221,-5.646],[134.168,-5.831],[134.275,-5.855],[134.293,-5.948],[134.205,-5.982],[134.096,-6.037],[134.103,-6.328],[134.062,-6.665],[134.061,-6.847],[134.201,-6.971],[134.393,-6.841],[134.471,-6.776],[134.572,-6.766],[134.543,-6.625],[134.594,-6.569],[134.585,-6.643],[134.615,-6.584],[134.647,-6.566],[134.609,-6.697],[134.636,-6.796],[134.729,-6.742],[134.779,-6.701],[134.817,-6.646],[134.859,-6.532],[134.929,-6.351],[134.872,-6.261],[134.905,-6.115],[134.837,-6.199],[134.823,-6.265],[134.734,-6.347],[134.651,-6.429],[134.751,-6.318],[134.801,-6.149],[134.765,-5.992],[134.838,-5.84],[134.828,-5.727],[134.783,-5.62],[134.717,-5.467],[134.698,-5.401],[134.636,-5.37],[134.576,-5.306],[134.53,-5.302]]]}},{"type":"Feature","geometry":{"type":"Polygon","coordinates":[[[128.975,-2.707],[128.984,-2.798],[128.752,-2.82],[128.485,-2.813],[128.151,-2.837],[128.055,-2.959],[127.98,-3.045],[127.867,-3.116],[127.61,-3.213],[127.695,-3.283],[127.815,-3.258],[127.855,-3.227],[127.921,-3.352],[127.912,-3.581],[127.965,-3.53],[127.989,-3.45],[128.069,-3.349],[128.118,-3.135],[128.142,-3.158],[128.183,-3.249],[128.372,-3.428],[128.694,-3.449],[128.697,-3.374],[128.841,-3.268],[128.915,-3.238],[128.896,-3.309],[128.951,-3.385],[129.35,-3.435],[129.576,-3.481],[129.54,-3.33],[129.933,-3.368],[129.982,-3.497],[130.365,-3.64],[130.546,-3.731],[130.642,-3.822],[130.755,-3.85],[130.853,-3.896],[130.94,-3.916],[131.006,-3.899],[130.919,-3.845],[130.854,-3.694],[130.914,-3.563],[130.816,-3.379],[130.676,-3.309],[130.603,-3.103],[130.388,-2.95],[130.056,-2.973],[129.538,-2.747],[129.349,-2.776],[129.253,-2.877],[129.126,-2.921],[129.102,-2.806],[129.04,-2.724],[128.975,-2.707]]]}},{"type":"Feature","geometry":{"type":"Polygon","coordinates":[[[128.239,-3.47],[128.154,-3.555],[128.018,-3.571],[127.934,-3.646],[127.904,-3.63],[127.873,-3.653],[127.884,-3.727],[127.929,-3.797],[127.998,-3.805],[128.065,-3.77],[128.076,-3.82],[128.162,-3.785],[128.248,-3.766],[128.318,-3.696],[128.304,-3.657],[128.378,-3.649],[128.48,-3.653],[128.566,-3.623],[128.602,-3.675],[128.66,-3.649],[128.681,-3.615],[128.73,-3.657],[128.754,-3.711],[128.812,-3.711],[128.833,-3.671],[128.812,-3.627],[128.756,-3.626],[128.763,-3.55],[128.742,-3.486],[128.683,-3.478],[128.681,-3.509],[128.607,-3.485],[128.584,-3.479],[128.544,-3.494],[128.445,-3.497],[128.397,-3.515],[128.383,-3.601],[128.362,-3.559],[128.372,-3.479],[128.313,-3.475],[128.239,-3.47]]]}},{"type":"Feature","geometry":{"type":"Polygon","coordinates":[[[126.771,-3.009],[126.269,-3.042],[126.178,-3.102],[126.065,-3.069],[125.983,-3.149],[125.958,-3.42],[126.107,-3.626],[126.51,-3.84],[126.716,-3.911],[126.867,-3.859],[127.227,-3.73],[127.282,-3.64],[127.31,-3.371],[127.202,-3.283],[127.109,-3.146],[126.771,-3.009]]]}},{"type":"Feature","geometry":{"type":"Polygon","coordinates":[[[127.808,2.315],[127.701,2.231],[127.72,1.992],[127.489,1.557],[127.402,1.144],[127.472,0.961],[127.536,0.75],[127.547,0.393],[127.669,0.093],[127.635,-0.216],[127.628,-0.352],[127.457,-0.357],[127.323,-0.294],[127.277,-0.246],[127.148,-0.148],[127.025,-0.303],[127.086,-0.409],[127.207,-0.553],[127.154,-0.591],[127.19,-0.796],[127.322,-0.724],[127.415,-0.721],[127.636,-0.781],[127.851,-0.867],[127.834,-0.654],[127.636,-0.584],[127.761,-0.408],[127.958,-0.63],[128.066,-0.829],[128.202,-0.794],[128.28,-0.946],[128.389,-1.178],[128.438,-1.038],[128.474,-0.941],[128.259,-0.707],[128.15,-0.437],[128.025,-0.293],[127.954,0.111],[127.933,0.43],[128.451,0.376],[128.861,0.214],[128.878,0.291],[128.708,0.564],[128.617,0.596],[128.492,0.651],[128.5,0.72],[128.345,0.703],[128.364,0.827],[128.717,1.056],[128.741,1.435],[128.683,1.613],[128.107,1.34],[128.171,1.203],[127.904,1.005],[127.713,0.88],[127.837,1.115],[128.044,1.288],[128.091,1.56],[127.911,1.834],[128.083,2.226],[127.814,2.12],[127.808,2.315],[127.808,2.315]]]}},{"type":"Feature","geometry":{"type":"Polygon","coordinates":[[[123.322,-1.127],[123.267,-1.13],[123.246,-1.202],[123.195,-1.133],[123.165,-1.129],[123.148,-1.155],[123.088,-1.143],[122.975,-1.147],[122.893,-1.152],[122.824,-1.229],[122.771,-1.298],[122.741,-1.473],[122.76,-1.528],[122.797,-1.539],[122.809,-1.579],[122.867,-1.622],[122.923,-1.622],[123.019,-1.542],[123.054,-1.467],[123.124,-1.358],[123.135,-1.423],[123.14,-1.504],[123.091,-1.565],[123.092,-1.615],[123.148,-1.661],[123.206,-1.65],[123.23,-1.677],[123.275,-1.653],[123.273,-1.607],[123.282,-1.508],[123.301,-1.464],[123.335,-1.534],[123.363,-1.539],[123.43,-1.574],[123.447,-1.645],[123.405,-1.682],[123.379,-1.65],[123.338,-1.663],[123.267,-1.74],[123.225,-1.814],[123.261,-1.83],[123.331,-1.792],[123.383,-1.753],[123.434,-1.704],[123.474,-1.736],[123.497,-1.773],[123.519,-1.79],[123.571,-1.756],[123.626,-1.722],[123.643,-1.656],[123.625,-1.597],[123.584,-1.572],[123.587,-1.487],[123.563,-1.431],[123.576,-1.372],[123.587,-1.277],[123.53,-1.244],[123.412,-1.185],[123.359,-1.204],[123.322,-1.127]]]}},{"type":"Feature","geometry":{"type":"Polygon","coordinates":[[[124.467,-1.524],[124.387,-1.598],[124.277,-1.716],[124.253,-1.823],[124.297,-1.917],[124.255,-1.988],[124.308,-2.076],[124.406,-2.101],[124.566,-2.054],[124.835,-1.952],[124.975,-1.98],[125.079,-1.961],[125.236,-1.928],[125.338,-1.963],[125.835,-1.969],[125.799,-2.18],[125.895,-2.301],[125.942,-2.438],[126.043,-2.537],[126.118,-2.463],[125.988,-2.169],[126.03,-2.051],[126.01,-1.95],[126.409,-1.884],[126.541,-1.843],[126.524,-1.777],[126.293,-1.752],[125.977,-1.749],[125.741,-1.708],[125.538,-1.705],[125.398,-1.708],[125.219,-1.667],[125.027,-1.607],[124.876,-1.62],[124.599,-1.579],[124.467,-1.524]]]}},{"type":"Feature","geometry":{"type":"Polygon","coordinates":[[[130.901,0.059],[130.843,0.018],[130.644,-0.029],[130.483,-0.021],[130.329,-0.054],[130.214,-0.137],[130.207,-0.229],[130.247,-0.268],[130.159,-0.282],[130.133,-0.342],[130.206,-0.426],[130.317,-0.433],[130.387,-0.379],[130.465,-0.31],[130.523,-0.349],[130.515,-0.411],[130.409,-0.444],[130.428,-0.514],[130.496,-0.533],[130.535,-0.581],[130.57,-0.547],[130.57,-0.573],[130.557,-0.639],[130.607,-0.651],[130.711,-0.562],[130.736,-0.509],[130.758,-0.456],[130.846,-0.453],[130.976,-0.378],[131.075,-0.354],[131.152,-0.367],[131.266,-0.42],[131.315,-0.334],[131.335,-0.227],[131.217,-0.088],[131.079,-0.004],[130.919,0.003],[130.901,0.059],[130.901,0.059]]]}},{"type":"Feature","geometry":{"type":"Polygon","coordinates":[[[130.785,-0.738],[130.711,-0.761],[130.684,-0.787],[130.63,-0.777],[130.605,-0.792],[130.522,-0.775],[130.483,-0.77],[130.445,-0.785],[130.423,-0.84],[130.421,-0.871],[130.396,-0.894],[130.363,-0.913],[130.348,-0.926],[130.384,-0.941],[130.443,-0.917],[130.472,-0.931],[130.489,-0.919],[130.491,-0.93],[130.573,-0.924],[130.675,-0.908],[130.853,-0.866],[130.913,-0.844],[130.942,-0.794],[130.938,-0.766],[130.898,-0.746],[130.831,-0.744],[130.785,-0.738]]]}},{"type":"Feature","geometry":{"type":"Polygon","coordinates":[[[121.903,-5.027],[121.849,-5.053],[121.803,-5.127],[121.812,-5.166],[121.781,-5.224],[121.752,-5.25],[121.746,-5.304],[121.729,-5.356],[121.755,-5.37],[121.815,-5.351],[121.896,-5.44],[121.895,-5.496],[121.962,-5.537],[122.039,-5.539],[122.116,-5.503],[122.09,-5.455],[122.069,-5.364],[122.101,-5.236],[122.065,-5.14],[122.021,-5.106],[121.987,-5.046],[121.977,-5.033],[121.936,-5.055],[121.903,-5.027]]]}},{"type":"Feature","geometry":{"type":"Polygon","coordinates":[[[123.05,-4.34],[122.877,-4.461],[122.798,-4.66],[122.801,-4.819],[122.776,-4.873],[122.765,-4.727],[122.715,-4.615],[122.607,-4.608],[122.465,-4.726],[122.451,-4.685],[122.385,-4.609],[122.346,-4.542],[122.279,-4.638],[122.326,-4.758],[122.242,-4.842],[122.292,-4.923],[122.356,-5.057],[122.292,-5.128],[122.233,-5.352],[122.397,-5.427],[122.499,-5.479],[122.46,-5.571],[122.423,-5.669],[122.531,-5.709],[122.621,-5.716],[122.72,-5.731],[122.905,-5.595],[122.882,-5.479],[123.01,-5.47],[123.225,-5.33],[123.179,-5.229],[123.05,-5.11],[122.999,-5.062],[123.033,-4.934],[123.111,-4.873],[123.172,-4.876],[123.221,-4.639],[123.092,-4.422],[123.091,-4.352],[123.05,-4.34]]]}},{"type":"Feature","geometry":{"type":"Polygon","coordinates":[[[130.351,-1.568],[130.296,-1.6],[130.217,-1.616],[130.156,-1.626],[130.121,-1.666],[130.047,-1.655],[130.016,-1.623],[130.004,-1.575],[129.975,-1.58],[129.986,-1.639],[129.939,-1.689],[129.915,-1.66],[129.939,-1.622],[129.912,-1.602],[129.864,-1.635],[129.808,-1.667],[129.755,-1.682],[129.735,-1.737],[129.654,-1.747],[129.6,-1.756],[129.607,-1.797],[129.633,-1.843],[129.655,-1.865],[129.72,-1.821],[129.691,-1.882],[129.771,-1.963],[129.941,-2.046],[130.126,-2.112],[130.095,-2.121],[130.128,-2.164],[130.182,-2.198],[130.221,-2.243],[130.301,-2.249],[130.334,-2.199],[130.332,-2.153],[130.395,-2.161],[130.357,-2.212],[130.375,-2.249],[130.519,-2.276],[130.643,-2.276],[130.645,-2.232],[130.662,-2.193],[130.604,-2.157],[130.566,-2.167],[130.519,-2.151],[130.524,-2.116],[130.475,-2.095],[130.502,-2.069],[130.478,-2.032],[130.516,-2.014],[130.596,-2.04],[130.662,-2.055],[130.799,-2.04],[130.77,-2.014],[130.696,-1.988],[130.605,-1.97],[130.483,-1.9],[130.454,-1.88],[130.489,-1.851],[130.501,-1.796],[130.504,-1.748],[130.402,-1.722],[130.426,-1.681],[130.36,-1.641],[130.379,-1.59],[130.351,-1.568]]]}},{"type":"Feature","geometry":{"type":"Polygon","coordinates":[[[127.373,-1.107],[127.382,-1.197],[127.436,-1.244],[127.483,-1.302],[127.572,-1.295],[127.561,-1.339],[127.467,-1.376],[127.44,-1.291],[127.381,-1.281],[127.337,-1.328],[127.259,-1.373],[127.268,-1.439],[127.347,-1.519],[127.354,-1.62],[127.422,-1.715],[127.551,-1.76],[127.705,-1.744],[127.818,-1.729],[127.945,-1.753],[128.096,-1.758],[128.183,-1.672],[128.184,-1.58],[128.11,-1.515],[128.009,-1.458],[127.848,-1.373],[127.741,-1.288],[127.706,-1.215],[127.628,-1.185],[127.529,-1.148],[127.467,-1.175],[127.44,-1.112],[127.373,-1.107]]]}},{"type":"Feature","geometry":{"type":"Polygon","coordinates":[[[128.558,2.677],[128.514,2.619],[128.451,2.625],[128.39,2.556],[128.286,2.482],[128.261,2.394],[128.201,2.327],[128.199,2.414],[128.168,2.43],[128.134,2.416],[128.109,2.334],[128.134,2.282],[128.175,2.261],[128.186,2.167],[128.162,2.095],[128.201,2.003],[128.217,1.935],[128.29,1.983],[128.374,2.017],[128.517,2.044],[128.598,2.106],[128.679,2.316],[128.713,2.398],[128.723,2.499],[128.661,2.555],[128.591,2.671],[128.558,2.677]]]}},{"type":"Feature","geometry":{"type":"Polygon","coordinates":[[[131.997,-6.951],[131.844,-7.075],[131.705,-7.074],[131.605,-7.098],[131.453,-7.052],[131.405,-7.109],[131.435,-7.229],[131.364,-7.187],[131.359,-7.29],[131.375,-7.335],[131.303,-7.398],[131.181,-7.508],[131.211,-7.446],[131.292,-7.388],[131.291,-7.279],[131.184,-7.333],[131.162,-7.384],[130.986,-7.411],[130.921,-7.497],[130.792,-7.459],[130.818,-7.572],[130.984,-7.586],[131.048,-7.552],[131.118,-7.552],[131.149,-7.632],[130.978,-7.659],[130.925,-7.624],[130.942,-7.696],[130.923,-7.786],[131.045,-7.761],[131.074,-7.817],[131.089,-7.916],[131.063,-8.044],[130.961,-8.085],[130.894,-8.186],[130.776,-8.274],[130.758,-8.368],[130.912,-8.298],[131.122,-8.206],[131.234,-8.08],[131.321,-8.051],[131.398,-7.918],[131.462,-7.869],[131.505,-7.76],[131.62,-7.682],[131.712,-7.466],[131.688,-7.402],[131.666,-7.309],[131.711,-7.256],[131.778,-7.198],[131.914,-7.263],[132.009,-7.233],[131.961,-7.1],[132.012,-7.031],[131.997,-6.951],[131.997,-6.951]]]}},{"type":"Feature","geometry":{"type":"Polygon","coordinates":[[[116.27,-3.193],[116.208,-3.229],[116.169,-3.265],[116.117,-3.291],[116.093,-3.321],[116.09,-3.361],[116.066,-3.406],[116.052,-3.444],[116.027,-3.487],[116.028,-3.563],[115.99,-3.622],[115.98,-3.685],[116.047,-3.8],[116.036,-3.867],[116.035,-3.951],[116.012,-4.03],[116.024,-4.12],[116.075,-4.112],[116.123,-4.082],[116.189,-4.071],[116.2,-4.126],[116.228,-4.116],[116.227,-4.048],[116.226,-3.992],[116.263,-3.963],[116.33,-3.936],[116.337,-3.848],[116.331,-3.796],[116.395,-3.7],[116.423,-3.619],[116.45,-3.456],[116.462,-3.357],[116.407,-3.33],[116.348,-3.354],[116.358,-3.391],[116.331,-3.428],[116.267,-3.367],[116.299,-3.209],[116.27,-3.193]]]}},{"type":"Feature","geometry":{"type":"Polygon","coordinates":[[[120.48,-5.71],[120.458,-5.739],[120.44,-5.81],[120.429,-5.964],[120.435,-6.089],[120.406,-6.085],[120.376,-6.161],[120.392,-6.214],[120.421,-6.231],[120.432,-6.293],[120.435,-6.377],[120.447,-6.464],[120.417,-6.441],[120.405,-6.482],[120.42,-6.508],[120.453,-6.491],[120.488,-6.525],[120.521,-6.464],[120.513,-6.415],[120.561,-6.295],[120.552,-6.202],[120.591,-6.05],[120.558,-5.87],[120.531,-5.806],[120.501,-5.732],[120.48,-5.71]]]}},{"type":"Feature","geometry":{"type":"Polygon","coordinates":[[[123.382,-10.416],[123.349,-10.422],[123.327,-10.442],[123.305,-10.484],[123.249,-10.5],[123.198,-10.569],[123.157,-10.617],[123.103,-10.635],[123.029,-10.704],[122.971,-10.697],[122.905,-10.719],[122.863,-10.729],[122.831,-10.76],[122.765,-10.75],[122.73,-10.763],[122.731,-10.8],[122.709,-10.817],[122.694,-10.796],[122.662,-10.785],[122.628,-10.801],[122.665,-10.839],[122.708,-10.845],[122.757,-10.844],[122.764,-10.806],[122.797,-10.829],[122.796,-10.905],[122.812,-10.975],[122.856,-11.025],[122.901,-11.011],[122.925,-10.961],[123,-10.937],[123.022,-10.91],[123,-10.889],[123.054,-10.893],[123.1,-10.87],[123.139,-10.835],[123.205,-10.852],[123.239,-10.825],[123.261,-10.756],[123.331,-10.716],[123.42,-10.704],[123.449,-10.666],[123.441,-10.615],[123.409,-10.574],[123.427,-10.553],[123.47,-10.504],[123.434,-10.458],[123.382,-10.416]]]}},{"type":"Feature","geometry":{"type":"Polygon","coordinates":[[[121.891,-10.388],[121.833,-10.43],[121.799,-10.485],[121.737,-10.523],[121.642,-10.574],[121.572,-10.576],[121.494,-10.647],[121.558,-10.655],[121.635,-10.626],[121.66,-10.596],[121.719,-10.624],[121.797,-10.64],[121.86,-10.634],[121.937,-10.592],[121.994,-10.566],[122.035,-10.481],[122.02,-10.427],[121.958,-10.414],[121.891,-10.388]]]}},{"type":"Feature","geometry":{"type":"Polygon","coordinates":[[[129.662,-7.76],[129.566,-7.805],[129.544,-7.838],[129.489,-7.823],[129.499,-7.941],[129.534,-7.974],[129.591,-7.941],[129.641,-8.035],[129.718,-8.081],[129.805,-8.076],[129.894,-7.93],[129.912,-7.855],[129.842,-7.786],[129.662,-7.76]]]}},{"type":"Feature","geometry":{"type":"Polygon","coordinates":[[[135.459,-1.549],[135.39,-1.571],[135.374,-1.597],[135.45,-1.681],[135.514,-1.697],[135.64,-1.738],[135.732,-1.737],[135.784,-1.833],[135.838,-1.832],[135.845,-1.79],[135.948,-1.814],[136.022,-1.85],[136.1,-1.87],[136.219,-1.93],[136.285,-1.98],[136.376,-1.989],[136.427,-1.926],[136.541,-1.921],[136.706,-1.887],[136.868,-1.854],[136.934,-1.771],[136.862,-1.711],[136.568,-1.678],[136.244,-1.615],[136.022,-1.598],[135.459,-1.549]]]}},{"type":"Feature","geometry":{"type":"Polygon","coordinates":[[[135.394,-0.596],[135.343,-0.614],[135.353,-0.661],[135.38,-0.737],[135.453,-0.807],[135.544,-0.894],[135.575,-0.867],[135.622,-0.91],[135.662,-0.895],[135.722,-0.831],[135.747,-0.923],[135.792,-1.033],[135.772,-1.094],[135.827,-1.169],[135.898,-1.196],[136.007,-1.169],[136.112,-1.222],[136.193,-1.203],[136.283,-1.177],[136.383,-1.122],[136.409,-1.075],[136.39,-1.049],[136.324,-1.034],[136.283,-0.997],[136.185,-1.007],[136.111,-0.902],[136.062,-0.834],[135.949,-0.765],[135.883,-0.695],[135.791,-0.673],[135.762,-0.702],[135.721,-0.677],[135.644,-0.648],[135.571,-0.64],[135.514,-0.61],[135.428,-0.622],[135.394,-0.596]]]}},{"type":"Feature","geometry":{"type":"Polygon","coordinates":[[[133.156,-5.259],[133.103,-5.274],[133.082,-5.311],[133.021,-5.53],[132.973,-5.605],[132.95,-5.643],[132.914,-5.751],[132.885,-5.787],[132.848,-5.917],[132.821,-6.016],[132.851,-6.029],[132.887,-5.977],[132.937,-5.925],[132.976,-5.859],[132.965,-5.821],[132.966,-5.766],[133.054,-5.658],[133.11,-5.63],[133.169,-5.438],[133.211,-5.351],[133.206,-5.293],[133.156,-5.259]]]}},{"type":"Feature","geometry":{"type":"Polygon","coordinates":[[[132.716,-5.419],[132.698,-5.419],[132.685,-5.448],[132.719,-5.481],[132.715,-5.504],[132.668,-5.544],[132.657,-5.587],[132.627,-5.574],[132.594,-5.542],[132.545,-5.539],[132.536,-5.574],[132.568,-5.616],[132.597,-5.684],[132.556,-5.68],[132.529,-5.739],[132.546,-5.806],[132.507,-5.831],[132.501,-5.887],[132.517,-5.932],[132.542,-5.933],[132.573,-5.885],[132.615,-5.878],[132.649,-5.813],[132.637,-5.903],[132.66,-5.925],[132.676,-5.956],[132.726,-5.975],[132.79,-5.963],[132.815,-5.892],[132.833,-5.839],[132.819,-5.766],[132.833,-5.698],[132.815,-5.617],[132.838,-5.55],[132.819,-5.513],[132.785,-5.501],[132.779,-5.459],[132.744,-5.462],[132.737,-5.436],[132.716,-5.419]]]}},{"type":"Feature","geometry":{"type":"Polygon","coordinates":[[[127.75,-8.082],[127.745,-8.145],[127.664,-8.135],[127.572,-8.194],[127.572,-8.199],[127.569,-8.222],[127.628,-8.262],[127.739,-8.244],[127.779,-8.203],[127.919,-8.248],[128.125,-8.296],[128.257,-8.294],[128.221,-8.178],[128.15,-8.154],[128.128,-8.124],[128.042,-8.129],[127.895,-8.089],[127.75,-8.082]]]}},{"type":"Feature","geometry":{"type":"Polygon","coordinates":[[[126.733,4.587],[126.65,4.423],[126.645,4.316],[126.733,4.218],[126.653,4.072],[126.595,4.081],[126.582,3.946],[126.601,3.853],[126.683,3.771],[126.793,3.697],[126.887,3.708],[126.865,3.798],[126.777,3.875],[126.766,3.949],[126.821,4.029],[126.826,4.125],[126.889,4.163],[126.953,4.27],[126.878,4.382],[126.909,4.464],[126.851,4.535],[126.733,4.587]]]}},{"type":"Feature","geometry":{"type":"Polygon","coordinates":[[[125.568,3.822],[125.556,3.79],[125.522,3.745],[125.502,3.749],[125.428,3.763],[125.388,3.727],[125.38,3.674],[125.421,3.62],[125.475,3.563],[125.467,3.509],[125.478,3.43],[125.539,3.383],[125.609,3.341],[125.649,3.354],[125.696,3.428],[125.755,3.47],[125.75,3.498],[125.711,3.501],[125.679,3.522],[125.653,3.563],[125.615,3.572],[125.605,3.62],[125.548,3.698],[125.559,3.731],[125.611,3.76],[125.656,3.781],[125.658,3.801],[125.597,3.811],[125.568,3.822]]]}},{"type":"Feature","geometry":{"type":"Polygon","coordinates":[[[122.231,-0.19],[122.136,-0.228],[122.103,-0.224],[122.068,-0.232],[122.022,-0.254],[121.983,-0.287],[121.952,-0.29],[121.906,-0.32],[121.86,-0.33],[121.821,-0.352],[121.849,-0.394],[121.808,-0.411],[121.789,-0.4],[121.742,-0.415],[121.68,-0.464],[121.627,-0.553],[121.595,-0.585],[121.615,-0.606],[121.658,-0.591],[121.713,-0.57],[121.752,-0.522],[121.819,-0.552],[121.877,-0.552],[121.93,-0.529],[121.932,-0.492],[121.947,-0.452],[122.032,-0.445],[122.09,-0.464],[122.138,-0.446],[122.167,-0.413],[122.167,-0.371],[122.147,-0.338],[122.121,-0.295],[122.141,-0.291],[122.212,-0.317],[122.252,-0.314],[122.29,-0.283],[122.345,-0.33],[122.364,-0.386],[122.403,-0.402],[122.392,-0.328],[122.396,-0.268],[122.301,-0.209],[122.231,-0.19]]]}},{"type":"Feature","geometry":{"type":"Polygon","coordinates":[[[115.248,-6.816],[115.207,-6.836],[115.207,-6.849],[115.236,-6.854],[115.232,-6.871],[115.206,-6.882],[115.19,-6.916],[115.201,-6.946],[115.237,-6.951],[115.231,-6.969],[115.289,-7.021],[115.304,-7.014],[115.302,-6.988],[115.329,-7.007],[115.405,-7.005],[115.48,-7.015],[115.484,-7.005],[115.472,-6.981],[115.437,-6.969],[115.426,-6.95],[115.443,-6.934],[115.488,-6.938],[115.492,-6.97],[115.502,-6.971],[115.512,-6.96],[115.536,-6.976],[115.511,-6.992],[115.497,-7.013],[115.525,-7.042],[115.538,-7.042],[115.551,-7.023],[115.549,-6.997],[115.558,-6.98],[115.579,-6.997],[115.614,-7.016],[115.648,-7.014],[115.675,-7.026],[115.703,-7.033],[115.72,-7.008],[115.715,-6.997],[115.692,-6.991],[115.671,-6.975],[115.642,-6.954],[115.643,-6.929],[115.628,-6.931],[115.631,-6.947],[115.611,-6.94],[115.582,-6.924],[115.563,-6.898],[115.54,-6.885],[115.486,-6.853],[115.389,-6.823],[115.306,-6.822],[115.248,-6.816]]]}},{"type":"Feature","geometry":{"type":"Polygon","coordinates":[[[123.771,-1.84],[123.734,-1.873],[123.723,-1.841],[123.681,-1.848],[123.626,-1.896],[123.606,-1.952],[123.643,-1.98],[123.688,-1.983],[123.761,-1.98],[123.74,-1.998],[123.731,-2.046],[123.729,-2.101],[123.758,-2.113],[123.758,-2.072],[123.819,-2.043],[123.832,-2.125],[123.898,-2.127],[123.949,-2.125],[123.946,-2.091],[123.893,-2.022],[123.872,-1.946],[123.806,-1.876],[123.771,-1.84]]]}},{"type":"Feature","geometry":{"type":"Polygon","coordinates":[[[120.602,-6.956],[120.6,-6.995],[120.575,-7.038],[120.526,-6.956],[120.493,-6.978],[120.498,-7.041],[120.561,-7.125],[120.652,-7.161],[120.77,-7.169],[120.814,-7.104],[120.797,-7.033],[120.737,-7.025],[120.644,-6.959],[120.602,-6.956]]]}},{"type":"Feature","geometry":{"type":"Polygon","coordinates":[[[127.362,-7.469],[127.329,-7.526],[127.311,-7.496],[127.27,-7.493],[127.249,-7.515],[127.283,-7.545],[127.344,-7.567],[127.31,-7.62],[127.321,-7.657],[127.385,-7.673],[127.437,-7.655],[127.452,-7.625],[127.5,-7.603],[127.516,-7.546],[127.573,-7.575],[127.587,-7.637],[127.642,-7.62],[127.652,-7.579],[127.601,-7.53],[127.551,-7.504],[127.503,-7.499],[127.424,-7.477],[127.362,-7.469]]]}},{"type":"Feature","geometry":{"type":"Polygon","coordinates":[[[128.672,-8.139],[128.578,-8.15],[128.563,-8.163],[128.589,-8.179],[128.64,-8.169],[128.686,-8.197],[128.756,-8.214],[128.804,-8.211],[128.898,-8.256],[128.974,-8.269],[129.03,-8.273],[129.05,-8.229],[128.989,-8.18],[128.912,-8.165],[128.819,-8.173],[128.795,-8.15],[128.672,-8.139]]]}},{"type":"Feature","geometry":{"type":"Polygon","coordinates":[[[131.55,-4.326],[131.541,-4.337],[131.554,-4.361],[131.571,-4.415],[131.627,-4.496],[131.64,-4.535],[131.667,-4.555],[131.677,-4.6],[131.704,-4.633],[131.722,-4.617],[131.696,-4.568],[131.693,-4.516],[131.682,-4.47],[131.638,-4.419],[131.586,-4.366],[131.568,-4.331],[131.55,-4.326]]]}},{"type":"Feature","geometry":{"type":"Polygon","coordinates":[[[129.253,0.069],[129.261,0.033],[129.28,0.019],[129.313,0.004],[129.354,-0.038],[129.361,-0.073],[129.383,-0.095],[129.434,-0.144],[129.467,-0.163],[129.49,-0.209],[129.548,-0.232],[129.595,-0.218],[129.592,-0.185],[129.556,-0.117],[129.488,-0.076],[129.427,-0.015],[129.387,0.019],[129.308,0.063],[129.253,0.069]]]}},{"type":"Feature","geometry":{"type":"Polygon","coordinates":[[[127.315,0.931],[127.294,0.92],[127.294,0.875],[127.275,0.845],[127.289,0.759],[127.322,0.739],[127.343,0.68],[127.37,0.607],[127.349,0.563],[127.384,0.545],[127.421,0.57],[127.45,0.611],[127.476,0.674],[127.473,0.746],[127.408,0.768],[127.397,0.847],[127.355,0.884],[127.326,0.928],[127.315,0.931]]]}},{"type":"Feature","geometry":{"type":"Polygon","coordinates":[[[136.612,-1.114],[136.577,-1.143],[136.561,-1.197],[136.5,-1.204],[136.454,-1.184],[136.423,-1.181],[136.393,-1.21],[136.347,-1.193],[136.301,-1.206],[136.265,-1.25],[136.259,-1.23],[136.215,-1.213],[136.173,-1.237],[136.184,-1.281],[136.169,-1.329],[136.228,-1.318],[136.237,-1.28],[136.283,-1.278],[136.299,-1.305],[136.344,-1.285],[136.386,-1.325],[136.435,-1.311],[136.461,-1.27],[136.502,-1.256],[136.568,-1.263],[136.557,-1.31],[136.604,-1.358],[136.638,-1.348],[136.653,-1.299],[136.71,-1.252],[136.723,-1.2],[136.682,-1.199],[136.641,-1.261],[136.638,-1.195],[136.648,-1.13],[136.612,-1.114]]]}},{"type":"Feature","geometry":{"type":"Polygon","coordinates":[[[128.379,-0.514],[128.331,-0.528],[128.307,-0.546],[128.318,-0.573],[128.346,-0.592],[128.372,-0.578],[128.394,-0.582],[128.4,-0.603],[128.412,-0.612],[128.451,-0.59],[128.49,-0.615],[128.502,-0.643],[128.565,-0.667],[128.613,-0.665],[128.618,-0.646],[128.601,-0.617],[128.564,-0.601],[128.509,-0.577],[128.454,-0.56],[128.379,-0.514]]]}},{"type":"Feature","geometry":{"type":"Polygon","coordinates":[[[129.915,-4.474],[129.874,-4.49],[129.823,-4.53],[129.794,-4.504],[129.755,-4.5],[129.732,-4.533],[129.688,-4.533],[129.64,-4.55],[129.647,-4.576],[129.689,-4.576],[129.761,-4.559],[129.841,-4.563],[129.874,-4.581],[129.938,-4.582],[129.972,-4.552],[129.967,-4.515],[129.941,-4.476],[129.915,-4.474]]]}},{"type":"Feature","geometry":{"type":"Polygon","coordinates":[[[44.61,39.779],[44.268,39.397],[44.076,39.297],[44.172,38.991],[44.279,38.736],[44.449,38.385],[44.319,38.062],[44.469,37.764],[44.655,37.389],[44.748,37.124],[44.908,36.892],[45.036,36.564],[45.316,36.182],[45.799,35.828],[46.229,35.811],[46.045,35.705],[46.2,35.188],[45.934,35.086],[45.688,34.815],[45.533,34.599],[45.412,33.981],[45.956,33.552],[46.118,33.118],[46.796,32.71],[47.52,32.292],[47.588,32.114],[47.686,32.024],[47.705,32.005],[47.806,31.843],[48.203,30.323],[48.518,29.96],[49.028,30.215],[50.087,30.148],[50.629,29.138],[51.059,28.64],[51.774,27.812],[53.472,26.844],[54.603,26.49],[55.511,26.765],[56.194,27.118],[57.443,25.736],[58.87,25.519],[60.536,25.395],[61.979,26.278],[62.605,26.578],[62.822,27.287],[60.873,29.859],[60.811,31.839],[60.949,33.522],[60.674,34.311],[60.971,34.643],[61.122,35.164],[61.258,35.501],[61.254,35.813],[59.035,37.632],[56.332,38.178],[53.869,37.356],[49.389,37.527],[48.255,38.666],[48.192,39.181],[47.302,39.373],[46.555,38.885],[46.2,38.858],[45.659,38.954],[45.15,39.221],[44.978,39.449],[44.854,39.605],[44.61,39.779]]]}},{"type":"Feature","geometry":{"type":"Polygon","coordinates":[[[56.207,27.005],[56.102,26.989],[55.955,26.944],[55.902,26.913],[55.822,26.928],[55.769,26.958],[55.721,26.947],[55.689,26.927],[55.668,26.907],[55.646,26.888],[55.634,26.87],[55.636,26.856],[55.631,26.82],[55.633,26.785],[55.624,26.763],[55.596,26.738],[55.489,26.71],[55.407,26.681],[55.329,26.655],[55.272,26.671],[55.258,26.643],[55.266,26.609],[55.258,26.553],[55.309,26.537],[55.337,26.56],[55.388,26.56],[55.469,26.58],[55.532,26.606],[55.631,26.64],[55.758,26.673],[55.828,26.712],[55.874,26.727],[55.911,26.699],[55.907,26.687],[55.87,26.681],[55.832,26.627],[55.883,26.604],[55.92,26.67],[55.98,26.702],[56.055,26.759],[56.128,26.818],[56.17,26.888],[56.271,26.919],[56.293,26.96],[56.207,27.005],[56.207,27.005]]]}},{"type":"Feature","geometry":{"type":"Polygon","coordinates":[[[42.784,37.378],[42.651,37.256],[42.555,37.15],[42.468,37.14],[42.426,37.126],[42.359,37.107],[41.814,36.589],[41.215,35.106],[38.985,32.48],[44.72,29.203],[46.766,29.321],[47.28,30.057],[48.428,29.857],[48.463,29.992],[48.404,30.216],[48.189,30.345],[47.684,31],[47.798,31.866],[47.717,31.984],[47.708,32.009],[47.713,32.018],[47.685,32.026],[47.654,32.071],[47.58,32.116],[47.53,32.172],[47.521,32.305],[47.324,32.477],[46.722,32.788],[46.096,32.987],[46.217,33.202],[46.024,33.484],[45.959,33.564],[45.65,33.73],[45.468,34.013],[45.542,34.351],[45.559,34.591],[45.711,34.666],[45.737,34.842],[45.897,34.957],[45.945,35.09],[46.074,35.086],[46.185,35.225],[46,35.538],[46.126,35.685],[46.303,35.759],[46.206,35.793],[46.023,35.833],[45.797,35.816],[45.433,35.994],[45.334,36.207],[45.158,36.418],[45.029,36.6],[44.883,36.782],[44.913,36.921],[44.818,37.04],[44.764,37.129],[44.567,37.158],[44.352,37.043],[44.228,37.158],[44.121,37.319],[43.896,37.22],[43.628,37.218],[43.362,37.328],[43.195,37.358],[42.825,37.348],[42.784,37.378]]]}},{"type":"Feature","geometry":{"type":"Polygon","coordinates":[[[-7.391,55.413],[-7.993,55.245],[-8.539,54.889],[-8.473,54.543],[-8.698,54.304],[-9.588,54.331],[-10.261,54.117],[-10.247,54.008],[-9.728,53.804],[-10.316,53.532],[-9.816,53.219],[-9.591,53.132],[-9.547,52.932],[-10.017,52.56],[-9.921,52.292],[-10.621,52.145],[-10.085,52.064],[-10.324,51.715],[-10.058,51.563],[-9.786,51.421],[-8.921,51.507],[-8.295,51.7],[-7.572,51.961],[-6.897,52.108],[-6.328,52.27],[-6.103,52.776],[-6.099,53.239],[-6.154,53.303],[-6.086,53.355],[-6.106,53.414],[-6.069,53.524],[-6.106,53.59],[-6.208,53.636],[-6.23,53.786],[-6.256,53.821],[-6.274,53.872],[-6.369,53.92],[-6.337,53.989],[-6.211,53.976],[-6.147,54.033],[-6.276,54.108],[-6.443,54.061],[-6.699,54.198],[-6.851,54.292],[-6.924,54.383],[-6.98,54.406],[-7.068,54.396],[-7.181,54.334],[-7.16,54.273],[-7.186,54.225],[-7.234,54.198],[-7.285,54.119],[-7.287,54.154],[-7.318,54.127],[-7.395,54.124],[-7.564,54.133],[-7.96,54.309],[-8.001,54.547],[-7.752,54.597],[-7.785,54.632],[-7.902,54.688],[-7.728,54.721],[-7.537,54.747],[-7.447,54.937],[-7.291,55.048],[-6.993,55.289],[-7.391,55.413]]]}},{"type":"Feature","geometry":{"type":"Polygon","coordinates":[[[35.564,33.29],[35.527,33.14],[35.378,33.055],[35.366,33.05],[35.326,33.078],[35.317,33.105],[35.236,33.092],[35.181,33.091],[35.149,33.087],[35.098,33.052],[35.031,32.82],[34.951,32.788],[34.897,32.552],[34.65,31.852],[34.505,31.496],[34.268,31.22],[34.515,30.613],[34.525,30.527],[34.537,30.431],[34.584,30.386],[34.868,29.596],[35.022,29.677],[35.103,30.011],[35.192,30.497],[35.295,30.762],[35.419,30.948],[35.405,31.276],[35.008,31.358],[35.099,31.706],[35.183,31.745],[35.225,31.746],[35.178,31.809],[35.068,31.856],[34.997,31.852],[34.997,31.953],[34.986,32.101],[34.978,32.158],[35.013,32.235],[35.017,32.325],[35.052,32.371],[35.055,32.412],[35.073,32.454],[35.158,32.504],[35.235,32.537],[35.39,32.504],[35.443,32.406],[35.553,32.388],[35.561,32.401],[35.562,32.426],[35.567,32.446],[35.563,32.462],[35.569,32.476],[35.55,32.514],[35.574,32.549],[35.573,32.606],[35.56,32.646],[35.607,32.66],[35.657,32.685],[35.643,32.683],[35.657,32.809],[35.616,32.905],[35.633,33.005],[35.667,33.211],[35.624,33.241],[35.564,33.29]]]}},{"type":"Feature","geometry":{"type":"Polygon","coordinates":[[[12.192,47.093],[11.245,46.98],[10.681,46.877],[10.456,46.533],[10.113,46.607],[10.134,46.363],[9.963,46.366],[9.602,46.294],[9.248,46.433],[9.193,46.196],[9.012,45.98],[9.04,45.846],[8.881,45.956],[8.743,46.121],[8.555,46.189],[8.463,46.387],[8.315,46.38],[8.153,46.199],[7.895,45.976],[7.707,45.931],[7.46,45.934],[7.199,45.863],[7.03,45.92],[6.852,45.839],[6.817,45.74],[6.904,45.68],[6.996,45.63],[7.16,45.37],[6.743,45.137],[6.81,44.874],[6.953,44.62],[6.99,44.281],[7.517,44.139],[7.559,43.917],[7.57,43.785],[8.147,43.935],[8.432,44.184],[9.128,44.317],[9.778,44.065],[10.447,43.32],[10.756,42.769],[11.195,42.358],[12.317,41.703],[13.428,41.231],[14.109,40.77],[14.499,40.604],[15.26,40.009],[16.14,38.952],[15.679,38.261],[16.173,38.124],[17.089,38.882],[16.994,39.502],[16.852,40.357],[17.983,40.112],[18.416,39.949],[17.102,41.073],[15.627,41.946],[14.1,42.581],[12.623,44.062],[12.405,44.787],[12.336,45.148],[12.866,45.583],[13.481,45.695],[13.735,45.633],[13.92,45.633],[13.531,45.965],[13.413,46.215],[13.59,46.54],[12.368,46.744],[12.22,47.055],[12.192,47.093]]]}},{"type":"Feature","geometry":{"type":"Polygon","coordinates":[[[15.549,38.308],[15.255,38.263],[15.169,38.166],[14.911,38.196],[14.64,38.087],[14.368,38.021],[14.068,38.023],[13.82,37.987],[13.592,38.033],[13.545,38.095],[13.505,38.122],[13.379,38.121],[13.369,38.18],[13.333,38.199],[13.32,38.226],[13.284,38.211],[13.273,38.2],[13.262,38.201],[13.238,38.204],[13.231,38.21],[13.193,38.175],[13.106,38.195],[13.061,38.109],[12.978,38.043],[12.84,38.063],[12.783,38.172],[12.723,38.144],[12.653,38.094],[12.498,38.025],[12.425,37.898],[12.443,37.762],[12.777,37.572],[13.221,37.427],[13.741,37.145],[14.205,37.062],[14.493,36.783],[14.631,36.761],[14.732,36.713],[14.8,36.702],[14.886,36.725],[14.993,36.691],[15.052,36.658],[15.106,36.657],[15.157,36.693],[15.107,36.768],[15.126,36.859],[15.195,36.946],[15.275,37],[15.32,37.036],[15.298,37.051],[15.297,37.109],[15.23,37.146],[15.205,37.181],[15.217,37.216],[15.252,37.23],[15.212,37.295],[15.107,37.315],[15.103,37.483],[15.167,37.556],[15.181,37.622],[15.223,37.702],[15.28,37.825],[15.353,37.913],[15.498,38.075],[15.571,38.218],[15.65,38.278],[15.549,38.308]]]}},{"type":"Feature","geometry":{"type":"Polygon","coordinates":[[[10.408,42.878],[10.351,42.819],[10.357,42.805],[10.354,42.803],[10.342,42.801],[10.325,42.806],[10.322,42.808],[10.332,42.811],[10.338,42.816],[10.33,42.825],[10.289,42.826],[10.265,42.834],[10.255,42.831],[10.264,42.817],[10.258,42.818],[10.257,42.804],[10.246,42.804],[10.237,42.793],[10.217,42.806],[10.192,42.817],[10.151,42.817],[10.114,42.807],[10.095,42.793],[10.094,42.769],[10.106,42.748],[10.132,42.73],[10.158,42.724],[10.164,42.728],[10.195,42.731],[10.225,42.722],[10.244,42.726],[10.245,42.737],[10.256,42.739],[10.266,42.736],[10.291,42.734],[10.304,42.753],[10.309,42.735],[10.323,42.734],[10.329,42.738],[10.331,42.754],[10.348,42.755],[10.36,42.728],[10.375,42.709],[10.403,42.708],[10.424,42.702],[10.443,42.714],[10.433,42.741],[10.416,42.762],[10.438,42.774],[10.448,42.798],[10.436,42.816],[10.453,42.847],[10.436,42.864],[10.429,42.875],[10.408,42.878]]]}},{"type":"Feature","geometry":{"type":"Polygon","coordinates":[[[9.19,41.272],[9.139,41.212],[9.012,41.148],[8.788,40.938],[8.59,40.855],[8.335,40.852],[8.241,40.964],[8.286,41.041],[8.376,41.081],[8.252,41.095],[8.163,40.918],[8.142,40.772],[8.166,40.668],[8.152,40.548],[8.289,40.568],[8.38,40.419],[8.451,40.285],[8.464,40.088],[8.362,40.042],[8.407,39.878],[8.512,39.891],[8.481,39.78],[8.442,39.596],[8.358,39.4],[8.385,39.273],[8.403,39.124],[8.337,39.053],[8.454,38.965],[8.549,39.031],[8.582,38.917],[8.653,38.858],[8.784,38.875],[9.05,39.025],[9.054,39.156],[9.18,39.2],[9.414,39.112],[9.55,39.068],[9.606,39.174],[9.642,39.301],[9.658,39.527],[9.731,39.919],[9.746,40.099],[9.694,40.316],[9.765,40.618],[9.73,40.758],[9.719,40.82],[9.751,40.85],[9.7,40.882],[9.688,40.905],[9.616,40.935],[9.603,40.961],[9.662,40.975],[9.617,41.03],[9.544,41.04],[9.618,41.066],[9.584,41.127],[9.456,41.15],[9.425,41.181],[9.372,41.199],[9.326,41.212],[9.3,41.23],[9.19,41.272],[9.19,41.272]]]}},{"type":"Feature","geometry":{"type":"Polygon","coordinates":[[[-6.247,10.739],[-6.655,10.534],[-6.978,10.305],[-7.355,10.328],[-7.723,10.346],[-8.149,9.981],[-8.12,9.739],[-7.855,9.17],[-7.954,8.873],[-7.705,8.602],[-7.756,8.398],[-7.907,8.462],[-8.11,8.48],[-8.248,8.258],[-7.948,8.044],[-8.126,7.709],[-8.412,7.474],[-8.384,7.313],[-8.356,7.236],[-8.321,7.205],[-8.288,7.188],[-8.299,7.11],[-8.292,7.035],[-8.297,6.984],[-8.308,6.913],[-8.31,6.856],[-8.347,6.774],[-8.372,6.744],[-8.408,6.715],[-8.452,6.649],[-8.532,6.612],[-8.554,6.501],[-8.405,6.368],[-8.269,6.334],[-8.1,6.301],[-7.913,6.273],[-7.838,6.193],[-7.851,6.103],[-7.794,6.077],[-7.791,6],[-7.696,5.904],[-7.662,5.919],[-7.587,5.899],[-7.521,5.837],[-7.423,5.838],[-7.424,5.468],[-7.473,5.203],[-7.582,4.826],[-7.369,4.398],[-6.427,4.801],[-3.977,5.252],[-2.921,5.115],[-2.749,5.202],[-2.725,5.389],[-3.027,5.709],[-3.144,6.959],[-2.746,7.923],[-2.626,8.882],[-2.684,9.485],[-3.321,9.873],[-4.044,9.802],[-4.503,9.746],[-4.824,9.853],[-5.052,10.085],[-5.133,10.315],[-5.666,10.462],[-6.217,10.285],[-6.206,10.573],[-6.247,10.739]]]}},{"type":"Feature","geometry":{"type":"Polygon","coordinates":[[[-77.829,18.543],[-77.944,18.516],[-77.98,18.481],[-78.1,18.47],[-78.217,18.47],[-78.323,18.403],[-78.36,18.309],[-78.394,18.259],[-78.276,18.203],[-78.21,18.189],[-78.065,18.185],[-77.995,18.094],[-77.923,18.015],[-77.868,17.955],[-77.757,17.835],[-77.513,17.828],[-77.279,17.733],[-77.123,17.707],[-77.131,17.792],[-77.145,17.851],[-77.069,17.838],[-76.937,17.831],[-76.849,17.919],[-76.731,17.932],[-76.615,17.857],[-76.466,17.859],[-76.308,17.859],[-76.16,17.899],[-76.211,17.946],[-76.297,18.134],[-76.426,18.202],[-76.557,18.222],[-76.642,18.248],[-76.705,18.288],[-76.788,18.334],[-76.873,18.418],[-76.952,18.425],[-77.095,18.431],[-77.316,18.485],[-77.536,18.506],[-77.829,18.543],[-77.829,18.543]]]}},{"type":"Feature","geometry":{"type":"Polygon","coordinates":[[[141.96,45.537],[141.842,45.46],[141.674,45.474],[141.589,45.387],[141.529,45.199],[141.732,44.77],[141.6,44.312],[141.57,43.916],[141.301,43.797],[141.312,43.557],[141.378,43.325],[141.078,43.213],[140.93,43.253],[140.567,43.383],[140.348,43.361],[140.328,43.163],[140.372,42.954],[140.194,42.862],[139.985,42.737],[139.757,42.509],[139.741,42.253],[139.966,42.045],[139.927,41.759],[140.01,41.406],[140.372,41.43],[140.57,41.636],[140.916,41.673],[141.24,41.775],[141.037,41.98],[140.762,42.18],[140.471,42.249],[140.488,42.517],[140.823,42.359],[141.125,42.342],[141.713,42.569],[142.526,42.167],[143.13,41.874],[143.394,42.155],[143.849,42.743],[144.52,42.888],[145.085,42.96],[145.464,43.093],[145.668,43.249],[145.816,43.429],[145.448,43.373],[145.448,43.588],[145.201,43.918],[145.382,44.414],[144.965,44.178],[144.404,44.04],[144.009,44.222],[142.729,44.903],[141.96,45.537]]]}},{"type":"Feature","geometry":{"type":"Polygon","coordinates":[[[140.92,41.562],[141.225,41.223],[140.842,40.938],[140.304,41.159],[139.916,40.508],[140.014,39.769],[138.873,37.864],[137.292,36.782],[137.35,37.423],[136.743,36.97],[136.07,35.75],[135.54,35.512],[134.94,35.671],[133.426,35.496],[132.609,35.422],[131.601,34.682],[131.379,34.436],[131.055,34.423],[130.873,34.328],[130.888,34.058],[130.933,33.939],[131.414,33.994],[131.727,34.005],[132.03,33.825],[132.211,34.114],[132.42,34.322],[132.44,34.094],[132.593,34.123],[132.797,34.147],[133.064,34.119],[133.39,34.368],[133.444,34.328],[133.602,34.385],[133.753,34.359],[134.243,34.413],[134.228,34.629],[135.346,34.52],[135.121,34.183],[135.33,33.708],[136.116,33.862],[136.913,34.338],[136.805,34.92],[137.059,34.761],[137.622,34.665],[138.584,35.101],[138.749,34.677],[139.158,34.908],[139.456,35.307],[139.742,35.225],[139.953,35.638],[139.732,35.313],[139.818,35.004],[140.177,35.111],[140.705,35.692],[140.596,36.299],[140.832,36.894],[141.024,37.75],[141.19,38.329],[141.397,38.308],[141.533,38.373],[141.545,38.484],[141.568,38.683],[141.656,38.98],[141.906,39.088],[141.98,39.294],[142.056,39.588],[141.917,40.021],[141.544,40.544],[141.274,41.365],[140.92,41.562]]]}},{"type":"Feature","geometry":{"type":"Polygon","coordinates":[[[135.008,34.615],[134.968,34.607],[134.948,34.579],[134.902,34.55],[134.872,34.534],[134.836,34.484],[134.819,34.482],[134.779,34.451],[134.749,34.393],[134.731,34.355],[134.708,34.332],[134.68,34.335],[134.657,34.315],[134.642,34.291],[134.651,34.275],[134.659,34.264],[134.667,34.244],[134.685,34.232],[134.688,34.223],[134.698,34.212],[134.718,34.2],[134.716,34.185],[134.73,34.18],[134.762,34.189],[134.802,34.195],[134.832,34.208],[134.866,34.224],[134.92,34.244],[134.961,34.258],[134.967,34.275],[134.958,34.306],[134.926,34.32],[134.911,34.362],[134.907,34.397],[134.944,34.441],[134.986,34.481],[135.004,34.522],[135.028,34.559],[135.031,34.591],[135.008,34.615]]]}},{"type":"Feature","geometry":{"type":"Polygon","coordinates":[[[134.127,34.426],[134.003,34.37],[133.878,34.359],[133.813,34.341],[133.719,34.267],[133.632,34.249],[133.659,34.287],[133.549,34.265],[133.628,34.139],[133.506,33.982],[133.371,34.014],[133.235,33.963],[133.058,34.016],[132.978,34.134],[132.891,34.103],[132.814,34.036],[132.711,33.923],[132.661,33.865],[132.579,33.664],[132.214,33.466],[132.003,33.348],[132.156,33.367],[132.343,33.444],[132.33,33.402],[132.414,33.294],[132.475,33.248],[132.391,33.223],[132.348,33.184],[132.417,33.125],[132.439,33.074],[132.396,33.009],[132.483,33.002],[132.411,32.955],[132.467,32.906],[132.626,32.911],[132.637,32.83],[132.563,32.76],[132.535,32.697],[132.67,32.772],[132.86,32.764],[133.013,32.704],[133.007,32.858],[133.109,33.017],[133.232,33.143],[133.276,33.303],[133.336,33.359],[133.59,33.492],[133.93,33.478],[134.088,33.322],[134.194,33.27],[134.337,33.547],[134.412,33.629],[134.467,33.645],[134.727,33.815],[134.692,33.885],[134.648,34.01],[134.617,34.114],[134.647,34.226],[134.563,34.245],[134.372,34.27],[134.281,34.313],[134.194,34.359],[134.157,34.415],[134.127,34.426]]]}},{"type":"Feature","geometry":{"type":"Polygon","coordinates":[[[131.004,33.975],[130.946,33.946],[130.873,33.925],[130.603,33.899],[130.395,33.878],[130.331,33.684],[130.211,33.709],[130.041,33.554],[129.996,33.545],[129.846,33.623],[129.714,33.477],[129.567,33.458],[129.5,33.458],[129.449,33.447],[129.416,33.318],[129.334,33.219],[129.512,33.265],[129.489,33.141],[129.639,33.12],[129.543,33.035],[129.577,32.943],[129.654,32.857],[129.753,32.69],[129.795,32.528],[130.134,32.778],[130.14,32.594],[130.401,32.741],[130.239,32.946],[130.347,33.12],[130.53,32.829],[130.471,32.651],[130.288,32.518],[130.062,32.542],[129.961,32.314],[130.012,32.143],[130.141,32.034],[130.167,31.729],[130.206,31.45],[130.141,31.335],[130.472,31.207],[130.7,31.267],[130.556,31.476],[130.714,31.431],[130.706,31.136],[130.667,30.982],[131.111,31.232],[131.048,31.392],[131.212,31.406],[131.391,31.405],[131.495,31.728],[131.633,32.31],[131.708,32.55],[131.938,32.755],[132.098,32.933],[131.953,33.035],[131.971,33.098],[131.921,33.258],[131.684,33.296],[131.677,33.37],[131.579,33.705],[131.116,33.658],[131.034,33.93],[131.004,33.975]]]}},{"type":"Feature","geometry":{"type":"Polygon","coordinates":[[[138.477,38.363],[138.376,38.277],[138.252,38.189],[138.183,38.044],[138.197,37.951],[138.246,37.925],[138.235,37.881],[138.156,37.825],[138.222,37.775],[138.351,37.784],[138.477,37.836],[138.56,37.968],[138.609,38.072],[138.593,38.113],[138.488,38.096],[138.491,38.128],[138.551,38.234],[138.557,38.34],[138.477,38.363]]]}},{"type":"Feature","geometry":{"type":"Polygon","coordinates":[[[129.125,33.313],[129.078,33.29],[129.049,33.251],[129.034,33.225],[129.008,33.211],[128.998,33.202],[128.973,33.18],[128.984,33.163],[129.032,33.161],[129.102,33.181],[129.086,33.138],[129.091,33.09],[129.067,33.052],[129.028,33.025],[129.002,33.001],[129.003,32.979],[128.969,32.944],[128.923,32.929],[128.905,32.896],[128.865,32.863],[128.824,32.844],[128.82,32.783],[128.795,32.799],[128.745,32.772],[128.701,32.768],[128.657,32.791],[128.633,32.746],[128.641,32.693],[128.603,32.661],[128.588,32.609],[128.633,32.588],[128.689,32.592],[128.743,32.575],[128.783,32.574],[128.803,32.617],[128.788,32.638],[128.832,32.628],[128.896,32.632],[128.891,32.679],[128.877,32.721],[128.902,32.768],[128.944,32.795],[128.968,32.831],[129.006,32.843],[129.032,32.821],[129.069,32.807],[129.074,32.85],[129.102,32.854],[129.108,32.89],[129.12,32.912],[129.139,32.926],[129.177,32.96],[129.188,32.996],[129.195,33.026],[129.155,33.039],[129.145,33.016],[129.116,33.002],[129.112,33.036],[129.127,33.107],[129.14,33.127],[129.124,33.142],[129.146,33.168],[129.148,33.212],[129.137,33.234],[129.106,33.225],[129.08,33.236],[129.121,33.24],[129.161,33.261],[129.151,33.285],[129.125,33.313],[129.125,33.313]]]}},{"type":"Feature","geometry":{"type":"Polygon","coordinates":[[[132.231,33.973],[132.223,33.961],[132.21,33.965],[132.204,33.951],[132.182,33.954],[132.181,33.932],[132.174,33.919],[132.179,33.892],[132.18,33.883],[132.196,33.88],[132.201,33.864],[132.218,33.864],[132.237,33.875],[132.26,33.874],[132.267,33.867],[132.28,33.873],[132.274,33.89],[132.289,33.897],[132.294,33.89],[132.312,33.89],[132.327,33.88],[132.324,33.873],[132.334,33.856],[132.35,33.865],[132.352,33.854],[132.374,33.845],[132.364,33.857],[132.374,33.864],[132.364,33.882],[132.368,33.899],[132.376,33.911],[132.39,33.9],[132.394,33.909],[132.404,33.909],[132.42,33.917],[132.437,33.929],[132.45,33.93],[132.474,33.948],[132.483,33.96],[132.466,33.969],[132.46,33.961],[132.468,33.949],[132.443,33.944],[132.427,33.955],[132.4,33.943],[132.386,33.929],[132.366,33.935],[132.358,33.92],[132.35,33.92],[132.346,33.907],[132.334,33.905],[132.326,33.918],[132.312,33.919],[132.301,33.934],[132.288,33.955],[132.266,33.951],[132.244,33.965],[132.231,33.973]]]}},{"type":"Feature","geometry":{"type":"Polygon","coordinates":[[[129.451,34.731],[129.411,34.721],[129.393,34.68],[129.353,34.673],[129.302,34.663],[129.275,34.581],[129.28,34.551],[129.295,34.539],[129.282,34.505],[129.261,34.462],[129.249,34.383],[129.229,34.382],[129.218,34.36],[129.229,34.342],[129.191,34.343],[129.185,34.318],[129.157,34.18],[129.154,34.085],[129.187,34.091],[129.192,34.067],[129.251,34.077],[129.293,34.123],[129.328,34.207],[129.343,34.254],[129.38,34.272],[129.423,34.308],[129.429,34.348],[129.412,34.385],[129.398,34.428],[129.404,34.457],[129.474,34.508],[129.496,34.561],[129.499,34.603],[129.516,34.647],[129.508,34.69],[129.473,34.711],[129.451,34.731]]]}},{"type":"Feature","geometry":{"type":"Polygon","coordinates":[[[129.834,31.889],[129.814,31.868],[129.808,31.848],[129.83,31.833],[129.818,31.821],[129.805,31.807],[129.799,31.792],[129.777,31.795],[129.773,31.784],[129.777,31.768],[129.764,31.752],[129.723,31.742],[129.698,31.731],[129.678,31.711],[129.683,31.697],[129.67,31.676],[129.646,31.665],[129.65,31.646],[129.664,31.622],[129.692,31.612],[129.722,31.617],[129.739,31.636],[129.744,31.658],[129.734,31.666],[129.746,31.683],[129.754,31.704],[129.766,31.701],[129.781,31.718],[129.797,31.747],[129.809,31.756],[129.807,31.773],[129.817,31.766],[129.838,31.769],[129.843,31.781],[129.85,31.788],[129.852,31.801],[129.85,31.813],[129.858,31.811],[129.867,31.792],[129.887,31.799],[129.918,31.808],[129.934,31.816],[129.939,31.831],[129.937,31.843],[129.946,31.844],[129.961,31.847],[129.964,31.855],[129.987,31.855],[129.994,31.864],[129.991,31.871],[129.967,31.872],[129.941,31.876],[129.915,31.878],[129.898,31.873],[129.898,31.861],[129.882,31.874],[129.865,31.888],[129.834,31.889]]]}},{"type":"Feature","geometry":{"type":"Polygon","coordinates":[[[131.065,30.847],[131.02,30.824],[131,30.791],[130.999,30.767],[130.979,30.737],[130.934,30.681],[130.934,30.653],[130.938,30.587],[130.886,30.497],[130.861,30.478],[130.845,30.47],[130.855,30.406],[130.84,30.372],[130.864,30.341],[130.884,30.339],[130.903,30.352],[130.934,30.363],[130.96,30.359],[130.984,30.365],[130.978,30.382],[130.995,30.397],[130.981,30.414],[130.986,30.45],[130.976,30.478],[130.992,30.5],[131.003,30.538],[131.037,30.549],[131.041,30.573],[131.057,30.593],[131.07,30.634],[131.06,30.654],[131.089,30.692],[131.079,30.754],[131.086,30.77],[131.093,30.792],[131.079,30.801],[131.08,30.813],[131.07,30.82],[131.065,30.847]]]}},{"type":"Feature","geometry":{"type":"Polygon","coordinates":[[[130.484,30.478],[130.459,30.465],[130.45,30.445],[130.43,30.416],[130.401,30.407],[130.369,30.397],[130.381,30.331],[130.399,30.282],[130.419,30.237],[130.487,30.223],[130.576,30.224],[130.623,30.252],[130.671,30.304],[130.68,30.374],[130.667,30.399],[130.621,30.411],[130.583,30.436],[130.516,30.462],[130.511,30.473],[130.484,30.478]]]}},{"type":"Feature","geometry":{"type":"Polygon","coordinates":[[[129.698,28.541],[129.657,28.519],[129.637,28.497],[129.64,28.445],[129.634,28.476],[129.6,28.485],[129.52,28.46],[129.486,28.421],[129.433,28.404],[129.372,28.371],[129.309,28.368],[129.273,28.338],[129.188,28.32],[129.181,28.283],[129.129,28.265],[129.144,28.228],[129.19,28.205],[129.142,28.208],[129.166,28.18],[129.205,28.13],[129.164,28.134],[129.133,28.128],[129.177,28.103],[129.203,28.078],[129.182,28.073],[129.142,28.056],[129.141,28.006],[129.185,28.03],[129.215,28.017],[129.254,27.987],[129.297,28.02],[129.302,28.063],[129.345,28.067],[129.386,28.098],[129.387,28.148],[129.418,28.176],[129.48,28.203],[129.457,28.243],[129.466,28.276],[129.554,28.301],[129.596,28.36],[129.685,28.393],[129.734,28.448],[129.707,28.497],[129.698,28.541]]]}},{"type":"Feature","geometry":{"type":"Polygon","coordinates":[[[128.257,26.895],[128.183,26.824],[128.07,26.724],[128.032,26.748],[127.93,26.741],[127.823,26.773],[127.744,26.77],[127.713,26.714],[127.766,26.66],[127.831,26.603],[127.919,26.564],[127.727,26.485],[127.68,26.441],[127.722,26.311],[127.612,26.242],[127.612,26.173],[127.617,26.079],[127.719,26.057],[127.853,26.114],[127.936,26.165],[127.914,26.195],[127.831,26.227],[127.873,26.269],[127.917,26.227],[127.982,26.244],[128.018,26.32],[128.026,26.402],[127.991,26.444],[128.073,26.488],[128.153,26.517],[128.188,26.576],[128.285,26.635],[128.342,26.728],[128.356,26.819],[128.257,26.895]]]}},{"type":"Feature","geometry":{"type":"Polygon","coordinates":[[[125.251,24.954],[125.219,24.938],[125.239,24.886],[125.272,24.85],[125.241,24.807],[125.244,24.825],[125.218,24.857],[125.173,24.881],[125.132,24.868],[125.115,24.824],[125.156,24.795],[125.226,24.781],[125.211,24.746],[125.237,24.703],[125.281,24.698],[125.351,24.708],[125.439,24.707],[125.494,24.699],[125.465,24.741],[125.427,24.774],[125.37,24.812],[125.325,24.855],[125.321,24.901],[125.318,24.929],[125.273,24.93],[125.251,24.954]]]}},{"type":"Feature","geometry":{"type":"Polygon","coordinates":[[[124.325,24.625],[124.312,24.621],[124.298,24.591],[124.279,24.574],[124.276,24.56],[124.288,24.545],[124.27,24.522],[124.263,24.528],[124.244,24.522],[124.225,24.505],[124.215,24.485],[124.217,24.468],[124.185,24.463],[124.161,24.462],[124.145,24.48],[124.119,24.488],[124.108,24.481],[124.11,24.468],[124.111,24.458],[124.076,24.458],[124.061,24.437],[124.066,24.418],[124.084,24.412],[124.119,24.42],[124.124,24.392],[124.104,24.385],[124.101,24.359],[124.13,24.346],[124.131,24.33],[124.147,24.319],[124.181,24.322],[124.209,24.34],[124.225,24.328],[124.257,24.344],[124.273,24.415],[124.264,24.457],[124.284,24.476],[124.307,24.507],[124.324,24.543],[124.349,24.579],[124.349,24.608],[124.325,24.625]]]}},{"type":"Feature","geometry":{"type":"Polygon","coordinates":[[[38.793,33.374],[37.768,32.881],[37.488,32.691],[37.248,32.569],[36.862,32.316],[36.502,32.359],[36.438,32.372],[36.384,32.39],[36.306,32.459],[36.241,32.498],[36.205,32.527],[36.163,32.515],[36.079,32.543],[36.023,32.613],[35.983,32.66],[35.936,32.72],[35.913,32.723],[35.874,32.731],[35.826,32.734],[35.801,32.749],[35.757,32.745],[35.725,32.723],[35.68,32.706],[35.666,32.681],[35.635,32.686],[35.596,32.668],[35.592,32.646],[35.56,32.646],[35.565,32.629],[35.565,32.604],[35.574,32.566],[35.571,32.54],[35.564,32.522],[35.565,32.507],[35.569,32.479],[35.566,32.468],[35.563,32.462],[35.571,32.46],[35.565,32.441],[35.558,32.436],[35.552,32.426],[35.558,32.411],[35.551,32.404],[35.555,32.389],[35.564,32.313],[35.57,32.231],[35.564,32.198],[35.549,32.128],[35.542,32.002],[35.531,31.889],[35.556,31.761],[35.473,31.41],[35.399,31.257],[35.458,31.127],[35.373,30.929],[35.319,30.796],[35.295,30.718],[35.206,30.58],[35.149,30.288],[35.103,30.011],[35.081,29.945],[35.019,29.653],[34.989,29.507],[34.964,29.403],[36.508,29.503],[37.766,30.736],[37.871,31.725],[39.043,32.308],[38.793,33.374]]]}},{"type":"Feature","geometry":{"type":"Polygon","coordinates":[[[69.681,55.479],[68.654,55.231],[67.061,54.782],[65.187,54.339],[62.883,54.124],[61.295,54.076],[61.208,53.562],[62.108,53.112],[61.051,52.35],[61.301,51.439],[59.216,50.658],[57.747,50.939],[56.396,50.946],[54.69,51.034],[54.528,50.846],[53.605,51.358],[52.781,51.501],[52.247,51.727],[51.584,51.528],[50.961,51.679],[50.496,51.428],[49.123,50.785],[48.752,49.923],[47.829,50.329],[46.965,49.873],[47.149,48.039],[48.551,46.693],[50.394,46.732],[52.619,45.989],[51.196,44.565],[51.608,43.111],[54.948,41.906],[55.742,41.302],[65.733,43.014],[68.126,41.036],[68.63,40.634],[68.676,40.963],[69.149,41.392],[69.958,41.735],[70.744,42.191],[71.009,42.589],[72.187,42.753],[73.505,42.774],[74.225,43.254],[75.372,42.851],[76.571,42.906],[77.481,42.926],[78.315,42.856],[79.184,42.702],[80.107,42.32],[80.725,43.399],[80.34,45.074],[82.595,45.35],[84.092,46.965],[85.608,47.515],[87.124,49.151],[86.413,49.605],[85.04,50.008],[83.636,50.953],[82.321,50.752],[80.914,51.224],[76.437,54.161],[75.35,53.958],[73.358,53.46],[72.606,54.132],[72.101,54.167],[71.128,54.321],[70.829,55.287],[69.681,55.479]]]}},{"type":"Feature","geometry":{"type":"Polygon","coordinates":[[[50.356,45.106],[50.229,45.072],[50.21,44.963],[50.147,44.945],[50.128,45.056],[50.045,45.079],[49.993,45.052],[49.982,44.945],[50.065,44.801],[50.238,44.805],[50.229,44.873],[50.353,44.875],[50.43,45.019],[50.356,45.106]]]}},{"type":"Feature","geometry":{"type":"Polygon","coordinates":[[[34.413,4.633],[34.041,4.121],[34.109,3.899],[34.169,3.83],[34.3,3.679],[34.441,3.513],[34.437,3.304],[34.577,3.035],[34.754,2.829],[34.909,2.522],[35.001,1.961],[34.839,1.454],[34.817,1.244],[34.523,1.108],[34.415,0.806],[34.308,0.73],[34.312,0.694],[34.296,0.684],[34.278,0.674],[34.28,0.654],[34.27,0.639],[34.222,0.628],[34.129,0.538],[34.09,0.433],[34.059,0.311],[34.025,0.257],[33.94,-0.537],[34.028,-1.033],[37.375,-2.873],[37.628,-3.459],[39.193,-4.662],[39.217,-4.686],[39.357,-4.737],[39.516,-4.46],[39.911,-3.585],[40.199,-3.05],[40.201,-2.749],[40.691,-2.496],[40.827,-2.361],[40.9,-2.302],[40.977,-2.284],[40.981,-2.232],[40.976,-2.217],[40.935,-2.22],[40.92,-2.132],[40.93,-2.058],[40.983,-2.061],[41.047,-2.041],[41.145,-1.98],[41.194,-2],[41.199,-1.987],[41.247,-1.973],[41.235,-2.049],[41.398,-1.89],[41.522,-1.753],[41.557,-1.598],[41.847,3.949],[41.364,3.963],[40.943,4.138],[40.199,4.045],[39.501,3.453],[38.974,3.533],[38.529,3.656],[37.029,4.371],[35.925,4.586],[34.413,4.633]]]}},{"type":"Feature","geometry":{"type":"Polygon","coordinates":[[[-157.458,2.055],[-157.488,2.054],[-157.501,2.047],[-157.498,2.024],[-157.483,1.983],[-157.488,1.964],[-157.486,1.953],[-157.477,1.948],[-157.478,1.974],[-157.468,1.977],[-157.468,2.012],[-157.454,1.989],[-157.437,1.993],[-157.443,1.976],[-157.446,1.952],[-157.458,1.933],[-157.477,1.915],[-157.48,1.897],[-157.523,1.886],[-157.524,1.895],[-157.484,1.934],[-157.488,1.944],[-157.497,1.94],[-157.536,1.914],[-157.544,1.899],[-157.578,1.882],[-157.543,1.841],[-157.514,1.847],[-157.495,1.851],[-157.477,1.821],[-157.465,1.803],[-157.427,1.775],[-157.376,1.772],[-157.335,1.756],[-157.267,1.721],[-157.244,1.699],[-157.217,1.686],[-157.194,1.692],[-157.17,1.69],[-157.158,1.698],[-157.158,1.74],[-157.174,1.766],[-157.295,1.82],[-157.329,1.838],[-157.336,1.858],[-157.334,1.9],[-157.325,1.933],[-157.297,1.945],[-157.295,1.965],[-157.309,1.993],[-157.377,2.005],[-157.394,2.022],[-157.426,2.049],[-157.458,2.055]]]}},{"type":"Feature","geometry":{"type":"Polygon","coordinates":[[[174.665,-1.09],[174.643,-1.126],[174.668,-1.152],[174.718,-1.178],[174.75,-1.221],[174.781,-1.273],[174.79,-1.318],[174.85,-1.353],[174.883,-1.401],[174.979,-1.447],[175.052,-1.498],[175.051,-1.53],[175.064,-1.548],[175.092,-1.515],[175.081,-1.451],[175.02,-1.416],[174.935,-1.375],[174.876,-1.333],[174.828,-1.3],[174.808,-1.232],[174.762,-1.175],[174.665,-1.09]]]}},{"type":"Feature","geometry":{"type":"Polygon","coordinates":[[[172.962,1.655],[172.94,1.639],[172.963,1.561],[173.009,1.476],[173.118,1.38],[173.051,1.365],[172.984,1.353],[172.922,1.373],[172.903,1.361],[172.985,1.315],[173.043,1.34],[173.191,1.358],[173.022,1.517],[172.97,1.642],[172.962,1.655]]]}},{"type":"Feature","geometry":{"type":"Polygon","coordinates":[[[172.696,3.285],[172.675,3.274],[172.682,3.232],[172.699,3.186],[172.698,3.147],[172.73,3.09],[172.746,3.056],[172.759,3.032],[172.806,3.073],[172.84,3.09],[172.904,3.086],[172.915,3.126],[172.98,3.163],[172.978,3.202],[172.971,3.237],[172.93,3.244],[172.906,3.224],[172.906,3.217],[172.921,3.219],[172.939,3.226],[172.949,3.215],[172.952,3.182],[172.943,3.164],[172.904,3.147],[172.879,3.112],[172.802,3.095],[172.762,3.079],[172.749,3.114],[172.735,3.132],[172.73,3.149],[172.702,3.226],[172.7,3.256],[172.753,3.217],[172.789,3.21],[172.803,3.226],[172.746,3.245],[172.696,3.285]]]}},{"type":"Feature","geometry":{"type":"Polygon","coordinates":[[[47.709,30.104],[47.372,30.102],[47.28,30.057],[47.174,30.025],[47.122,29.956],[47.016,29.731],[46.998,29.662],[46.91,29.523],[46.847,29.413],[46.783,29.354],[46.766,29.321],[46.703,29.251],[46.668,29.205],[46.627,29.168],[46.583,29.138],[46.557,29.103],[46.554,29.102],[46.553,29.102],[47.466,29],[47.498,28.965],[47.515,28.93],[47.543,28.899],[47.566,28.861],[47.588,28.837],[47.596,28.795],[47.6,28.758],[47.594,28.727],[47.596,28.687],[47.606,28.655],[47.639,28.63],[47.654,28.596],[47.709,28.543],[47.704,28.524],[47.893,28.527],[48.027,28.511],[48.102,28.531],[48.442,28.535],[48.429,28.576],[48.421,28.64],[48.415,28.705],[48.42,28.759],[48.351,28.769],[48.306,28.828],[48.297,28.896],[48.252,28.919],[48.178,29.032],[48.141,29.179],[48.115,29.363],[48.06,29.383],[47.988,29.414],[47.943,29.381],[47.881,29.401],[47.802,29.401],[47.802,29.43],[47.924,29.521],[48.013,29.553],[48.08,29.546],[48.149,29.492],[48.19,29.535],[48.234,29.569],[48.3,29.61],[48.352,29.647],[48.389,29.699],[48.404,29.752],[48.425,29.847],[48.161,30.027],[48.043,30.023],[48.013,29.99],[47.841,30.053],[47.709,30.104]]]}},{"type":"Feature","geometry":{"type":"Polygon","coordinates":[[[74.206,43.267],[73.836,43.127],[73.507,42.786],[73.309,42.521],[72.534,42.678],[71.809,42.827],[71.18,42.676],[70.932,42.419],[70.935,42.27],[71.263,42.203],[71.066,42.084],[70.752,41.914],[70.269,41.606],[70.406,41.468],[70.779,41.387],[70.847,41.25],[71.275,41.177],[71.437,41.171],[71.544,41.294],[71.662,41.453],[71.721,41.522],[71.765,41.439],[71.863,41.2],[72.175,41.022],[72.793,40.851],[72.861,40.709],[72.673,40.55],[72.423,40.536],[72.193,40.484],[71.944,40.254],[71.702,40.208],[71.31,40.308],[70.987,40.226],[70.615,39.959],[70.364,40.072],[69.666,40.112],[69.502,39.941],[69.324,39.917],[69.347,39.623],[69.576,39.555],[69.999,39.538],[70.44,39.599],[70.933,39.393],[71.419,39.574],[71.807,39.273],[72.263,39.205],[72.793,39.348],[73.383,39.45],[73.845,39.76],[74.68,40.28],[75.443,40.581],[76.017,40.355],[76.668,40.71],[77.393,41.034],[78.725,41.564],[80.192,42.033],[80.002,42.365],[79.504,42.458],[79.2,42.804],[78.669,42.817],[78.315,42.856],[77.94,42.877],[77.546,42.938],[77.156,42.945],[76.75,42.923],[76.301,42.875],[75.792,42.901],[74.924,42.967],[74.408,43.179],[74.206,43.267]]]}},{"type":"Feature","geometry":{"type":"Polygon","coordinates":[[[101.775,22.5],[101.566,22.283],[101.617,21.98],[101.762,21.721],[101.754,21.407],[101.703,21.169],[101.249,21.22],[101.078,21.462],[100.517,20.895],[100.172,20.247],[100.404,19.75],[101.26,19.476],[101.188,18.571],[101.019,17.896],[101.143,17.474],[101.466,17.753],[101.745,17.989],[102.34,18.048],[102.857,17.973],[103.248,18.34],[103.952,18.338],[104.779,17.097],[105.077,16.096],[105.556,15.741],[105.583,15.307],[105.576,15],[105.514,14.753],[105.481,14.505],[105.23,14.334],[105.41,14.11],[105.62,14.135],[105.951,13.933],[106.063,14.195],[106.082,14.364],[106.267,14.474],[106.46,14.55],[106.742,14.428],[106.968,14.316],[107.176,14.434],[107.454,14.529],[107.507,14.789],[107.583,15.028],[107.638,15.313],[107.383,15.491],[107.25,15.745],[107.423,15.926],[107.284,16.117],[107.024,16.309],[106.802,16.463],[106.587,16.607],[106.323,17.195],[105.645,17.864],[105.443,18.205],[105.117,18.526],[104.859,18.774],[104.369,19.069],[103.957,19.36],[104.167,19.692],[104.715,19.758],[104.867,20.144],[104.458,20.376],[104.59,20.696],[104.045,20.906],[103.458,20.822],[102.942,21.127],[102.984,21.65],[102.619,21.915],[102.162,22.362],[101.775,22.5]]]}},{"type":"Feature","geometry":{"type":"Polygon","coordinates":[[[25.199,58.086],[25.021,58.018],[24.742,57.982],[24.646,57.953],[24.531,57.947],[24.46,57.88],[24.305,57.795],[23.28,57.112],[22.03,57.64],[20.976,56.569],[21.18,56.075],[21.467,56.269],[21.868,56.361],[22.135,56.43],[22.378,56.399],[22.679,56.353],[22.939,56.414],[23.092,56.307],[23.17,56.367],[23.439,56.351],[23.712,56.37],[23.811,56.342],[24.114,56.263],[24.389,56.28],[24.703,56.388],[24.796,56.409],[24.942,56.38],[25.09,56.187],[25.421,56.146],[25.675,56.148],[25.856,56.001],[26.384,55.709],[26.737,55.687],[26.959,55.802],[27.246,55.795],[27.65,55.911],[27.829,56.038],[28.107,56.16],[28.191,56.402],[28.015,56.634],[27.892,56.85],[27.716,57.099],[27.721,57.365],[27.381,57.531],[27.193,57.55],[26.976,57.614],[26.822,57.582],[26.73,57.581],[26.615,57.53],[26.5,57.524],[26.248,57.62],[26.211,57.679],[26.037,57.772],[26.037,57.85],[25.887,57.856],[25.737,57.924],[25.592,57.955],[25.513,57.969],[25.409,58.029],[25.279,58.051],[25.283,57.99],[25.241,58.021],[25.228,58.051],[25.217,58.074],[25.199,58.086]]]}},{"type":"Feature","geometry":{"type":"Polygon","coordinates":[[[36.338,34.692],[36.307,34.673],[36.288,34.631],[36.247,34.634],[36.213,34.631],[36.145,34.636],[36.097,34.636],[36.075,34.632],[36.035,34.631],[35.987,34.649],[35.984,34.54],[35.834,34.464],[35.788,34.398],[35.707,34.31],[35.649,34.255],[35.638,34.118],[35.582,33.944],[35.476,33.858],[35.391,33.615],[35.305,33.479],[35.195,33.263],[35.115,33.093],[35.158,33.086],[35.189,33.083],[35.263,33.098],[35.319,33.102],[35.331,33.077],[35.366,33.054],[35.432,33.066],[35.542,33.195],[35.583,33.267],[35.623,33.262],[35.711,33.305],[35.745,33.326],[35.82,33.386],[35.898,33.434],[35.939,33.463],[35.948,33.523],[35.988,33.531],[36.04,33.556],[36.004,33.615],[35.948,33.673],[35.983,33.726],[36.054,33.796],[36.191,33.843],[36.269,33.851],[36.391,33.852],[36.317,33.894],[36.301,33.929],[36.398,34.005],[36.479,34.039],[36.573,34.157],[36.593,34.273],[36.563,34.327],[36.529,34.433],[36.514,34.444],[36.441,34.506],[36.352,34.501],[36.401,34.573],[36.454,34.59],[36.42,34.623],[36.362,34.647],[36.354,34.684],[36.338,34.692]]]}},{"type":"Feature","geometry":{"type":"Polygon","coordinates":[[[28.65,-28.571],[28.618,-28.587],[28.578,-28.604],[28.54,-28.603],[28.52,-28.608],[28.495,-28.606],[28.463,-28.61],[28.442,-28.62],[28.41,-28.625],[28.396,-28.646],[28.368,-28.667],[28.36,-28.688],[28.331,-28.699],[28.301,-28.702],[28.281,-28.714],[28.241,-28.696],[28.191,-28.705],[28.163,-28.717],[28.129,-28.74],[28.087,-28.8],[28.049,-28.842],[28.034,-28.874],[27.992,-28.882],[27.928,-28.862],[27.892,-28.911],[27.84,-28.914],[27.754,-28.898],[27.733,-28.944],[27.716,-28.99],[27.674,-29.034],[27.676,-29.079],[27.651,-29.108],[27.615,-29.162],[27.54,-29.205],[27.542,-29.261],[27.455,-29.298],[27.437,-29.368],[27.418,-29.411],[27.365,-29.481],[27.288,-29.533],[27.207,-29.557],[27.114,-29.585],[27.056,-29.637],[27.018,-29.666],[27.235,-30.008],[27.403,-30.139],[27.385,-30.184],[27.371,-30.249],[27.389,-30.293],[27.379,-30.334],[27.475,-30.356],[27.558,-30.412],[27.614,-30.477],[27.672,-30.535],[27.744,-30.606],[27.941,-30.644],[28.158,-30.579],[28.255,-30.4],[28.328,-30.231],[28.748,-30.106],[29.084,-29.963],[29.126,-29.797],[29.284,-29.646],[29.294,-29.492],[29.424,-29.395],[29.361,-29.201],[29.128,-28.961],[28.946,-28.831],[28.699,-28.615],[28.65,-28.571]]]}},{"type":"Feature","geometry":{"type":"Polygon","coordinates":[[[-9.776,8.55],[-10.056,8.465],[-10.237,8.486],[-10.295,8.361],[-10.391,8.155],[-10.776,7.655],[-11.182,7.267],[-11.313,7.185],[-11.379,7.01],[-11.466,6.927],[-9.495,5.288],[-7.517,4.351],[-7.593,4.802],[-7.543,4.998],[-7.46,5.28],[-7.414,5.448],[-7.432,5.697],[-7.451,5.857],[-7.521,5.837],[-7.576,5.865],[-7.614,5.897],[-7.661,5.93],[-7.685,5.916],[-7.751,5.947],[-7.783,6.009],[-7.795,6.054],[-7.832,6.097],[-7.85,6.131],[-7.845,6.186],[-7.857,6.232],[-7.925,6.285],[-8.078,6.302],[-8.212,6.306],[-8.304,6.349],[-8.4,6.356],[-8.466,6.504],[-8.581,6.523],[-8.532,6.612],[-8.472,6.633],[-8.433,6.664],[-8.404,6.714],[-8.387,6.738],[-8.36,6.752],[-8.349,6.779],[-8.328,6.827],[-8.326,6.876],[-8.318,6.932],[-8.307,6.975],[-8.28,7.01],[-8.3,7.061],[-8.302,7.106],[-8.281,7.16],[-8.294,7.185],[-8.319,7.204],[-8.34,7.225],[-8.369,7.247],[-8.384,7.313],[-8.413,7.438],[-8.507,7.584],[-8.722,7.577],[-8.839,7.285],[-9.11,7.237],[-9.362,7.414],[-9.426,7.475],[-9.407,8.018],[-9.491,8.269],[-9.656,8.422],[-9.722,8.463],[-9.776,8.55]]]}},{"type":"Feature","geometry":{"type":"Polygon","coordinates":[[[11.566,33.18],[11.488,32.892],[11.484,32.655],[11.608,32.459],[11.35,32.315],[10.859,32.104],[10.745,31.989],[10.617,31.916],[10.528,31.742],[10.302,31.699],[10.144,31.441],[10.25,31.166],[10.299,30.9],[10.083,30.57],[9.876,30.341],[9.632,30.253],[9.396,30.117],[9.888,28.837],[9.948,27.832],[9.833,27.584],[9.811,27.481],[9.849,26.954],[9.863,26.522],[10.033,25.351],[10.302,24.582],[10.67,24.575],[10.819,24.572],[11.596,24.267],[14.238,22.614],[22.209,20.436],[25,21.999],[24.82,29.787],[24.927,30.494],[24.862,31.363],[25.072,31.585],[25.052,31.864],[24.519,32.01],[23.692,32.197],[23.118,32.347],[23.052,32.665],[22.074,32.944],[21.02,32.787],[19.899,31.761],[19.97,30.801],[18.968,30.309],[18.127,30.831],[17.463,31.058],[16.131,31.281],[15.397,31.985],[14.722,32.47],[13.854,32.81],[13.052,32.884],[11.992,33.025],[11.566,33.18]]]}},{"type":"Feature","geometry":{"type":"Polygon","coordinates":[[[24.879,56.448],[24.742,56.402],[24.579,56.326],[24.287,56.285],[24.024,56.312],[23.763,56.336],[23.582,56.345],[23.307,56.382],[23.186,56.342],[23,56.371],[22.841,56.365],[22.58,56.39],[22.289,56.409],[22.012,56.415],[21.682,56.312],[21.285,56.181],[21.043,56.066],[21.379,55.293],[21.879,55.093],[22.133,55.047],[22.615,55.012],[22.743,54.939],[22.841,54.863],[22.842,54.768],[22.776,54.752],[22.739,54.698],[22.754,54.647],[22.687,54.59],[22.811,54.371],[23.013,54.355],[23.202,54.288],[23.387,54.219],[23.486,54.153],[23.516,54.028],[23.606,53.93],[23.873,53.945],[24.205,53.951],[24.691,54.017],[24.764,54.118],[25.195,54.217],[25.496,54.311],[25.637,54.132],[25.67,54.325],[25.635,54.476],[25.831,54.89],[26.068,54.966],[26.202,55.013],[26.258,55.069],[26.32,55.139],[26.419,55.142],[26.548,55.146],[26.665,55.16],[26.688,55.208],[26.757,55.261],[26.807,55.318],[26.659,55.341],[26.608,55.334],[26.577,55.328],[26.508,55.335],[26.439,55.345],[26.542,55.409],[26.518,55.513],[26.576,55.678],[26.118,55.881],[25.682,56.087],[25.517,56.16],[25.233,56.191],[24.984,56.304],[24.879,56.448]]]}},{"type":"Feature","geometry":{"type":"Polygon","coordinates":[[[6.024,50.182],[5.96,50.151],[5.895,50.101],[5.866,50.052],[5.86,50.029],[5.834,50.018],[5.824,49.997],[5.836,49.979],[5.819,49.972],[5.791,49.964],[5.775,49.957],[5.764,49.931],[5.784,49.876],[5.764,49.87],[5.746,49.854],[5.74,49.834],[5.755,49.791],[5.792,49.787],[5.82,49.754],[5.828,49.739],[5.836,49.724],[5.886,49.709],[5.885,49.671],[5.899,49.666],[5.903,49.646],[5.876,49.622],[5.873,49.584],[5.861,49.566],[5.836,49.553],[5.817,49.537],[5.908,49.502],[5.975,49.463],[6.027,49.448],[6.099,49.469],[6.177,49.509],[6.285,49.491],[6.334,49.467],[6.368,49.469],[6.372,49.578],[6.426,49.629],[6.436,49.671],[6.49,49.704],[6.496,49.724],[6.517,49.724],[6.508,49.776],[6.505,49.81],[6.426,49.816],[6.336,49.839],[6.289,49.876],[6.227,49.936],[6.183,49.953],[6.139,50.01],[6.121,50.053],[6.13,50.074],[6.129,50.108],[6.131,50.13],[6.12,50.163],[6.094,50.169],[6.044,50.158],[6.024,50.182]]]}},{"type":"Feature","geometry":{"type":"Polygon","coordinates":[[[49.272,-11.943],[49.117,-12.184],[48.818,-12.378],[48.793,-12.53],[48.801,-13.096],[48.496,-13.269],[48.37,-13.296],[48.139,-13.344],[48.277,-13.734],[48.01,-13.475],[47.898,-13.966],[47.747,-14.041],[47.67,-14.472],[47.428,-14.602],[46.39,-15.517],[45.86,-15.768],[45.371,-15.948],[44.819,-16.172],[44.36,-16.536],[43.918,-17.712],[44.193,-18.74],[44.434,-19.963],[43.764,-21.202],[43.355,-21.66],[43.157,-22.07],[43.344,-22.877],[43.706,-23.519],[43.877,-24.657],[44.745,-25.356],[45.928,-25.374],[47.123,-25.021],[47.62,-23.79],[48.244,-21.665],[48.881,-19.692],[49.388,-18.224],[49.509,-17.624],[49.618,-16.904],[49.746,-16.727],[49.849,-16.399],[49.732,-16.138],[49.662,-15.618],[49.783,-15.541],[49.937,-15.632],[50.098,-15.955],[50.379,-15.73],[50.305,-14.916],[50.191,-14.057],[50.028,-13.434],[49.936,-13.19],[49.867,-12.877],[49.823,-12.784],[49.75,-12.758],[49.66,-12.722],[49.605,-12.65],[49.562,-12.384],[49.411,-12.198],[49.272,-11.943]]]}},{"type":"Feature","geometry":{"type":"Polygon","coordinates":[[[50.004,-16.697],[49.98,-16.708],[49.959,-16.735],[49.96,-16.751],[49.958,-16.785],[49.927,-16.805],[49.896,-16.857],[49.877,-16.87],[49.847,-16.934],[49.85,-16.967],[49.831,-16.999],[49.817,-17.062],[49.794,-17.097],[49.792,-17.125],[49.809,-17.128],[49.839,-17.081],[49.86,-17.05],[49.91,-16.957],[49.949,-16.913],[49.962,-16.864],[50.028,-16.707],[50.017,-16.699],[50.004,-16.697]]]}},{"type":"Feature","geometry":{"type":"Polygon","coordinates":[[[32.999,-9.362],[33.002,-9.597],[33.107,-9.626],[33.287,-9.803],[33.37,-10.089],[33.549,-10.296],[33.617,-10.498],[33.618,-10.653],[33.369,-10.831],[33.311,-10.986],[33.316,-11.342],[33.243,-11.493],[33.33,-11.83],[33.316,-12.203],[33.545,-12.367],[33.262,-12.535],[32.997,-12.724],[33.016,-13.216],[32.709,-13.563],[32.772,-13.767],[33.004,-13.958],[33.216,-14.009],[33.378,-14.215],[33.631,-14.569],[33.813,-14.552],[34.235,-14.429],[34.512,-14.553],[34.611,-14.977],[34.595,-15.226],[34.472,-15.427],[34.423,-15.661],[34.262,-15.881],[34.435,-16.064],[34.573,-16.343],[34.78,-16.586],[35.03,-16.806],[35.143,-16.967],[35.296,-17.017],[35.296,-16.764],[35.21,-16.518],[35.479,-16.122],[35.82,-16.004],[35.487,-14.173],[34.555,-13.073],[34.433,-12.133],[34.949,-11.507],[34.796,-11.285],[34.604,-11.025],[34.612,-10.62],[34.58,-10.31],[34.254,-9.695],[33.95,-9.562],[33.939,-9.719],[33.905,-9.691],[33.881,-9.674],[33.86,-9.659],[33.828,-9.642],[33.779,-9.591],[33.722,-9.591],[33.65,-9.603],[33.589,-9.584],[33.496,-9.619],[33.4,-9.547],[33.307,-9.484],[33.125,-9.48],[32.999,-9.362]]]}},{"type":"Feature","geometry":{"type":"Polygon","coordinates":[[[100.205,6.725],[100.176,6.606],[100.151,6.485],[100.25,6.186],[100.357,5.833],[100.348,5.679],[100.327,5.657],[100.364,5.536],[100.355,5.401],[100.401,5.267],[100.356,5.09],[100.48,4.858],[100.569,4.574],[100.566,4.403],[100.53,4.179],[100.738,4.081],[100.702,3.864],[100.938,3.659],[101.286,3.242],[101.255,3.068],[101.209,2.932],[101.397,2.778],[101.755,2.536],[101.922,2.407],[102.288,2.153],[102.432,2.099],[102.839,1.822],[103.355,1.519],[103.442,1.306],[103.655,1.397],[103.799,1.473],[104.001,1.427],[104.08,1.358],[104.295,1.361],[104.307,1.501],[104.171,1.867],[103.977,2.228],[103.84,2.485],[103.793,2.645],[103.476,2.855],[103.453,3.441],[103.35,3.785],[103.451,3.956],[103.483,4.241],[103.461,4.634],[103.199,5.278],[102.625,5.822],[102.199,6.24],[102.089,6.146],[101.945,5.959],[101.887,5.839],[101.827,5.738],[101.702,5.754],[101.611,5.906],[101.394,5.87],[101.304,5.815],[101.221,5.687],[101.107,5.69],[101.007,5.828],[101.088,5.91],[101.104,6.053],[101.087,6.175],[100.968,6.284],[100.904,6.232],[100.85,6.313],[100.741,6.509],[100.563,6.489],[100.426,6.523],[100.331,6.659],[100.23,6.696],[100.205,6.725]]]}},{"type":"Feature","geometry":{"type":"Polygon","coordinates":[[[99.822,6.48],[99.802,6.449],[99.78,6.427],[99.764,6.434],[99.747,6.436],[99.707,6.44],[99.676,6.441],[99.64,6.443],[99.638,6.405],[99.646,6.364],[99.676,6.356],[99.712,6.356],[99.718,6.333],[99.711,6.31],[99.724,6.287],[99.725,6.261],[99.74,6.256],[99.746,6.249],[99.742,6.263],[99.755,6.274],[99.774,6.276],[99.807,6.314],[99.838,6.318],[99.849,6.3],[99.862,6.274],[99.884,6.262],[99.894,6.279],[99.882,6.274],[99.871,6.294],[99.876,6.302],[99.889,6.299],[99.905,6.307],[99.915,6.3],[99.922,6.291],[99.935,6.304],[99.948,6.316],[99.926,6.326],[99.914,6.329],[99.918,6.345],[99.906,6.364],[99.914,6.392],[99.916,6.399],[99.922,6.44],[99.909,6.425],[99.906,6.446],[99.891,6.457],[99.874,6.435],[99.861,6.45],[99.85,6.472],[99.822,6.48],[99.822,6.48]]]}},{"type":"Feature","geometry":{"type":"Polygon","coordinates":[[[116.749,7.055],[115.664,5.575],[115.354,4.925],[115.152,4.882],[115.231,4.809],[115.259,4.658],[115.276,4.467],[115.349,4.353],[115.269,4.341],[115.144,4.382],[115.055,4.596],[115.031,4.737],[115.04,4.795],[114.988,4.873],[114.815,4.742],[114.798,4.664],[114.823,4.465],[114.828,4.257],[114.777,4.119],[114.555,4.08],[114.364,4.257],[114.191,4.547],[113.445,3.786],[111.853,2.885],[111.268,2.435],[111.09,1.716],[110.54,1.73],[109.873,1.793],[109.563,1.944],[109.839,1.483],[110.213,1.145],[110.437,0.939],[110.808,0.95],[111.511,1.026],[111.866,1.013],[112.155,1.169],[112.202,1.442],[112.65,1.566],[112.867,1.56],[113.04,1.495],[113.207,1.382],[113.569,1.304],[113.939,1.416],[114.307,1.47],[114.609,1.528],[114.709,1.821],[114.873,2.014],[114.804,2.24],[114.966,2.372],[115.197,2.473],[115.085,2.618],[115.116,2.835],[115.381,2.981],[115.523,3.191],[115.569,3.416],[115.575,3.686],[115.656,4.029],[115.85,4.272],[116.038,4.296],[116.488,4.333],[116.842,4.331],[117.442,4.197],[118.617,4.351],[118.599,4.638],[118.196,4.897],[119.277,5.345],[118.128,5.93],[117.767,6.27],[117.285,6.696],[116.948,6.718],[116.749,7.055]]]}},{"type":"Feature","geometry":{"type":"Polygon","coordinates":[[[117.23,7.369],[117.204,7.364],[117.178,7.367],[117.165,7.357],[117.15,7.362],[117.133,7.346],[117.118,7.323],[117.092,7.318],[117.056,7.294],[117.057,7.262],[117.05,7.214],[117.048,7.187],[117.059,7.164],[117.051,7.13],[117.064,7.108],[117.05,7.11],[117.033,7.086],[117.022,7.072],[117.033,7.068],[117.062,7.081],[117.06,7.095],[117.079,7.095],[117.1,7.104],[117.098,7.116],[117.118,7.127],[117.13,7.12],[117.145,7.123],[117.156,7.144],[117.168,7.142],[117.201,7.155],[117.21,7.172],[117.234,7.186],[117.242,7.177],[117.263,7.181],[117.267,7.199],[117.283,7.224],[117.29,7.213],[117.294,7.202],[117.314,7.196],[117.344,7.19],[117.348,7.202],[117.325,7.213],[117.344,7.214],[117.344,7.241],[117.327,7.248],[117.309,7.251],[117.287,7.247],[117.287,7.267],[117.27,7.273],[117.276,7.282],[117.296,7.281],[117.302,7.307],[117.3,7.324],[117.289,7.358],[117.258,7.362],[117.23,7.369]]]}},{"type":"Feature","geometry":{"type":"Polygon","coordinates":[[[73.589,2.147],[73.531,2.124],[73.535,2.103],[73.518,2.061],[73.527,1.956],[73.525,1.897],[73.499,1.841],[73.455,1.832],[73.413,1.829],[73.387,1.838],[73.38,1.799],[73.311,1.809],[73.284,1.833],[73.256,1.874],[73.264,1.924],[73.259,1.931],[73.242,1.923],[73.227,1.89],[73.242,1.858],[73.26,1.813],[73.32,1.773],[73.382,1.773],[73.412,1.805],[73.477,1.807],[73.531,1.841],[73.562,1.935],[73.542,2.001],[73.556,2.081],[73.595,2.122],[73.589,2.147]]]}},{"type":"Feature","geometry":{"type":"Polygon","coordinates":[[[73.115,2.564],[73.082,2.561],[73.102,2.551],[73.157,2.537],[73.188,2.526],[73.236,2.504],[73.304,2.492],[73.342,2.444],[73.353,2.414],[73.35,2.374],[73.32,2.337],[73.238,2.289],[73.192,2.247],[73.197,2.237],[73.232,2.261],[73.365,2.346],[73.375,2.386],[73.364,2.431],[73.334,2.473],[73.314,2.516],[73.291,2.513],[73.252,2.519],[73.187,2.545],[73.115,2.564]]]}},{"type":"Feature","geometry":{"type":"Polygon","coordinates":[[[73.715,4.464],[73.706,4.457],[73.702,4.431],[73.699,4.399],[73.641,4.362],[73.63,4.374],[73.598,4.353],[73.57,4.332],[73.54,4.292],[73.523,4.243],[73.512,4.248],[73.513,4.272],[73.496,4.283],[73.481,4.272],[73.488,4.237],[73.476,4.214],[73.484,4.194],[73.446,4.198],[73.43,4.212],[73.399,4.207],[73.409,4.178],[73.454,4.151],[73.524,4.156],[73.559,4.189],[73.564,4.26],[73.589,4.294],[73.633,4.353],[73.714,4.397],[73.729,4.457],[73.715,4.464]]]}},{"type":"Feature","geometry":{"type":"Polygon","coordinates":[[[72.874,4.237],[72.812,4.211],[72.747,4.205],[72.729,4.208],[72.739,4.151],[72.738,4.105],[72.701,4.053],[72.699,3.975],[72.734,3.904],[72.767,3.925],[72.734,3.992],[72.742,4.053],[72.776,4.085],[72.769,4.166],[72.875,4.211],[72.874,4.237]]]}},{"type":"Feature","geometry":{"type":"Polygon","coordinates":[[[72.924,5.996],[72.933,5.944],[72.916,5.906],[72.892,5.863],[72.883,5.817],[72.924,5.81],[72.904,5.758],[72.918,5.698],[72.841,5.665],[72.842,5.612],[72.882,5.58],[72.813,5.515],[72.848,5.496],[72.868,5.459],[72.87,5.401],[72.908,5.337],[72.953,5.278],[73.022,5.256],[73.077,5.276],[73.087,5.251],[73.036,5.172],[73.034,5.128],[73.025,5.081],[72.985,5.042],[72.912,5.064],[72.901,5.095],[72.854,5.09],[72.804,5.033],[72.828,5.01],[72.898,4.986],[72.981,5.003],[73.045,5.057],[73.088,5.095],[73.159,5.137],[73.18,5.211],[73.18,5.288],[73.06,5.332],[73.004,5.31],[72.999,5.354],[73.059,5.451],[73.063,5.598],[73.003,5.872],[72.959,5.896],[72.978,5.968],[72.924,5.996]]]}},{"type":"Feature","geometry":{"type":"Polygon","coordinates":[[[72.893,7.123],[72.86,7.089],[72.93,7.026],[72.841,7.072],[72.797,7.023],[72.893,6.947],[72.968,6.85],[72.981,6.701],[72.893,6.787],[72.856,6.674],[72.963,6.621],[72.875,6.553],[72.893,6.418],[72.953,6.314],[73.034,6.243],[73.026,6.179],[73.081,6.28],[73.196,6.231],[73.201,6.105],[73.251,6.033],[73.288,5.846],[73.168,5.926],[73.06,6.09],[73.054,6.015],[73.117,5.892],[73.173,5.758],[73.295,5.623],[73.422,5.693],[73.497,5.803],[73.423,5.989],[73.308,6.033],[73.324,6.199],[73.172,6.36],[73.106,6.364],[73.089,6.611],[73.266,6.86],[73.21,6.992],[73.098,6.896],[73.04,6.996],[72.893,7.123],[72.893,7.123]]]}},{"type":"Feature","geometry":{"type":"Polygon","coordinates":[[[73.491,5.571],[73.435,5.552],[73.418,5.512],[73.363,5.476],[73.343,5.422],[73.347,5.409],[73.358,5.41],[73.374,5.436],[73.381,5.459],[73.411,5.476],[73.441,5.496],[73.457,5.531],[73.485,5.539],[73.503,5.485],[73.573,5.444],[73.623,5.416],[73.634,5.377],[73.632,5.328],[73.615,5.295],[73.558,5.28],[73.51,5.291],[73.489,5.327],[73.444,5.367],[73.402,5.387],[73.352,5.38],[73.317,5.371],[73.322,5.354],[73.38,5.363],[73.432,5.344],[73.485,5.279],[73.538,5.258],[73.619,5.263],[73.659,5.311],[73.677,5.39],[73.649,5.434],[73.584,5.474],[73.532,5.5],[73.524,5.557],[73.491,5.571]]]}},{"type":"Feature","geometry":{"type":"Polygon","coordinates":[[[73.427,0.783],[73.415,0.766],[73.433,0.71],[73.429,0.677],[73.433,0.643],[73.481,0.593],[73.517,0.555],[73.538,0.498],[73.557,0.43],[73.539,0.374],[73.507,0.347],[73.462,0.328],[73.431,0.307],[73.408,0.317],[73.375,0.28],[73.354,0.287],[73.332,0.268],[73.292,0.262],[73.268,0.236],[73.211,0.207],[73.177,0.22],[73.127,0.247],[73.073,0.284],[73.034,0.311],[73.033,0.37],[73.017,0.408],[73.014,0.442],[73.006,0.473],[73.009,0.516],[73.009,0.54],[72.997,0.544],[72.987,0.533],[72.976,0.501],[72.986,0.455],[72.995,0.398],[73.017,0.369],[73.014,0.298],[73.039,0.284],[73.062,0.264],[73.084,0.257],[73.125,0.21],[73.187,0.183],[73.222,0.187],[73.237,0.207],[73.276,0.208],[73.306,0.233],[73.367,0.247],[73.4,0.279],[73.418,0.253],[73.479,0.293],[73.53,0.327],[73.584,0.384],[73.577,0.452],[73.547,0.527],[73.534,0.581],[73.492,0.611],[73.448,0.649],[73.445,0.752],[73.439,0.772],[73.427,0.783]]]}},{"type":"Feature","geometry":{"type":"Polygon","coordinates":[[[-4.839,25.006],[-9.72,15.405],[-10.631,15.417],[-10.955,15.158],[-11.419,15.637],[-11.58,15.549],[-11.799,15.272],[-11.93,14.791],[-12.184,14.697],[-12.217,14.551],[-12.099,14.368],[-11.955,13.954],[-11.948,13.519],[-11.835,13.308],[-11.616,13.359],[-11.437,13.065],[-11.368,12.734],[-11.375,12.486],[-11.433,12.341],[-11.291,12.019],[-11.07,12.14],[-10.801,12.046],[-10.517,12.081],[-10.297,12.192],[-10.014,12.129],[-9.494,12.245],[-9.404,12.469],[-8.991,12.223],[-8.832,11.803],[-8.648,11.528],[-8.421,11.404],[-8.557,11.194],[-8.508,11.01],[-8.328,10.75],[-8.262,10.498],[-8.111,10.453],[-7.976,10.188],[-7.723,10.346],[-7.428,10.349],[-7.079,10.208],[-6.816,10.376],[-6.684,10.538],[-6.426,10.566],[-6.206,10.573],[-6.195,10.338],[-5.894,10.264],[-5.512,10.433],[-5.414,10.876],[-5.256,11.382],[-5.254,11.76],[-5.28,11.855],[-4.774,12.014],[-4.4,12.313],[-4.283,12.709],[-4.224,13.19],[-3.964,13.489],[-3.962,13.406],[-3.446,13.265],[-3.051,13.623],[-2.292,14.247],[0.063,14.977],[3.529,15.345],[3.391,18.951],[3.249,19.643],[2.656,20.056],[2.304,20.278],[1.901,20.249],[1.208,20.725],[-4.839,25.006]]]}},{"type":"Feature","geometry":{"type":"Polygon","coordinates":[[[168.753,7.521],[168.716,7.488],[168.652,7.488],[168.601,7.499],[168.545,7.461],[168.534,7.448],[168.55,7.387],[168.589,7.345],[168.624,7.332],[168.69,7.289],[168.713,7.289],[168.74,7.273],[168.824,7.265],[168.845,7.311],[168.831,7.318],[168.821,7.288],[168.767,7.289],[168.758,7.303],[168.736,7.304],[168.701,7.311],[168.648,7.342],[168.623,7.346],[168.597,7.362],[168.569,7.39],[168.56,7.429],[168.565,7.449],[168.601,7.469],[168.652,7.475],[168.677,7.455],[168.723,7.463],[168.754,7.486],[168.775,7.489],[168.785,7.505],[168.753,7.521]]]}},{"type":"Feature","geometry":{"type":"Polygon","coordinates":[[[167.158,9.156],[167.151,9.146],[167.202,9.13],[167.237,9.103],[167.277,9.088],[167.316,9.101],[167.334,9.099],[167.357,9.103],[167.376,9.111],[167.414,9.101],[167.488,9.066],[167.547,9.025],[167.562,9],[167.564,8.952],[167.555,8.905],[167.568,8.848],[167.603,8.795],[167.671,8.746],[167.699,8.726],[167.717,8.708],[167.749,8.717],[167.747,8.738],[167.747,8.772],[167.744,8.817],[167.753,8.848],[167.775,8.888],[167.774,8.911],[167.758,8.91],[167.753,8.888],[167.741,8.867],[167.728,8.836],[167.725,8.796],[167.73,8.755],[167.719,8.737],[167.697,8.753],[167.677,8.764],[167.644,8.785],[167.625,8.812],[167.596,8.84],[167.583,8.866],[167.576,8.899],[167.59,8.949],[167.59,8.992],[167.572,9.038],[167.542,9.06],[167.506,9.079],[167.456,9.112],[167.406,9.131],[167.37,9.132],[167.331,9.129],[167.314,9.115],[167.275,9.108],[167.228,9.134],[167.195,9.148],[167.158,9.156]]]}},{"type":"Feature","geometry":{"type":"Polygon","coordinates":[[[167.445,9.372],[167.433,9.354],[167.405,9.345],[167.383,9.342],[167.359,9.316],[167.338,9.303],[167.282,9.305],[167.252,9.311],[167.206,9.324],[167.166,9.34],[167.116,9.354],[167.097,9.35],[167.055,9.341],[167.004,9.324],[166.984,9.33],[166.92,9.327],[166.887,9.318],[166.855,9.332],[166.826,9.339],[166.812,9.335],[166.81,9.32],[166.861,9.305],[166.898,9.305],[166.939,9.31],[166.998,9.314],[167.055,9.327],[167.094,9.335],[167.12,9.335],[167.162,9.323],[167.194,9.307],[167.234,9.297],[167.278,9.294],[167.31,9.283],[167.345,9.286],[167.357,9.302],[167.385,9.332],[167.432,9.342],[167.453,9.36],[167.456,9.369],[167.445,9.372]]]}},{"type":"Feature","geometry":{"type":"Polygon","coordinates":[[[169.452,6.313],[169.403,6.295],[169.408,6.243],[169.45,6.21],[169.451,6.177],[169.468,6.205],[169.456,6.227],[169.415,6.263],[169.446,6.291],[169.492,6.248],[169.531,6.192],[169.542,6.142],[169.577,6.104],[169.621,6.041],[169.66,6.05],[169.711,6.014],[169.684,5.969],[169.628,5.928],[169.61,5.84],[169.575,5.816],[169.537,5.857],[169.497,5.925],[169.447,5.992],[169.461,6.061],[169.467,6.13],[169.455,6.116],[169.439,6.048],[169.415,5.948],[169.477,5.91],[169.516,5.856],[169.569,5.794],[169.62,5.782],[169.641,5.906],[169.685,5.954],[169.733,6.018],[169.664,6.072],[169.59,6.121],[169.55,6.174],[169.527,6.222],[169.487,6.293],[169.452,6.313]]]}},{"type":"Feature","geometry":{"type":"Polygon","coordinates":[[[171.041,7.17],[171.028,7.164],[171.02,7.144],[171.041,7.123],[171.171,7.065],[171.229,7.048],[171.283,7.058],[171.374,7.08],[171.394,7.087],[171.37,7.131],[171.327,7.129],[171.29,7.161],[171.258,7.153],[171.227,7.167],[171.199,7.164],[171.192,7.155],[171.221,7.147],[171.253,7.141],[171.28,7.144],[171.301,7.121],[171.325,7.118],[171.354,7.117],[171.368,7.104],[171.375,7.09],[171.316,7.08],[171.279,7.076],[171.231,7.061],[171.056,7.126],[171.043,7.149],[171.044,7.162],[171.041,7.17]]]}},{"type":"Feature","geometry":{"type":"Polygon","coordinates":[[[171.593,7.149],[171.578,7.149],[171.564,7.136],[171.555,7.112],[171.543,7.078],[171.539,7.058],[171.556,7.048],[171.576,7.018],[171.591,6.996],[171.611,6.988],[171.634,6.989],[171.662,6.996],[171.676,6.986],[171.698,6.967],[171.746,6.95],[171.768,6.958],[171.757,6.975],[171.76,7.006],[171.786,7.025],[171.804,7.055],[171.856,7.068],[171.907,7.078],[171.937,7.098],[171.939,7.124],[171.926,7.142],[171.913,7.132],[171.92,7.117],[171.915,7.106],[171.887,7.095],[171.852,7.098],[171.816,7.093],[171.787,7.077],[171.773,7.046],[171.756,7.029],[171.745,6.992],[171.752,6.967],[171.723,6.978],[171.702,6.996],[171.667,7.01],[171.651,7.01],[171.632,7.001],[171.604,7.003],[171.592,7.019],[171.569,7.053],[171.559,7.07],[171.575,7.114],[171.592,7.144],[171.593,7.149]]]}},{"type":"Feature","geometry":{"type":"Polygon","coordinates":[[[171.935,6.267],[171.89,6.244],[171.834,6.249],[171.715,6.222],[171.714,6.186],[171.722,6.124],[171.737,6.15],[171.732,6.207],[171.804,6.22],[171.867,6.228],[171.906,6.225],[171.945,6.217],[171.983,6.192],[172.045,6.203],[172.085,6.162],[172.097,6.098],[172.098,6.027],[172.082,6.012],[172.019,6.042],[171.957,6.043],[171.891,6.079],[171.815,6.049],[171.744,6.087],[171.724,6.115],[171.726,6.072],[171.782,6.051],[171.827,6.036],[171.895,6.061],[171.944,6.027],[172.002,6.029],[172.102,5.962],[172.119,6.003],[172.113,6.061],[172.112,6.122],[172.098,6.186],[172.078,6.228],[172.02,6.218],[171.947,6.243],[171.935,6.267]]]}},{"type":"Feature","geometry":{"type":"Polygon","coordinates":[[[170.84,8.92],[170.821,8.896],[170.824,8.881],[170.853,8.88],[170.877,8.89],[170.956,8.876],[171.026,8.861],[171.071,8.835],[171.104,8.798],[171.183,8.744],[171.212,8.714],[171.21,8.676],[171.236,8.676],[171.247,8.713],[171.215,8.752],[171.155,8.804],[171.115,8.843],[171.063,8.874],[171.013,8.896],[170.906,8.915],[170.84,8.92]]]}},{"type":"Feature","geometry":{"type":"Polygon","coordinates":[[[168.986,10.059],[168.981,10.053],[168.988,10.037],[169.005,10.023],[169.029,10.022],[169.064,10.019],[169.101,10.002],[169.112,9.977],[169.16,9.936],[169.194,9.915],[169.26,9.89],[169.267,9.871],[169.29,9.846],[169.301,9.831],[169.273,9.836],[169.235,9.839],[169.218,9.844],[169.211,9.836],[169.188,9.834],[169.166,9.811],[169.121,9.821],[169.103,9.836],[169.086,9.823],[169.121,9.798],[169.168,9.794],[169.198,9.812],[169.235,9.818],[169.288,9.812],[169.323,9.814],[169.318,9.846],[169.293,9.867],[169.278,9.902],[169.231,9.92],[169.176,9.946],[169.128,10],[169.094,10.036],[169.036,10.042],[168.986,10.059]]]}},{"type":"Feature","geometry":{"type":"Polygon","coordinates":[[[165.519,9.228],[165.515,9.217],[165.543,9.169],[165.588,9.143],[165.641,9.129],[165.678,9.055],[165.751,8.944],[165.673,8.984],[165.613,9.044],[165.585,9.065],[165.577,9.049],[165.6,9.029],[165.636,8.992],[165.686,8.955],[165.764,8.916],[165.778,8.928],[165.74,8.991],[165.706,9.057],[165.681,9.11],[165.655,9.154],[165.611,9.156],[165.574,9.171],[165.532,9.228],[165.519,9.228]]]}},{"type":"Feature","geometry":{"type":"Polygon","coordinates":[[[167.056,11.483],[167.042,11.48],[167.042,11.467],[167.041,11.466],[167.049,11.447],[167.025,11.425],[167.007,11.393],[167.003,11.376],[166.949,11.373],[166.921,11.358],[166.892,11.328],[166.883,11.295],[166.883,11.255],[166.889,11.236],[166.888,11.204],[166.889,11.179],[166.883,11.166],[166.861,11.16],[166.843,11.158],[166.833,11.156],[166.831,11.146],[166.853,11.146],[166.898,11.151],[166.902,11.159],[166.903,11.205],[166.896,11.274],[166.911,11.318],[166.932,11.347],[166.973,11.363],[167.009,11.36],[167.022,11.363],[167.024,11.398],[167.04,11.426],[167.063,11.439],[167.07,11.461],[167.056,11.483]]]}},{"type":"Feature","geometry":{"type":"Polygon","coordinates":[[[162.23,11.681],[162.199,11.681],[162.141,11.645],[162.116,11.634],[162.133,11.631],[162.159,11.635],[162.218,11.656],[162.282,11.62],[162.315,11.598],[162.337,11.551],[162.368,11.456],[162.353,11.391],[162.318,11.362],[162.308,11.335],[162.326,11.327],[162.364,11.362],[162.397,11.413],[162.405,11.473],[162.379,11.524],[162.357,11.556],[162.341,11.598],[162.331,11.629],[162.275,11.646],[162.258,11.666],[162.23,11.681]]]}},{"type":"Feature","geometry":{"type":"Polygon","coordinates":[[[-8.668,27.313],[-12.36,23.322],[-13.119,22.514],[-17.001,21.107],[-16.93,21.028],[-16.293,20.216],[-16.567,19.301],[-16.224,17.23],[-16.513,16.06],[-16.485,16.057],[-16.425,16.215],[-16.328,16.401],[-16.242,16.526],[-16.081,16.507],[-15.877,16.515],[-15.625,16.49],[-15.518,16.559],[-15.264,16.569],[-15.116,16.651],[-14.958,16.677],[-14.86,16.64],[-14.752,16.635],[-14.615,16.624],[-14.414,16.651],[-14.267,16.574],[-14.203,16.511],[-14.025,16.352],[-13.954,16.271],[-13.877,16.158],[-13.718,16.143],[-13.477,16.139],[-13.374,16.051],[-13.3,15.872],[-13.208,15.695],[-13.093,15.58],[-12.969,15.501],[-12.93,15.342],[-12.889,15.266],[-12.789,15.203],[-12.703,15.1],[-12.605,15.083],[-12.465,14.975],[-12.406,14.848],[-12.279,14.773],[-12.136,14.778],[-11.93,14.791],[-11.813,14.939],[-11.842,15.089],[-11.788,15.321],[-11.705,15.499],[-11.643,15.524],[-11.551,15.586],[-11.492,15.613],[-11.453,15.642],[-11.359,15.556],[-11.296,15.469],[-10.992,15.234],[-10.868,15.213],[-10.753,15.337],[-10.631,15.417],[-10.313,15.446],[-9.975,15.429],[-9.693,15.422],[-9.332,15.705],[-5.339,16.336],[-8.668,27.313],[-8.668,27.313]]]}},{"type":"Feature","geometry":{"type":"Polygon","coordinates":[[[57.606,-19.975],[57.582,-19.988],[57.572,-20],[57.557,-19.993],[57.547,-19.998],[57.548,-20.015],[57.537,-20.031],[57.521,-20.043],[57.508,-20.068],[57.507,-20.088],[57.501,-20.106],[57.487,-20.131],[57.474,-20.154],[57.426,-20.164],[57.412,-20.177],[57.388,-20.21],[57.375,-20.234],[57.364,-20.262],[57.351,-20.296],[57.355,-20.327],[57.345,-20.365],[57.35,-20.39],[57.334,-20.413],[57.312,-20.428],[57.29,-20.452],[57.294,-20.477],[57.325,-20.478],[57.34,-20.492],[57.385,-20.511],[57.427,-20.52],[57.458,-20.522],[57.514,-20.534],[57.559,-20.529],[57.605,-20.514],[57.716,-20.462],[57.741,-20.436],[57.743,-20.418],[57.728,-20.406],[57.715,-20.392],[57.735,-20.38],[57.758,-20.365],[57.782,-20.35],[57.79,-20.336],[57.783,-20.325],[57.796,-20.3],[57.802,-20.29],[57.817,-20.281],[57.816,-20.261],[57.809,-20.245],[57.814,-20.224],[57.785,-20.189],[57.776,-20.166],[57.762,-20.151],[57.763,-20.122],[57.754,-20.102],[57.726,-20.095],[57.722,-20.089],[57.699,-20.071],[57.695,-20.05],[57.72,-20.04],[57.715,-20.031],[57.702,-20.02],[57.691,-20.015],[57.689,-20.006],[57.68,-20],[57.663,-19.993],[57.65,-19.994],[57.643,-19.982],[57.625,-19.979],[57.606,-19.975]]]}},{"type":"Feature","geometry":{"type":"Polygon","coordinates":[[[-114.719,32.72],[-116.579,31.429],[-115.733,29.745],[-114.478,27.805],[-113.882,26.947],[-112.258,24.739],[-111.673,24.332],[-109.402,23.371],[-110.408,24.194],[-111.009,25.454],[-111.3,26.117],[-111.855,26.79],[-112.835,28.297],[-114.381,30],[-113.994,31.485],[-112.698,29.879],[-112.269,28.715],[-110.649,27.662],[-109.429,25.619],[-105.677,22.185],[-105.348,20.54],[-102.758,18.054],[-98.58,16.294],[-93.93,15.959],[-92.211,15.264],[-90.397,16.337],[-90.595,16.486],[-90.939,16.859],[-91.423,17.212],[-88.932,17.935],[-88.647,18.186],[-88.326,18.488],[-87.948,18.43],[-87.539,19.075],[-87.494,19.613],[-87.134,20.543],[-86.851,21.271],[-87.167,21.476],[-88.713,21.466],[-90.503,20.18],[-91.806,18.675],[-94.815,18.563],[-96.839,20.334],[-97.295,25.448],[-97.333,25.925],[-97.408,25.847],[-97.564,25.928],[-97.667,26.02],[-97.907,26.058],[-98.302,26.101],[-98.562,26.237],[-98.931,26.394],[-99.386,26.972],[-99.539,27.32],[-99.69,27.662],[-100.243,28.231],[-100.636,28.905],[-101.291,29.572],[-101.802,29.785],[-102.318,29.878],[-102.739,29.624],[-102.897,29.211],[-103.25,28.982],[-103.552,29.157],[-104.212,29.484],[-104.678,29.923],[-104.907,30.578],[-105.322,30.828],[-105.954,31.362],[-111.074,31.332],[-114.719,32.72]]]}},{"type":"Feature","geometry":{"type":"Polygon","coordinates":[[[-86.733,20.599],[-86.756,20.587],[-86.784,20.568],[-86.834,20.56],[-86.872,20.56],[-86.891,20.574],[-86.942,20.551],[-86.966,20.51],[-87.007,20.457],[-87.034,20.376],[-87.021,20.318],[-87.025,20.294],[-87.013,20.29],[-86.993,20.263],[-86.947,20.289],[-86.899,20.331],[-86.867,20.376],[-86.822,20.43],[-86.768,20.49],[-86.721,20.557],[-86.716,20.596],[-86.733,20.599]]]}},{"type":"Feature","geometry":{"type":"Polygon","coordinates":[[[-87.337,18.798],[-87.365,18.778],[-87.429,18.672],[-87.446,18.607],[-87.444,18.555],[-87.431,18.55],[-87.426,18.581],[-87.419,18.625],[-87.398,18.67],[-87.368,18.717],[-87.342,18.757],[-87.32,18.743],[-87.282,18.738],[-87.262,18.704],[-87.264,18.653],[-87.28,18.594],[-87.321,18.566],[-87.31,18.594],[-87.321,18.613],[-87.35,18.598],[-87.36,18.568],[-87.336,18.557],[-87.343,18.537],[-87.341,18.498],[-87.347,18.44],[-87.38,18.399],[-87.419,18.411],[-87.434,18.472],[-87.428,18.526],[-87.447,18.525],[-87.454,18.493],[-87.448,18.432],[-87.424,18.385],[-87.381,18.373],[-87.344,18.391],[-87.315,18.452],[-87.315,18.512],[-87.314,18.54],[-87.25,18.592],[-87.225,18.677],[-87.229,18.708],[-87.258,18.746],[-87.278,18.764],[-87.298,18.782],[-87.337,18.798]]]}},{"type":"Feature","geometry":{"type":"Polygon","coordinates":[[[-113.565,29.57],[-113.58,29.547],[-113.578,29.517],[-113.57,29.507],[-113.597,29.449],[-113.593,29.41],[-113.535,29.338],[-113.509,29.295],[-113.451,29.274],[-113.436,29.244],[-113.377,29.187],[-113.329,29.153],[-113.259,29.075],[-113.202,29.037],[-113.158,29.006],[-113.111,28.981],[-113.109,29.026],[-113.08,29.06],[-113.098,29.07],[-113.128,29.068],[-113.151,29.101],[-113.168,29.16],[-113.168,29.2],[-113.174,29.256],[-113.169,29.285],[-113.223,29.295],[-113.274,29.296],[-113.303,29.292],[-113.37,29.349],[-113.346,29.388],[-113.359,29.407],[-113.391,29.461],[-113.429,29.489],[-113.466,29.526],[-113.51,29.542],[-113.52,29.556],[-113.543,29.542],[-113.554,29.562],[-113.565,29.57]]]}},{"type":"Feature","geometry":{"type":"Polygon","coordinates":[[[-115.257,28.384],[-115.281,28.372],[-115.295,28.35],[-115.262,28.25],[-115.253,28.223],[-115.338,28.133],[-115.363,28.126],[-115.364,28.083],[-115.359,28.073],[-115.344,28.069],[-115.312,28.081],[-115.294,28.082],[-115.264,28.051],[-115.26,28.033],[-115.231,28.022],[-115.208,28.029],[-115.191,28.019],[-115.175,28.034],[-115.176,28.055],[-115.176,28.067],[-115.176,28.103],[-115.149,28.142],[-115.148,28.187],[-115.166,28.215],[-115.153,28.258],[-115.166,28.285],[-115.172,28.315],[-115.187,28.338],[-115.188,28.371],[-115.215,28.382],[-115.257,28.384]]]}},{"type":"Feature","geometry":{"type":"Polygon","coordinates":[[[-118.265,29.198],[-118.305,29.185],[-118.336,29.175],[-118.374,29.152],[-118.362,29.12],[-118.374,29.075],[-118.339,29.045],[-118.319,29.008],[-118.323,28.98],[-118.306,28.96],[-118.304,28.928],[-118.294,28.898],[-118.303,28.881],[-118.298,28.863],[-118.292,28.859],[-118.295,28.851],[-118.289,28.843],[-118.277,28.84],[-118.273,28.853],[-118.282,28.863],[-118.283,28.877],[-118.259,28.877],[-118.24,28.894],[-118.219,28.925],[-118.212,28.961],[-118.218,28.978],[-118.219,28.995],[-118.215,29.035],[-118.225,29.073],[-118.252,29.103],[-118.273,29.112],[-118.282,29.137],[-118.269,29.158],[-118.244,29.191],[-118.265,29.198]]]}},{"type":"Feature","geometry":{"type":"Polygon","coordinates":[[[27.58,48.492],[27.309,48.428],[27.09,48.413],[27.048,48.375],[26.751,48.399],[26.796,48.291],[26.642,48.289],[26.743,48.246],[26.931,48.166],[27.087,48.034],[27.199,47.876],[27.232,47.807],[27.283,47.742],[27.294,47.681],[27.419,47.572],[27.473,47.485],[27.573,47.464],[27.568,47.39],[27.599,47.331],[27.633,47.304],[27.72,47.294],[27.762,47.23],[27.788,47.154],[27.836,47.116],[27.922,47.068],[27.995,47.029],[28.056,47],[28.089,46.936],[28.094,46.897],[28.126,46.852],[28.152,46.799],[28.175,46.751],[28.208,46.687],[28.246,46.608],[28.226,46.53],[28.237,46.476],[28.232,46.409],[28.192,46.358],[28.166,46.283],[28.116,46.203],[28.117,46.11],[28.089,46.013],[28.129,45.884],[28.159,45.703],[28.132,45.573],[28.171,45.502],[28.505,45.7],[28.779,45.961],[29.035,46.494],[29.266,46.395],[29.374,46.456],[29.677,46.361],[29.889,46.373],[30.133,46.412],[30.002,46.471],[29.897,46.528],[29.887,46.85],[29.548,47.074],[29.428,47.292],[29.184,47.447],[29.187,47.588],[29.246,47.811],[29.132,47.984],[28.837,48.034],[28.683,48.145],[28.433,48.137],[28.186,48.253],[27.751,48.458],[27.58,48.492]]]}},{"type":"Feature","geometry":{"type":"Polygon","coordinates":[[[98.929,52.147],[98.234,51.589],[98.001,50.703],[98.226,50.228],[97.855,49.921],[97.02,49.834],[96.13,49.988],[95.565,49.944],[94.092,50.594],[93.413,50.636],[92.955,50.666],[92.591,50.737],[92.28,50.733],[91.409,50.451],[90.794,50.327],[90.394,50.196],[89.629,49.893],[89.386,49.597],[88.879,49.482],[88.185,49.418],[87.849,49.072],[88.083,48.707],[88.613,48.334],[89.489,48.025],[90.107,47.739],[90.654,47.098],[90.956,46.193],[91.008,45.209],[92.315,45.027],[94.221,44.665],[95.378,44.222],[96.982,42.761],[102.074,42.22],[105.01,41.581],[108.048,42.434],[109.674,42.553],[111.357,43.433],[111.662,44.046],[111.772,44.976],[113.623,44.741],[115.205,45.393],[116.235,45.879],[117.372,46.36],[117.93,46.612],[118.792,46.689],[119.43,46.636],[119.899,46.86],[119.325,47.421],[118.021,48.012],[115.565,47.918],[115.697,49.882],[113.192,49.82],[110.385,49.252],[108.669,49.347],[107.963,49.739],[107.482,49.981],[106.408,50.328],[105.282,50.468],[104.148,50.151],[103.195,50.333],[102.338,50.726],[102.107,51.24],[101.624,51.464],[100.997,51.615],[100.05,51.73],[98.987,52.128],[98.929,52.147]]]}},{"type":"Feature","geometry":{"type":"Polygon","coordinates":[[[18.987,43.552],[18.925,43.513],[18.928,43.497],[18.961,43.48],[18.962,43.452],[18.987,43.453],[18.999,43.442],[19.006,43.444],[19.017,43.435],[19.061,43.349],[19.027,43.271],[18.955,43.288],[18.938,43.34],[18.854,43.325],[18.715,43.231],[18.644,43.148],[18.525,43.024],[18.493,42.909],[18.461,42.858],[18.469,42.756],[18.525,42.727],[18.555,42.712],[18.562,42.659],[18.517,42.613],[18.531,42.589],[18.478,42.578],[18.442,42.539],[18.477,42.459],[18.54,42.395],[18.667,42.358],[18.865,42.261],[18.988,42.133],[19.126,42.042],[19.267,41.89],[19.347,41.919],[19.391,41.962],[19.402,42.102],[19.432,42.381],[19.611,42.581],[19.764,42.638],[19.814,42.464],[19.915,42.513],[20.061,42.559],[20.114,42.656],[20.018,42.713],[20.062,42.78],[20.158,42.769],[20.27,42.78],[20.294,42.825],[20.339,42.836],[20.345,42.912],[20.194,42.96],[20.121,42.965],[20.046,43.027],[19.914,43.088],[19.811,43.117],[19.733,43.171],[19.631,43.22],[19.539,43.302],[19.449,43.389],[19.333,43.441],[19.194,43.523],[19.137,43.523],[19.072,43.515],[19.036,43.514],[18.997,43.551],[18.987,43.552]]]}},{"type":"Feature","geometry":{"type":"Polygon","coordinates":[[[-5.405,35.947],[-6.064,35.639],[-7.399,33.816],[-9.377,32.57],[-9.904,31.405],[-9.673,30.316],[-11.124,28.811],[-12.986,27.965],[-8.666,27.671],[-8.322,28.926],[-8.08,29.068],[-7.82,29.217],[-7.625,29.373],[-7.355,29.385],[-7.119,29.53],[-6.803,29.466],[-6.54,29.535],[-6.205,29.578],[-5.853,29.609],[-5.683,29.54],[-5.548,29.502],[-5.265,29.912],[-4.601,30.288],[-3.881,30.607],[-3.645,30.69],[-3.565,30.945],[-3.587,31.058],[-3.634,31.171],[-3.645,31.084],[-3.691,31.171],[-3.777,31.114],[-3.755,31.276],[-3.722,31.354],[-3.01,31.763],[-2.845,31.859],[-2.931,32.052],[-2.628,32.113],[-2.274,32.164],[-2.01,32.183],[-1.711,32.12],[-1.404,32.083],[-1.17,32.127],[-1.296,32.171],[-1.25,32.331],[-1.06,32.463],[-1.39,32.736],[-1.48,33.006],[-1.659,33.275],[-1.618,33.484],[-1.637,33.637],[-1.736,33.733],[-1.659,34.114],[-1.777,34.391],[-1.802,34.59],[-1.763,34.742],[-1.895,34.832],[-2.041,34.92],[-2.219,35.052],[-2.45,35.156],[-2.906,35.331],[-3.192,35.268],[-3.818,35.264],[-4.735,35.282],[-5.262,35.916],[-5.405,35.947]]]}},{"type":"Feature","geometry":{"type":"Polygon","coordinates":[[[40.478,-10.43],[39.24,-11.176],[38.134,-11.27],[37.395,-11.693],[36.913,-11.607],[36.554,-11.73],[36.216,-11.707],[36.111,-11.528],[35.902,-11.43],[35.62,-11.557],[35.42,-11.566],[34.417,-12.267],[34.538,-13.158],[35.87,-14.898],[35.668,-16.099],[35.299,-16.348],[35.241,-16.67],[35.295,-16.967],[35.116,-16.981],[35.03,-16.806],[34.774,-16.545],[34.52,-16.281],[34.353,-15.964],[34.277,-15.791],[34.439,-15.582],[34.574,-15.316],[34.606,-15.032],[34.531,-14.585],[34.235,-14.429],[33.795,-14.534],[33.603,-14.492],[33.317,-14.167],[31.954,-14.415],[30.234,-15.038],[30.409,-15.616],[31.18,-15.992],[31.405,-16.14],[32.322,-16.456],[32.836,-16.699],[32.983,-17.218],[32.983,-17.56],[33.016,-17.71],[32.96,-17.815],[32.936,-18.034],[32.999,-18.263],[32.985,-18.486],[32.953,-18.689],[32.71,-19.012],[32.85,-19.271],[32.785,-19.473],[32.831,-19.669],[33.053,-19.82],[32.919,-20.044],[32.861,-20.287],[32.496,-20.812],[32.478,-21.323],[31.564,-23.196],[32.017,-25.371],[32.104,-26.167],[32.764,-26.866],[32.679,-26.012],[35.541,-24.152],[35.574,-22.758],[35.156,-20.915],[36.51,-18.651],[40.699,-15.266],[40.66,-14.017],[40.636,-12.335],[40.534,-11.897],[40.636,-10.825],[40.478,-10.43]]]}},{"type":"Feature","geometry":{"type":"Polygon","coordinates":[[[97.576,28.548],[97.316,28.066],[96.99,27.35],[96.033,27.179],[95.113,26.231],[94.584,25.268],[94.351,24.337],[93.51,23.95],[93.399,23.386],[93.095,22.805],[92.948,22.028],[92.279,21.432],[92.264,21.006],[93.54,19.622],[94.524,17.55],[94.278,15.973],[95.957,16.194],[97.134,16.977],[97.718,15.268],[98.149,13.525],[98.531,12.37],[98.709,11.623],[98.454,10.759],[98.473,9.921],[99.029,10.968],[99.569,11.629],[99.444,12.353],[99.196,12.947],[99.167,13.722],[98.596,14.36],[98.254,14.816],[98.207,15.236],[98.485,15.39],[98.612,16.042],[98.928,16.341],[98.639,16.41],[98.496,16.717],[98.517,16.806],[98.502,16.918],[98.401,17.049],[98.251,17.196],[97.627,18.317],[97.763,19.041],[98.138,19.787],[99.029,19.856],[99.542,20.173],[99.571,20.349],[99.811,20.342],[99.976,20.449],[100.037,20.398],[100.598,20.832],[101.143,21.564],[100.389,21.523],[99.982,21.923],[99.433,22.11],[99.452,22.855],[98.889,23.182],[98.725,23.79],[98.598,24.083],[97.805,23.954],[97.576,23.985],[97.567,24.766],[98.122,25.513],[98.573,26.123],[98.746,26.705],[98.698,27.53],[98.218,27.76],[97.738,28.401],[97.576,28.548]]]}},{"type":"Feature","geometry":{"type":"Polygon","coordinates":[[[98.27,13.229],[98.233,13.223],[98.222,13.16],[98.269,13.01],[98.302,12.861],[98.322,12.86],[98.303,12.99],[98.325,13.01],[98.319,13.043],[98.339,13.082],[98.321,13.104],[98.325,13.124],[98.308,13.158],[98.285,13.162],[98.27,13.229]]]}},{"type":"Feature","geometry":{"type":"Polygon","coordinates":[[[98.314,12.7],[98.31,12.7],[98.304,12.695],[98.291,12.66],[98.286,12.617],[98.298,12.575],[98.306,12.533],[98.319,12.526],[98.31,12.499],[98.319,12.461],[98.317,12.422],[98.302,12.393],[98.295,12.334],[98.31,12.315],[98.322,12.317],[98.34,12.302],[98.326,12.292],[98.333,12.276],[98.35,12.268],[98.366,12.282],[98.375,12.268],[98.386,12.239],[98.393,12.263],[98.392,12.287],[98.4,12.31],[98.411,12.323],[98.418,12.317],[98.433,12.321],[98.459,12.319],[98.477,12.325],[98.492,12.329],[98.508,12.332],[98.516,12.354],[98.512,12.369],[98.523,12.388],[98.53,12.415],[98.516,12.455],[98.534,12.473],[98.523,12.484],[98.519,12.51],[98.498,12.522],[98.472,12.507],[98.473,12.542],[98.486,12.582],[98.467,12.611],[98.438,12.618],[98.427,12.595],[98.43,12.569],[98.418,12.563],[98.397,12.573],[98.396,12.61],[98.408,12.634],[98.389,12.666],[98.357,12.685],[98.342,12.677],[98.314,12.7]]]}},{"type":"Feature","geometry":{"type":"Polygon","coordinates":[[[98.406,11.877],[98.398,11.857],[98.405,11.824],[98.426,11.81],[98.415,11.795],[98.371,11.796],[98.354,11.777],[98.374,11.762],[98.352,11.742],[98.369,11.717],[98.361,11.697],[98.367,11.65],[98.4,11.629],[98.406,11.57],[98.424,11.551],[98.453,11.555],[98.473,11.528],[98.516,11.506],[98.534,11.525],[98.535,11.58],[98.558,11.609],[98.547,11.645],[98.557,11.696],[98.556,11.764],[98.531,11.809],[98.5,11.822],[98.512,11.851],[98.484,11.859],[98.472,11.859],[98.444,11.859],[98.406,11.877]]]}},{"type":"Feature","geometry":{"type":"Polygon","coordinates":[[[98.239,12.024],[98.23,12.024],[98.225,12.012],[98.234,11.979],[98.221,11.962],[98.224,11.944],[98.243,11.926],[98.247,11.852],[98.251,11.807],[98.258,11.773],[98.242,11.768],[98.255,11.731],[98.236,11.726],[98.224,11.687],[98.216,11.653],[98.226,11.637],[98.207,11.621],[98.187,11.581],[98.192,11.556],[98.179,11.542],[98.187,11.511],[98.18,11.461],[98.157,11.462],[98.155,11.432],[98.175,11.432],[98.213,11.422],[98.223,11.434],[98.209,11.448],[98.229,11.47],[98.252,11.446],[98.28,11.465],[98.28,11.497],[98.291,11.557],[98.286,11.602],[98.293,11.639],[98.3,11.692],[98.326,11.721],[98.311,11.791],[98.296,11.816],[98.305,11.838],[98.288,11.856],[98.285,11.878],[98.306,11.897],[98.281,11.922],[98.291,11.949],[98.299,11.963],[98.281,11.973],[98.26,11.994],[98.239,12.024]]]}},{"type":"Feature","geometry":{"type":"Polygon","coordinates":[[[98.094,12.439],[98.081,12.417],[98.053,12.392],[98.034,12.36],[98.021,12.382],[98.034,12.417],[98.001,12.398],[97.979,12.397],[97.946,12.38],[97.934,12.342],[97.952,12.345],[97.969,12.347],[97.938,12.32],[97.965,12.32],[97.94,12.295],[97.955,12.285],[97.974,12.29],[97.987,12.295],[98.013,12.276],[98.032,12.303],[98.047,12.319],[98.062,12.341],[98.069,12.363],[98.052,12.3],[98.055,12.279],[98.038,12.224],[98.066,12.182],[98.1,12.16],[98.122,12.15],[98.137,12.123],[98.154,12.146],[98.158,12.174],[98.162,12.199],[98.144,12.219],[98.137,12.255],[98.13,12.295],[98.082,12.309],[98.08,12.329],[98.095,12.342],[98.107,12.33],[98.129,12.323],[98.152,12.324],[98.162,12.343],[98.18,12.351],[98.17,12.371],[98.146,12.379],[98.133,12.388],[98.109,12.373],[98.126,12.398],[98.113,12.42],[98.094,12.439],[98.094,12.439]]]}},{"type":"Feature","geometry":{"type":"Polygon","coordinates":[[[98.194,10.999],[98.162,10.994],[98.139,10.984],[98.134,10.961],[98.107,10.931],[98.074,10.901],[98.036,10.876],[98.017,10.897],[98.006,10.902],[97.992,10.892],[98.008,10.865],[98.025,10.852],[98.054,10.847],[98.065,10.834],[98.083,10.822],[98.092,10.839],[98.097,10.87],[98.123,10.892],[98.143,10.897],[98.154,10.916],[98.167,10.888],[98.175,10.878],[98.188,10.884],[98.201,10.881],[98.212,10.859],[98.208,10.85],[98.196,10.868],[98.167,10.863],[98.174,10.824],[98.196,10.788],[98.212,10.793],[98.21,10.817],[98.219,10.839],[98.238,10.822],[98.234,10.794],[98.227,10.765],[98.221,10.738],[98.229,10.717],[98.218,10.694],[98.232,10.68],[98.221,10.638],[98.221,10.613],[98.251,10.606],[98.265,10.611],[98.269,10.64],[98.269,10.662],[98.28,10.686],[98.299,10.718],[98.302,10.738],[98.301,10.757],[98.315,10.769],[98.302,10.794],[98.286,10.793],[98.284,10.839],[98.273,10.871],[98.252,10.874],[98.232,10.91],[98.24,10.923],[98.251,10.892],[98.266,10.89],[98.253,10.934],[98.231,10.955],[98.222,10.981],[98.194,10.999]]]}},{"type":"Feature","geometry":{"type":"Polygon","coordinates":[[[98.19,10.207],[98.17,10.199],[98.171,10.165],[98.155,10.177],[98.137,10.179],[98.133,10.156],[98.137,10.138],[98.165,10.131],[98.175,10.097],[98.177,10.064],[98.167,10.028],[98.156,10.003],[98.141,9.965],[98.135,9.974],[98.113,9.959],[98.114,9.937],[98.104,9.913],[98.118,9.892],[98.103,9.855],[98.113,9.842],[98.124,9.846],[98.128,9.836],[98.14,9.838],[98.166,9.862],[98.176,9.892],[98.186,9.911],[98.207,9.927],[98.219,9.919],[98.241,9.919],[98.237,9.94],[98.259,9.951],[98.262,9.98],[98.267,10.005],[98.293,10.003],[98.31,10.019],[98.308,10.05],[98.286,10.07],[98.262,10.075],[98.242,10.071],[98.224,10.066],[98.204,10.066],[98.207,10.094],[98.207,10.118],[98.232,10.121],[98.249,10.144],[98.251,10.162],[98.242,10.179],[98.223,10.182],[98.212,10.204],[98.19,10.207]]]}},{"type":"Feature","geometry":{"type":"Polygon","coordinates":[[[13.171,-16.961],[12.836,-17.05],[12.438,-17.26],[12.303,-17.234],[12.007,-17.166],[11.751,-17.247],[12.739,-19.565],[13.571,-21.187],[14.494,-22.885],[14.474,-23.692],[14.818,-25.083],[14.925,-26.01],[15.035,-26.647],[16.451,-28.639],[16.72,-28.501],[16.819,-28.272],[16.911,-28.07],[17.135,-28.09],[17.405,-28.405],[17.589,-28.676],[18.49,-28.888],[19.259,-28.849],[19.742,-28.483],[20.988,-21.992],[23.304,-18.006],[23.31,-18.042],[23.323,-18.075],[23.351,-18.115],[23.365,-18.132],[23.386,-18.168],[23.402,-18.2],[23.414,-18.21],[23.435,-18.214],[23.448,-18.229],[23.497,-18.258],[23.53,-18.317],[23.561,-18.399],[23.661,-18.48],[23.835,-18.332],[23.97,-18.188],[24.192,-18.023],[24.331,-17.984],[24.544,-18.069],[24.736,-17.89],[24.961,-17.788],[24.997,-17.817],[25.019,-17.83],[25.078,-17.837],[25.256,-17.788],[25.096,-17.708],[25.012,-17.596],[24.835,-17.522],[24.616,-17.53],[24.326,-17.49],[21.117,-17.915],[20.719,-18.001],[20.334,-17.87],[20.062,-17.889],[19.777,-17.891],[19.411,-17.862],[19.013,-17.815],[18.535,-17.525],[14.138,-17.417],[13.885,-17.36],[13.501,-17.071],[13.171,-16.961],[13.171,-16.961]]]}},{"type":"Feature","geometry":{"type":"Polygon","coordinates":[[[81.619,30.445],[81.431,30.378],[81.332,30.151],[81.199,30.022],[80.918,30.226],[80.552,29.861],[80.344,29.548],[80.291,29.195],[80.061,28.916],[80.435,28.638],[80.662,28.632],[81.004,28.439],[81.317,28.146],[81.698,27.987],[82.148,27.861],[82.706,27.719],[82.798,27.496],[83.352,27.342],[83.881,27.379],[84.093,27.486],[84.28,27.402],[84.64,27.055],[84.998,26.891],[85.239,26.76],[85.648,26.853],[85.853,26.563],[86.233,26.591],[86.633,26.466],[87.074,26.58],[87.447,26.435],[87.757,26.413],[87.991,26.391],[88.131,26.602],[88.141,26.983],[88.046,27.368],[88.154,27.718],[87.979,27.889],[87.665,27.811],[87.45,27.821],[87.222,27.818],[86.824,28.016],[86.565,28.059],[86.318,27.947],[86.136,28.117],[85.95,27.953],[85.737,28.307],[85.592,28.308],[85.199,28.338],[85.184,28.539],[85.018,28.634],[84.702,28.673],[84.448,28.791],[84.251,28.887],[84.172,29.139],[84.018,29.289],[83.797,29.252],[83.484,29.279],[83.319,29.505],[83.121,29.624],[82.815,29.702],[82.627,29.847],[82.334,30.048],[82.179,30.165],[82.06,30.362],[81.697,30.42],[81.619,30.445]]]}},{"type":"Feature","geometry":{"type":"Polygon","coordinates":[[[6.518,53.579],[4.669,53.03],[3.972,51.998],[3.667,51.645],[3.365,51.373],[3.59,51.296],[3.932,51.211],[4.346,51.351],[4.548,51.465],[4.768,51.497],[4.774,51.418],[4.928,51.386],[5.016,51.467],[5.075,51.386],[5.202,51.316],[5.344,51.259],[5.485,51.292],[5.658,51.187],[5.715,51.174],[5.781,51.156],[5.84,51.148],[5.835,51.094],[5.799,51.052],[5.776,51.011],[5.727,50.948],[5.729,50.909],[5.681,50.874],[5.658,50.819],[5.704,50.776],[5.729,50.752],[5.811,50.748],[5.894,50.753],[5.977,50.748],[6.025,50.828],[6.076,50.89],[6.006,50.956],[5.904,50.974],[5.875,51.029],[5.969,51.045],[6.12,51.141],[6.118,51.179],[6.124,51.275],[6.169,51.329],[6.214,51.39],[6.22,51.484],[6.092,51.605],[5.955,51.738],[5.949,51.811],[6.036,51.843],[6.146,51.87],[6.259,51.868],[6.405,51.827],[6.555,51.884],[6.725,52.038],[6.906,52.176],[7.074,52.361],[6.7,52.484],[6.706,52.63],[7.071,52.813],[7.177,53.14],[7.202,53.305],[6.713,53.513],[6.518,53.579]]]}},{"type":"Feature","geometry":{"type":"Polygon","coordinates":[[[-68.393,12.323],[-68.419,12.299],[-68.428,12.266],[-68.42,12.231],[-68.41,12.217],[-68.367,12.213],[-68.319,12.198],[-68.3,12.176],[-68.314,12.178],[-68.332,12.166],[-68.335,12.143],[-68.322,12.145],[-68.295,12.139],[-68.307,12.117],[-68.292,12.091],[-68.29,12.063],[-68.282,12.043],[-68.252,12.017],[-68.235,12.02],[-68.219,12.053],[-68.226,12.085],[-68.215,12.098],[-68.187,12.113],[-68.19,12.145],[-68.2,12.184],[-68.185,12.219],[-68.194,12.233],[-68.276,12.241],[-68.338,12.284],[-68.36,12.312],[-68.393,12.323]]]}},{"type":"Feature","geometry":{"type":"Polygon","coordinates":[[[-69.169,12.412],[-69.175,12.378],[-69.174,12.294],[-69.094,12.186],[-69.044,12.164],[-69.005,12.123],[-68.811,12.014],[-68.715,12.03],[-68.77,12.133],[-68.835,12.176],[-68.964,12.207],[-69.035,12.276],[-69.05,12.355],[-69.155,12.407],[-69.169,12.412]]]}},{"type":"Feature","geometry":{"type":"Polygon","coordinates":[[[172.999,-34.385],[172.66,-34.456],[173.109,-34.958],[173.355,-35.574],[174.128,-36.447],[174.63,-37.275],[174.773,-38.01],[174.615,-38.376],[174.169,-38.982],[173.959,-39.558],[174.751,-39.879],[175.041,-40.819],[174.695,-41.188],[174.825,-41.365],[175.176,-41.518],[175.527,-41.524],[176.016,-41.187],[176.372,-40.684],[176.688,-40.336],[176.976,-39.908],[177.087,-39.625],[176.899,-39.391],[177.821,-39.09],[177.876,-39.316],[177.913,-39.061],[178.032,-38.71],[178.369,-38.354],[178.342,-38.155],[178.419,-37.873],[178.362,-37.617],[177.968,-37.534],[177.663,-37.756],[176.52,-37.774],[175.92,-37.274],[175.85,-36.896],[175.902,-36.734],[175.641,-36.716],[175.536,-36.576],[175.426,-36.469],[175.403,-36.6],[175.412,-36.732],[175.432,-36.925],[175.31,-37.131],[175.164,-36.938],[175.073,-36.891],[174.88,-36.841],[174.839,-36.627],[174.801,-36.52],[174.86,-36.351],[174.685,-36.192],[174.488,-35.862],[174.58,-35.82],[174.521,-35.678],[174.477,-35.528],[174.45,-35.414],[174.389,-35.313],[174.33,-35.211],[174.25,-35.206],[174.104,-35.184],[173.958,-35.095],[173.922,-34.986],[173.724,-34.985],[173.517,-34.94],[173.458,-34.869],[173.349,-34.784],[173.172,-34.843],[173.033,-34.425],[172.999,-34.385]]]}},{"type":"Feature","geometry":{"type":"Polygon","coordinates":[[[172.766,-40.47],[172.266,-40.722],[172.043,-41.348],[171.667,-41.706],[171.406,-41.849],[171.271,-42.241],[170.945,-42.666],[170.428,-43.017],[170.134,-43.189],[169.703,-43.489],[169.165,-43.698],[168.681,-43.973],[168.448,-43.961],[168.08,-44.22],[167.747,-44.545],[166.8,-45.254],[166.407,-45.71],[166.492,-46.073],[166.924,-46.244],[167.399,-46.218],[167.654,-46.317],[168.017,-46.408],[168.173,-46.527],[168.404,-46.666],[168.75,-46.606],[169.003,-46.678],[169.596,-46.591],[170.148,-46.208],[170.296,-45.986],[170.763,-45.896],[170.664,-45.71],[170.873,-45.433],[170.928,-45.205],[171.161,-44.973],[171.189,-44.592],[171.315,-44.34],[172.318,-43.888],[172.812,-43.908],[173.156,-43.809],[172.961,-43.61],[172.741,-43.401],[172.996,-43.089],[173.276,-42.96],[173.642,-42.442],[173.817,-42.294],[174.128,-41.941],[174.199,-41.628],[174.087,-41.406],[174.389,-41.21],[174.317,-41.081],[174.246,-41.015],[174.161,-40.916],[174.023,-40.808],[174.021,-40.645],[173.754,-40.785],[173.609,-41.015],[173.326,-41.166],[173.07,-41.121],[173.103,-40.851],[172.842,-40.803],[172.727,-40.581],[173.068,-40.576],[172.766,-40.47],[172.766,-40.47]]]}},{"type":"Feature","geometry":{"type":"Polygon","coordinates":[[[175.412,-36.019],[175.402,-36.02],[175.392,-36.041],[175.375,-36.05],[175.34,-36.06],[175.329,-36.08],[175.331,-36.101],[175.337,-36.119],[175.304,-36.121],[175.296,-36.153],[175.268,-36.157],[175.279,-36.173],[175.285,-36.199],[175.275,-36.217],[175.292,-36.239],[175.318,-36.244],[175.34,-36.235],[175.362,-36.261],[175.387,-36.264],[175.391,-36.275],[175.422,-36.276],[175.421,-36.305],[175.43,-36.316],[175.455,-36.325],[175.47,-36.336],[175.491,-36.349],[175.527,-36.357],[175.544,-36.346],[175.564,-36.32],[175.553,-36.295],[175.526,-36.266],[175.491,-36.238],[175.502,-36.222],[175.494,-36.208],[175.505,-36.194],[175.513,-36.174],[175.491,-36.154],[175.506,-36.146],[175.522,-36.122],[175.507,-36.103],[175.48,-36.118],[175.479,-36.147],[175.459,-36.142],[175.435,-36.125],[175.452,-36.11],[175.439,-36.093],[175.418,-36.081],[175.424,-36.067],[175.415,-36.053],[175.424,-36.032],[175.412,-36.019]]]}},{"type":"Feature","geometry":{"type":"Polygon","coordinates":[[[-176.624,-43.67],[-176.704,-43.725],[-176.811,-43.723],[-176.932,-43.783],[-176.918,-43.85],[-176.822,-43.864],[-176.63,-43.833],[-176.583,-43.926],[-176.712,-44.024],[-176.679,-44.139],[-176.545,-44.137],[-176.336,-44.086],[-176.303,-44.03],[-176.342,-44.015],[-176.372,-43.943],[-176.325,-43.837],[-176.144,-43.739],[-176.232,-43.71],[-176.347,-43.721],[-176.501,-43.704],[-176.624,-43.67]]]}},{"type":"Feature","geometry":{"type":"Polygon","coordinates":[[[-83.404,15.029],[-83.44,14.995],[-83.508,15.003],[-83.541,14.976],[-83.558,14.94],[-83.608,14.89],[-83.719,14.849],[-83.738,14.82],[-83.841,14.774],[-83.995,14.754],[-84.119,14.79],[-84.262,14.699],[-84.365,14.714],[-84.531,14.655],[-84.668,14.673],[-84.762,14.742],[-84.897,14.815],[-85.026,14.671],[-85.077,14.56],[-85.139,14.551],[-85.188,14.446],[-85.197,14.352],[-85.19,14.251],[-85.289,14.251],[-85.355,14.233],[-85.389,14.172],[-85.478,14.093],[-85.555,14.061],[-85.707,13.991],[-85.768,13.848],[-85.925,13.935],[-86.011,14.079],[-86.151,14.035],[-86.217,13.937],[-86.299,13.839],[-86.438,13.763],[-86.628,13.785],[-86.749,13.638],[-86.736,13.382],[-86.836,13.305],[-86.916,13.213],[-86.92,13.09],[-87.026,13.001],[-87.31,12.989],[-87.687,12.884],[-86.37,11.641],[-85.931,11.292],[-85.524,11.168],[-84.486,11.001],[-84.319,10.915],[-84.221,10.827],[-84.172,10.787],[-84.03,10.79],[-83.865,10.718],[-83.66,10.822],[-83.684,10.926],[-83.769,11.019],[-83.649,11.695],[-83.529,12.671],[-83.184,14.363],[-83.119,14.991],[-83.229,14.983],[-83.321,15.003],[-83.404,15.029],[-83.404,15.029]]]}},{"type":"Feature","geometry":{"type":"Polygon","coordinates":[[[11.994,23.521],[4.061,16.333],[3.596,15.519],[1.324,15.268],[0.238,14.886],[0.47,13.951],[0.786,13.686],[1.191,13.392],[0.993,13.372],[2.157,12.651],[2.118,12.386],[2.411,11.956],[2.39,12.16],[2.518,12.291],[2.757,12.35],[3.131,12.125],[3.379,11.893],[3.582,11.712],[3.632,12.124],[4.113,13.021],[4.908,13.747],[5.449,13.87],[6.698,13.339],[7.438,13.114],[8.42,13.061],[9.386,12.818],[10.465,13.288],[11.679,13.299],[12.156,13.111],[12.176,13.119],[12.233,13.107],[12.286,13.094],[12.337,13.085],[12.375,13.079],[12.474,13.054],[12.496,13.115],[12.53,13.154],[12.549,13.185],[12.556,13.217],[12.58,13.265],[12.58,13.285],[12.645,13.288],[12.704,13.31],[12.739,13.351],[12.781,13.397],[12.813,13.432],[12.853,13.453],[12.874,13.472],[12.92,13.49],[12.969,13.52],[13.024,13.536],[13.069,13.532],[13.098,13.528],[13.125,13.544],[13.156,13.517],[13.212,13.534],[13.228,13.578],[13.26,13.621],[13.309,13.695],[13.694,14.55],[13.916,15.08],[15.603,18.801],[15.282,21.448],[11.994,23.521]]]}},{"type":"Feature","geometry":{"type":"Polygon","coordinates":[[[5.533,13.885],[4.23,13.479],[3.674,12.029],[3.767,10.916],[3.579,10.27],[3.363,9.701],[2.78,8.968],[2.693,8.288],[2.749,7.256],[2.71,6.516],[5.054,5.743],[6.691,4.329],[8.292,4.524],[8.59,4.802],[8.784,5.118],[8.882,5.798],[9.156,6.1],[9.347,6.354],[9.695,6.509],[9.798,6.786],[10.175,6.986],[10.549,6.978],[10.657,7.042],[10.817,6.946],[10.896,6.759],[11.135,6.528],[11.429,6.531],[11.578,6.736],[11.698,7.025],[11.884,7.251],[12.008,7.658],[12.243,8.392],[12.453,8.566],[12.719,8.764],[12.916,9.254],[13.072,9.515],[13.303,10.091],[13.557,10.561],[13.715,10.864],[13.987,11.31],[14.604,11.512],[14.632,11.94],[14.556,12.235],[14.444,12.349],[14.224,12.361],[14.181,12.463],[13.296,13.669],[13.23,13.589],[13.184,13.525],[13.123,13.54],[13.061,13.534],[12.995,13.511],[12.92,13.49],[12.843,13.478],[12.83,13.406],[12.76,13.369],[12.673,13.275],[12.588,13.276],[12.564,13.227],[12.54,13.152],[12.496,13.115],[12.42,13.076],[12.331,13.073],[12.238,13.116],[12.176,13.1],[11.591,13.347],[9.796,12.95],[8.145,13.277],[6.698,13.339],[5.533,13.885]]]}},{"type":"Feature","geometry":{"type":"Polygon","coordinates":[[[129.953,43.017],[129.805,42.786],[129.74,42.578],[129.57,42.383],[129.354,42.411],[129.206,42.287],[129.069,42.158],[128.828,42.033],[128.08,42.022],[128.296,41.627],[128.156,41.382],[127.993,41.442],[127.778,41.423],[127.47,41.483],[127.208,41.529],[127.091,41.622],[126.944,41.792],[126.698,41.72],[126.51,41.393],[126.304,41.193],[126.075,40.978],[125.855,40.881],[125.531,40.717],[125.075,40.545],[124.728,40.33],[124.354,39.97],[124.286,39.819],[124.593,39.595],[124.851,39.686],[125.035,39.568],[125.214,39.058],[125.02,38.601],[124.832,38.346],[124.989,38.055],[125.188,37.861],[125.254,37.762],[125.489,37.728],[125.73,37.999],[126.199,37.77],[126.679,37.894],[126.968,38.147],[127.474,38.313],[127.882,38.317],[128.37,38.634],[127.967,38.923],[127.506,39.177],[127.579,39.302],[127.709,39.836],[128.245,40],[128.646,40.291],[129.306,40.671],[129.689,40.836],[129.742,41.105],[129.741,41.424],[129.874,41.793],[130.005,42.001],[130.174,42.065],[130.302,42.231],[130.403,42.247],[130.404,42.304],[130.469,42.325],[130.588,42.307],[130.608,42.268],[130.672,42.369],[130.555,42.489],[130.435,42.607],[130.247,42.858],[130.014,42.963],[129.953,43.017]]]}},{"type":"Feature","geometry":{"type":"Polygon","coordinates":[[[22.301,42.374],[22.24,42.351],[22.168,42.316],[22.077,42.302],[21.927,42.309],[21.837,42.325],[21.731,42.264],[21.513,42.266],[21.421,42.246],[21.337,42.19],[21.323,42.106],[21.217,42.128],[21.073,42.188],[20.853,42.096],[20.749,41.991],[20.682,41.854],[20.566,41.792],[20.533,41.695],[20.517,41.562],[20.47,41.504],[20.553,41.412],[20.495,41.342],[20.561,41.181],[20.672,41.084],[20.956,40.92],[21.18,40.875],[21.316,40.867],[21.47,40.906],[21.611,40.88],[21.686,40.942],[21.806,40.95],[21.883,41.03],[21.911,41.093],[22.065,41.161],[22.19,41.161],[22.259,41.166],[22.323,41.151],[22.364,41.133],[22.404,41.129],[22.47,41.12],[22.562,41.131],[22.643,41.161],[22.711,41.14],[22.765,41.291],[22.798,41.34],[22.907,41.341],[22.95,41.427],[22.959,41.536],[22.975,41.654],[22.922,41.873],[22.871,42.021],[22.725,42.053],[22.523,42.148],[22.435,42.258],[22.343,42.317],[22.301,42.374]]]}},{"type":"Feature","geometry":{"type":"Polygon","coordinates":[[[25.664,71.205],[24.34,70.714],[22.157,70.661],[21.371,70.392],[20.325,69.983],[19.476,70.219],[18.073,69.695],[16.666,68.79],[15.774,69.169],[14.587,68.44],[14.442,68.186],[14.955,67.982],[14.211,67.199],[12.923,66.715],[12.14,66.112],[12.203,65.632],[11.404,65.032],[11.126,64.676],[9.52,63.722],[8.234,63.685],[6.792,62.903],[5.841,62.409],[5.514,62.318],[5.227,62.213],[4.976,62.036],[4.986,61.747],[4.886,61.563],[4.564,61.304],[4.713,61.216],[4.768,60.799],[4.789,60.562],[4.997,60],[5.072,59.523],[5.511,59.197],[5.729,59.178],[5.582,58.971],[5.747,58.53],[6.439,58.26],[6.986,57.99],[7.584,57.969],[8.113,58.079],[8.664,58.331],[8.82,58.428],[9.098,58.601],[9.397,58.78],[10.003,58.965],[10.469,59.094],[10.519,59.235],[10.299,59.512],[10.647,59.551],[10.575,59.433],[10.719,59.302],[10.795,59.167],[10.835,59.119],[11.142,59.06],[11.687,58.967],[12.599,61.042],[13.656,64.579],[18.622,68.507],[23.983,68.826],[25.735,69.279],[26.996,69.932],[29.24,69.111],[30.929,69.67],[31.179,70.37],[28.328,70.54],[27.153,70.807],[25.373,70.406],[25.856,71.145],[25.664,71.205]]]}},{"type":"Feature","geometry":{"type":"Polygon","coordinates":[[[24.171,71.102],[24.147,71.102],[24.126,71.095],[24.099,71.096],[24.053,71.097],[24.024,71.087],[24.004,71.091],[23.991,71.1],[23.959,71.097],[23.964,71.082],[23.936,71.079],[23.927,71.068],[23.929,71.049],[23.982,71.036],[23.929,71.035],[23.863,71.023],[23.914,71.015],[23.86,71.006],[23.828,70.996],[23.861,70.982],[23.915,70.979],[23.882,70.963],[23.873,70.95],[23.932,70.943],[23.911,70.939],[23.927,70.925],[24,70.911],[24.055,70.912],[24.125,70.921],[24.19,70.933],[24.234,70.948],[24.232,70.965],[24.204,70.974],[24.099,70.979],[24.094,70.984],[24.212,70.992],[24.228,70.997],[24.204,71.003],[24.145,71.006],[24.065,71.01],[24.083,71.02],[24.068,71.037],[24.092,71.044],[24.136,71.054],[24.159,71.059],[24.151,71.067],[24.169,71.075],[24.195,71.084],[24.187,71.091],[24.155,71.088],[24.151,71.093],[24.171,71.102]]]}},{"type":"Feature","geometry":{"type":"Polygon","coordinates":[[[12.091,67.541],[12.08,67.536],[12.057,67.531],[12.025,67.526],[12.029,67.537],[12.004,67.532],[11.985,67.521],[11.952,67.511],[11.952,67.505],[11.983,67.507],[12,67.503],[12.005,67.493],[11.957,67.49],[11.936,67.484],[11.914,67.475],[11.885,67.473],[11.869,67.459],[11.855,67.448],[11.845,67.43],[11.85,67.409],[11.864,67.404],[11.902,67.402],[11.926,67.4],[11.948,67.402],[11.955,67.408],[11.939,67.411],[11.908,67.411],[11.92,67.419],[11.913,67.427],[11.915,67.435],[11.935,67.449],[11.935,67.439],[11.948,67.437],[11.952,67.454],[11.965,67.463],[11.963,67.474],[11.976,67.483],[11.99,67.473],[12.012,67.465],[12.041,67.469],[12.068,67.483],[12.095,67.489],[12.139,67.5],[12.18,67.504],[12.198,67.509],[12.199,67.517],[12.219,67.515],[12.246,67.518],[12.233,67.522],[12.209,67.525],[12.205,67.533],[12.172,67.537],[12.137,67.532],[12.119,67.537],[12.091,67.541]]]}},{"type":"Feature","geometry":{"type":"Polygon","coordinates":[[[14.071,67.471],[14.024,67.464],[14.017,67.437],[13.987,67.445],[13.942,67.44],[13.924,67.45],[13.888,67.449],[13.859,67.43],[13.808,67.402],[13.821,67.389],[13.867,67.378],[13.929,67.378],[14.009,67.393],[14.072,67.411],[14.116,67.447],[14.12,67.468],[14.071,67.471]]]}},{"type":"Feature","geometry":{"type":"Polygon","coordinates":[[[14.208,67.335],[14.131,67.333],[14.097,67.319],[14.073,67.331],[13.999,67.328],[14.005,67.298],[13.932,67.291],[13.895,67.264],[13.92,67.25],[13.91,67.213],[13.932,67.209],[14.005,67.219],[14.016,67.242],[14.073,67.262],[14.071,67.285],[14.1,67.3],[14.171,67.294],[14.219,67.317],[14.208,67.335]]]}},{"type":"Feature","geometry":{"type":"Polygon","coordinates":[[[12.281,66.667],[12.259,66.657],[12.235,66.644],[12.209,66.645],[12.178,66.642],[12.139,66.636],[12.145,66.621],[12.143,66.603],[12.107,66.582],[12.108,66.598],[12.064,66.602],[12.014,66.586],[12.036,66.57],[12.038,66.549],[11.987,66.539],[12.003,66.517],[11.986,66.495],[11.949,66.487],[11.927,66.475],[11.938,66.458],[11.979,66.446],[11.95,66.43],[11.974,66.425],[12.012,66.441],[12.062,66.468],[12.122,66.479],[12.174,66.513],[12.181,66.537],[12.196,66.545],[12.218,66.526],[12.273,66.535],[12.298,66.556],[12.294,66.569],[12.261,66.565],[12.204,66.554],[12.16,66.56],[12.18,66.571],[12.244,66.571],[12.27,66.586],[12.296,66.607],[12.312,66.633],[12.301,66.663],[12.281,66.667]]]}},{"type":"Feature","geometry":{"type":"Polygon","coordinates":[[[12.062,66.089],[12.033,66.082],[12.019,66.079],[11.989,66.064],[11.965,66.049],[11.962,66.054],[11.963,66.063],[11.949,66.073],[11.929,66.074],[11.895,66.069],[11.873,66.058],[11.841,66.059],[11.809,66.053],[11.759,66.05],[11.761,66.04],[11.746,66.036],[11.752,66.026],[11.766,66.021],[11.799,66.02],[11.809,66.029],[11.843,66.035],[11.885,66.042],[11.915,66.04],[11.933,66.033],[11.933,66.024],[11.972,66.022],[12.015,66.029],[12.053,66.037],[12.066,66.049],[12.07,66.06],[12.054,66.068],[12.075,66.08],[12.062,66.089]]]}},{"type":"Feature","geometry":{"type":"Polygon","coordinates":[[[9.444,64.185],[9.371,64.179],[9.332,64.167],[9.237,64.149],[9.168,64.134],[9.11,64.108],[9.091,64.06],[9.094,64.039],[9.069,64.013],[9.024,64],[8.968,63.989],[8.955,63.954],[8.974,63.943],[9.017,63.937],[9.091,63.952],[9.182,63.981],[9.218,64.006],[9.233,64.027],[9.25,64.049],[9.286,64.068],[9.326,64.092],[9.364,64.121],[9.397,64.099],[9.425,64.114],[9.363,64.142],[9.393,64.156],[9.467,64.177],[9.444,64.185]]]}},{"type":"Feature","geometry":{"type":"Polygon","coordinates":[[[-7.943,71.168],[-8.105,71.167],[-8.275,71.141],[-8.44,71.089],[-8.525,71.018],[-8.654,71.002],[-8.789,70.965],[-9.014,70.915],[-9.113,70.882],[-9.105,70.852],[-9.105,70.822],[-9.001,70.812],[-8.885,70.838],[-8.789,70.859],[-8.698,70.907],[-8.52,70.95],[-8.344,70.962],[-8.001,70.997],[-7.935,71.023],[-7.96,71.084],[-7.929,71.106],[-7.899,71.146],[-7.943,71.168]]]}},{"type":"Feature","geometry":{"type":"Polygon","coordinates":[[[19.108,74.519],[18.979,74.515],[18.843,74.507],[18.756,74.497],[18.73,74.473],[18.77,74.45],[18.772,74.434],[18.826,74.418],[18.881,74.388],[18.954,74.373],[19.005,74.351],[19.031,74.334],[19.105,74.334],[19.137,74.349],[19.196,74.354],[19.19,74.374],[19.211,74.398],[19.274,74.425],[19.291,74.454],[19.27,74.472],[19.208,74.489],[19.178,74.51],[19.148,74.513],[19.108,74.519]]]}},{"type":"Feature","geometry":{"type":"Polygon","coordinates":[[[25.509,76.719],[25.442,76.715],[25.326,76.68],[25.225,76.627],[25.094,76.578],[24.99,76.548],[24.92,76.507],[24.906,76.481],[24.876,76.449],[24.925,76.437],[24.987,76.441],[25.005,76.456],[24.966,76.469],[25.013,76.487],[25.043,76.507],[25.167,76.545],[25.183,76.571],[25.249,76.601],[25.314,76.613],[25.376,76.638],[25.414,76.662],[25.523,76.709],[25.509,76.719]]]}},{"type":"Feature","geometry":{"type":"Polygon","coordinates":[[[22.857,78.273],[22.374,78.227],[21.693,78.223],[20.901,78.139],[20.726,78.081],[20.995,78.022],[21.289,77.953],[21.448,77.904],[21.316,77.829],[21.091,77.665],[20.877,77.601],[20.734,77.553],[20.739,77.5],[20.937,77.431],[21.519,77.487],[22.08,77.514],[22.401,77.578],[22.527,77.594],[22.607,77.52],[22.676,77.445],[22.549,77.403],[22.305,77.387],[22.484,77.366],[22.593,77.344],[22.497,77.261],[22.747,77.228],[22.939,77.268],[23.198,77.246],[23.329,77.303],[23.082,77.294],[23.28,77.347],[23.483,77.423],[23.945,77.588],[24.077,77.671],[24.258,77.756],[24.241,77.843],[24.401,77.934],[23.895,77.959],[23.307,78.023],[23.231,78.156],[23.022,78.241],[22.857,78.273]]]}},{"type":"Feature","geometry":{"type":"Polygon","coordinates":[[[16.268,80.073],[15.543,79.831],[16.07,79.146],[16.246,78.955],[15.73,79.194],[15.422,79.415],[14.845,79.777],[13.821,79.506],[13.826,79.407],[13.488,79.573],[12.81,79.582],[12.785,79.602],[13.442,79.67],[13.708,79.892],[12.198,79.857],[12.022,79.765],[11.266,79.871],[11.143,79.648],[10.769,79.73],[10.83,79.39],[11.744,79.203],[12.184,78.941],[11.288,78.99],[11.761,78.679],[13.178,78.543],[12.84,78.257],[13.958,78.251],[14.236,78.364],[14.788,78.393],[14.587,78.532],[14.716,78.647],[15.213,78.752],[15.103,78.593],[16.438,78.601],[16.436,78.521],[16.883,78.379],[15.809,78.362],[14.447,78.115],[13.598,77.856],[14.466,77.739],[15.859,77.549],[14.582,77.577],[14.623,77.149],[15.787,76.962],[16.628,76.446],[17.15,76.873],[17.726,77.535],[18.781,78.01],[19.539,78.556],[21.022,78.581],[20.687,78.332],[20.402,78.181],[20.728,78.197],[22.209,78.436],[21.39,78.713],[21.096,78.914],[20.426,78.998],[20.382,79.114],[19.948,79.004],[19.509,79.172],[18.905,79.341],[18.174,79.638],[17.781,79.579],[17.781,79.838],[16.784,79.923],[16.397,80.054],[16.268,80.073]]]}},{"type":"Feature","geometry":{"type":"Polygon","coordinates":[[[10.443,78.924],[10.382,78.912],[10.486,78.854],[10.426,78.797],[10.563,78.71],[10.8,78.622],[10.926,78.493],[11.08,78.425],[11.223,78.432],[11.475,78.396],[11.635,78.327],[11.684,78.288],[11.744,78.25],[11.959,78.213],[12.195,78.186],[12.206,78.247],[12.096,78.313],[11.926,78.415],[11.964,78.454],[11.678,78.472],[11.492,78.555],[11.387,78.564],[11.376,78.601],[11.272,78.652],[11.179,78.698],[11.239,78.724],[11.179,78.778],[11.041,78.805],[11.096,78.841],[10.986,78.877],[10.69,78.907],[10.443,78.924]]]}},{"type":"Feature","geometry":{"type":"Polygon","coordinates":[[[20.023,80.547],[19.63,80.513],[19.561,80.376],[19.649,80.253],[19.026,80.357],[19.215,80.174],[19.081,80.154],[18.644,80.18],[17.902,80.199],[17.858,80.123],[18.031,80.027],[17.941,79.964],[18.07,79.888],[18.369,79.774],[18.954,79.714],[19.418,79.714],[19.891,79.68],[19.811,79.74],[20.69,79.786],[21.497,79.782],[21.772,79.7],[20.479,79.695],[20.855,79.588],[20.418,79.585],[19.583,79.611],[20.154,79.443],[20.841,79.345],[21.877,79.343],[22.717,79.278],[24.008,79.207],[25.104,79.331],[25.895,79.518],[26.59,79.702],[26.68,79.749],[27.197,79.864],[27.279,80.04],[26.721,80.159],[26.021,80.204],[25.508,80.231],[25.398,80.265],[24.859,80.252],[24.807,80.365],[24.631,80.292],[24.532,80.363],[24.332,80.431],[24.093,80.488],[24.077,80.409],[24.156,80.319],[23.802,80.307],[23.689,80.191],[23.472,80.207],[23.17,80.174],[23.203,80.238],[23.294,80.388],[22.885,80.508],[22.758,80.409],[22.272,80.398],[22.393,80.251],[22.203,80.184],[22.278,80.091],[22.187,80.08],[21.94,80.149],[21.786,80.273],[21.281,80.279],[21.031,80.245],[20.608,80.303],[20.127,80.419],[20.325,80.476],[20.023,80.547],[20.023,80.547]]]}},{"type":"Feature","geometry":{"type":"Polygon","coordinates":[[[18.3,80.374],[18.292,80.372],[18.224,80.366],[18.13,80.337],[18.048,80.294],[18.048,80.273],[18.166,80.272],[18.328,80.252],[18.328,80.239],[18.386,80.234],[18.465,80.237],[18.553,80.241],[18.63,80.256],[18.655,80.279],[18.723,80.284],[18.756,80.3],[18.787,80.323],[18.809,80.339],[18.726,80.34],[18.66,80.328],[18.592,80.343],[18.457,80.354],[18.3,80.374]]]}},{"type":"Feature","geometry":{"type":"Polygon","coordinates":[[[20.656,80.763],[20.554,80.763],[20.494,80.757],[20.441,80.762],[20.435,80.762],[20.389,80.756],[20.404,80.747],[20.483,80.747],[20.522,80.741],[20.599,80.729],[20.612,80.708],[20.69,80.698],[20.764,80.704],[20.777,80.684],[20.786,80.669],[20.724,80.667],[20.632,80.674],[20.502,80.665],[20.454,80.656],[20.5,80.645],[20.527,80.633],[20.448,80.631],[20.457,80.623],[20.511,80.624],[20.599,80.628],[20.679,80.611],[20.705,80.6],[20.801,80.616],[20.789,80.632],[20.862,80.652],[20.871,80.667],[20.896,80.687],[21.009,80.683],[21.069,80.657],[21.116,80.647],[21.189,80.654],[21.26,80.667],[21.359,80.661],[21.41,80.673],[21.362,80.685],[21.393,80.697],[21.315,80.711],[21.259,80.713],[21.217,80.698],[21.114,80.706],[21.024,80.713],[20.996,80.724],[20.937,80.73],[20.827,80.721],[20.723,80.741],[20.656,80.763]]]}},{"type":"Feature","geometry":{"type":"Polygon","coordinates":[[[19.52,79.448],[19.462,79.433],[19.407,79.416],[19.492,79.397],[19.451,79.375],[19.355,79.366],[19.221,79.365],[19.267,79.349],[19.347,79.347],[19.528,79.353],[19.591,79.34],[19.465,79.328],[19.391,79.312],[19.49,79.298],[19.685,79.284],[19.85,79.287],[19.885,79.26],[19.839,79.239],[19.915,79.219],[19.973,79.22],[20.08,79.225],[20.157,79.237],[20.27,79.251],[20.27,79.276],[20.207,79.287],[20.113,79.297],[19.962,79.308],[19.828,79.304],[19.644,79.312],[19.709,79.326],[19.976,79.34],[20.034,79.32],[20.185,79.317],[20.198,79.338],[20.152,79.363],[19.872,79.402],[19.718,79.408],[19.58,79.41],[19.682,79.423],[19.66,79.434],[19.6,79.44],[19.52,79.448]]]}},{"type":"Feature","geometry":{"type":"Polygon","coordinates":[[[21.146,79.05],[21.055,79.044],[21.003,79.038],[20.896,79.041],[20.869,79.027],[20.847,79.009],[20.838,78.995],[20.904,78.99],[20.984,78.999],[21.009,79.017],[21.171,79.024],[21.341,79.01],[21.377,78.99],[21.47,78.975],[21.5,78.965],[21.574,78.967],[21.632,78.954],[21.638,78.944],[21.569,78.937],[21.421,78.94],[21.363,78.932],[21.476,78.922],[21.651,78.922],[21.753,78.938],[21.764,78.954],[21.725,78.97],[21.813,78.97],[21.849,78.983],[21.745,78.993],[21.684,78.989],[21.613,78.998],[21.53,78.999],[21.432,79],[21.426,79.021],[21.292,79.036],[21.146,79.05]]]}},{"type":"Feature","geometry":{"type":"Polygon","coordinates":[[[27.955,80.154],[27.842,80.13],[27.839,80.104],[27.897,80.064],[27.999,80.039],[28.125,80.04],[28.271,80.068],[28.287,80.094],[28.271,80.116],[28.087,80.128],[28.067,80.142],[27.955,80.154]]]}},{"type":"Feature","geometry":{"type":"Polygon","coordinates":[[[26.51,78.825],[26.4,78.808],[26.359,78.766],[26.425,78.707],[26.532,78.676],[26.548,78.654],[26.656,78.64],[26.719,78.619],[26.798,78.636],[26.952,78.644],[26.993,78.681],[27.04,78.704],[26.864,78.718],[26.653,78.782],[26.645,78.812],[26.51,78.825]]]}},{"type":"Feature","geometry":{"type":"Polygon","coordinates":[[[28.768,78.977],[28.4,78.976],[28.361,78.938],[28.081,78.927],[27.993,78.889],[27.801,78.862],[27.834,78.838],[28.01,78.823],[27.977,78.792],[28.098,78.788],[28.185,78.809],[28.405,78.857],[28.586,78.866],[28.784,78.851],[28.889,78.885],[29.147,78.849],[29.372,78.831],[29.46,78.869],[29.773,78.89],[29.767,78.922],[29.619,78.937],[29.372,78.916],[29.108,78.924],[29.048,78.963],[28.768,78.977]]]}},{"type":"Feature","geometry":{"type":"Polygon","coordinates":[[[32.937,80.328],[32.146,80.288],[31.926,80.238],[31.608,80.194],[31.586,80.191],[31.322,80.091],[31.492,80.044],[31.712,80.031],[32.195,80.079],[32.426,80.089],[33.168,80.124],[33.448,80.129],[33.519,80.197],[33.58,80.237],[33.272,80.276],[32.937,80.328]]]}},{"type":"Feature","geometry":{"type":"Polygon","coordinates":[[[55.961,25.006],[55.812,24.911],[55.828,24.722],[55.817,24.616],[55.788,24.485],[55.835,24.409],[55.792,24.28],[55.753,24.235],[55.833,24.201],[55.952,24.214],[55.962,24.17],[56.014,24.091],[55.901,24.046],[55.78,24.056],[55.598,24.004],[55.484,23.942],[55.525,23.878],[55.537,23.771],[55.572,23.714],[55.537,23.585],[55.482,23.509],[55.417,23.382],[55.233,23.114],[55.217,23.03],[55.219,22.849],[55.228,22.791],[55.665,22.002],[52.778,17.343],[53.113,16.639],[53.69,16.762],[54.061,16.954],[54.745,16.897],[55.25,17.141],[55.286,17.476],[55.421,17.704],[55.827,17.856],[56.525,18.028],[56.692,18.555],[57.373,18.867],[57.849,19.14],[57.747,19.518],[57.862,20.035],[57.991,20.391],[58.175,20.496],[58.475,20.329],[58.749,20.712],[58.931,21.061],[59.664,21.897],[59.865,22.269],[59.68,22.568],[59.052,23.163],[58.675,23.609],[58.288,23.65],[57.838,23.8],[56.975,24.124],[56.379,24.982],[56.35,24.935],[56.281,24.884],[56.206,24.851],[56.082,24.743],[55.981,24.893],[56.041,24.907],[56.046,24.968],[55.961,25.006],[55.961,25.006]]]}},{"type":"Feature","geometry":{"type":"Polygon","coordinates":[[[58.874,20.707],[58.862,20.683],[58.862,20.625],[58.825,20.612],[58.784,20.54],[58.769,20.496],[58.745,20.489],[58.727,20.454],[58.704,20.44],[58.656,20.397],[58.62,20.348],[58.624,20.167],[58.648,20.16],[58.697,20.182],[58.74,20.216],[58.786,20.262],[58.797,20.294],[58.821,20.352],[58.841,20.426],[58.896,20.454],[58.958,20.491],[58.97,20.517],[58.95,20.547],[58.944,20.579],[58.911,20.605],[58.918,20.657],[58.921,20.698],[58.874,20.707]]]}},{"type":"Feature","geometry":{"type":"Polygon","coordinates":[[[56.528,26.397],[56.498,26.364],[56.47,26.354],[56.486,26.327],[56.446,26.333],[56.425,26.355],[56.423,26.38],[56.398,26.375],[56.382,26.391],[56.344,26.366],[56.357,26.33],[56.331,26.32],[56.316,26.291],[56.297,26.225],[56.256,26.222],[56.222,26.232],[56.185,26.239],[56.152,26.151],[56.094,26.086],[56.108,26.055],[56.164,26.045],[56.182,25.952],[56.159,25.877],[56.158,25.784],[56.14,25.728],[56.187,25.654],[56.225,25.611],[56.262,25.625],[56.282,25.692],[56.3,25.736],[56.351,25.775],[56.388,25.841],[56.413,25.897],[56.409,25.923],[56.451,25.923],[56.472,25.944],[56.433,25.961],[56.437,25.979],[56.429,26.023],[56.419,26.036],[56.454,26.07],[56.478,26.088],[56.438,26.097],[56.403,26.105],[56.375,26.101],[56.368,26.135],[56.351,26.145],[56.351,26.159],[56.364,26.183],[56.381,26.186],[56.38,26.146],[56.405,26.161],[56.44,26.127],[56.49,26.143],[56.445,26.166],[56.464,26.207],[56.49,26.188],[56.499,26.233],[56.471,26.241],[56.451,26.232],[56.413,26.251],[56.411,26.277],[56.437,26.287],[56.443,26.278],[56.464,26.312],[56.504,26.306],[56.507,26.347],[56.536,26.384],[56.528,26.397]]]}},{"type":"Feature","geometry":{"type":"Polygon","coordinates":[[[74.685,37.086],[74.05,36.83],[73.262,36.887],[72.333,36.766],[71.828,36.429],[71.339,36.166],[71.485,35.768],[71.619,35.135],[71.086,34.582],[71.084,34.079],[70.416,33.967],[69.919,33.89],[70.251,33.442],[69.87,33.09],[69.392,32.777],[69.274,31.911],[68.779,31.664],[68.266,31.804],[67.628,31.409],[67.131,31.237],[66.387,30.943],[66.338,29.949],[64.107,29.391],[62.596,28.248],[63.284,27.121],[62.283,26.383],[61.837,25.744],[62.251,25.163],[63.943,25.304],[65.959,25.396],[67.17,24.628],[67.37,24.013],[68.047,23.76],[68.346,23.961],[69.094,24.274],[70.353,24.357],[70.986,24.369],[70.679,25.525],[70.185,26.378],[69.947,27.507],[71.207,27.837],[73.033,29.169],[73.937,30.451],[74.235,30.723],[74.424,30.929],[74.64,31.121],[74.556,31.357],[74.538,31.61],[74.745,31.942],[75.034,32.045],[75.379,32.23],[74.982,32.445],[74.636,32.612],[74.579,32.754],[74.165,33.104],[73.972,33.642],[74.02,34.034],[73.753,34.384],[74.125,34.695],[75.255,34.648],[76.168,34.642],[77.044,35.048],[76.981,35.361],[76.731,35.713],[76.157,35.92],[75.721,36.75],[74.905,36.928],[74.685,37.086]]]}},{"type":"Feature","geometry":{"type":"Polygon","coordinates":[[[134.612,7.763],[134.601,7.707],[134.608,7.63],[134.555,7.615],[134.529,7.582],[134.474,7.514],[134.451,7.439],[134.496,7.382],[134.466,7.365],[134.421,7.369],[134.404,7.325],[134.379,7.283],[134.337,7.287],[134.29,7.296],[134.282,7.273],[134.324,7.264],[134.359,7.217],[134.334,7.19],[134.31,7.157],[134.314,7.125],[134.346,7.129],[134.322,7.091],[134.293,7.086],[134.274,7.12],[134.256,7.152],[134.282,7.182],[134.237,7.199],[134.219,7.145],[134.244,7.093],[134.249,7.064],[134.218,7.021],[134.22,6.966],[134.278,7.007],[134.297,7.057],[134.352,7.104],[134.397,7.136],[134.395,7.194],[134.423,7.253],[134.458,7.256],[134.469,7.296],[134.515,7.308],[134.539,7.321],[134.554,7.341],[134.6,7.36],[134.618,7.461],[134.626,7.525],[134.655,7.589],[134.65,7.704],[134.624,7.761],[134.612,7.763]]]}},{"type":"Feature","geometry":{"type":"Polygon","coordinates":[[[35.224,32.552],[35.187,32.524],[35.158,32.504],[35.106,32.476],[35.072,32.459],[35.061,32.439],[35.053,32.416],[35.05,32.397],[35.04,32.381],[35.051,32.365],[35.029,32.346],[35.017,32.325],[35.022,32.276],[35.018,32.234],[34.974,32.201],[34.962,32.174],[34.977,32.149],[34.988,32.117],[34.983,32.089],[35,32.018],[34.997,31.953],[35.03,31.925],[35.01,31.855],[34.977,31.832],[35.038,31.841],[35.09,31.846],[35.121,31.824],[35.189,31.81],[35.226,31.777],[35.225,31.746],[35.207,31.749],[35.187,31.747],[35.152,31.738],[35.118,31.714],[35.004,31.651],[34.89,31.425],[35.121,31.356],[35.487,31.624],[35.539,31.817],[35.531,31.889],[35.538,31.986],[35.548,32.083],[35.561,32.148],[35.567,32.209],[35.57,32.231],[35.557,32.299],[35.563,32.365],[35.548,32.389],[35.493,32.402],[35.443,32.406],[35.416,32.456],[35.403,32.5],[35.358,32.52],[35.289,32.511],[35.224,32.552]]]}},{"type":"Feature","geometry":{"type":"Polygon","coordinates":[[[34.489,31.596],[34.464,31.564],[34.43,31.532],[34.37,31.459],[34.315,31.413],[34.218,31.325],[34.235,31.297],[34.24,31.296],[34.267,31.22],[34.289,31.239],[34.305,31.248],[34.326,31.257],[34.344,31.278],[34.366,31.29],[34.373,31.306],[34.365,31.357],[34.368,31.374],[34.446,31.446],[34.51,31.498],[34.553,31.515],[34.568,31.539],[34.489,31.596]]]}},{"type":"Feature","geometry":{"type":"Polygon","coordinates":[[[-79.541,9.649],[-80.538,9.102],[-80.789,8.948],[-80.979,8.851],[-81.24,8.8],[-81.481,8.813],[-81.796,9.072],[-81.818,9.13],[-81.934,9.156],[-81.859,9.048],[-81.845,8.963],[-81.931,8.955],[-82.091,8.937],[-82.208,8.992],[-82.258,9.096],[-82.223,9.164],[-82.096,9.128],[-82.101,9.214],[-82.167,9.16],[-82.228,9.227],[-82.257,9.297],[-82.291,9.203],[-82.369,9.258],[-82.345,9.308],[-82.364,9.421],[-82.599,9.542],[-82.669,9.505],[-82.731,9.558],[-82.82,9.6],[-82.873,9.539],[-82.89,9.088],[-82.737,8.966],[-82.855,8.855],[-82.91,8.758],[-82.855,8.661],[-82.868,8.437],[-83.046,8.316],[-82.955,8.284],[-82.906,8.146],[-82.899,8.036],[-82.425,8.214],[-81.789,8.114],[-81.512,7.688],[-81.021,7.625],[-80.609,7.224],[-79.982,7.531],[-80.476,8.144],[-79.696,8.667],[-79.518,8.882],[-78.826,8.786],[-78.511,8.445],[-78.212,8.313],[-78.386,8.095],[-78.262,7.65],[-77.887,7.207],[-77.741,7.637],[-77.547,7.522],[-77.347,7.764],[-77.182,7.935],[-77.228,8.035],[-77.281,8.209],[-77.411,8.471],[-77.405,8.611],[-77.377,8.679],[-78.528,9.454],[-79.115,9.579],[-79.541,9.649]]]}},{"type":"Feature","geometry":{"type":"Polygon","coordinates":[[[-81.731,7.667],[-81.767,7.655],[-81.812,7.618],[-81.862,7.582],[-81.899,7.542],[-81.893,7.486],[-81.862,7.431],[-81.818,7.376],[-81.753,7.335],[-81.663,7.307],[-81.572,7.313],[-81.584,7.352],[-81.624,7.407],[-81.664,7.403],[-81.704,7.436],[-81.704,7.473],[-81.661,7.496],[-81.66,7.546],[-81.697,7.56],[-81.707,7.598],[-81.667,7.633],[-81.676,7.663],[-81.731,7.667]]]}},{"type":"Feature","geometry":{"type":"Polygon","coordinates":[[[-79.047,8.688],[-79.069,8.683],[-79.078,8.653],[-79.088,8.614],[-79.062,8.578],[-79.067,8.529],[-79.078,8.479],[-79.04,8.452],[-78.992,8.413],[-78.974,8.351],[-78.985,8.297],[-78.957,8.258],[-78.918,8.216],[-78.883,8.21],[-78.89,8.232],[-78.905,8.262],[-78.891,8.285],[-78.876,8.275],[-78.828,8.263],[-78.835,8.298],[-78.815,8.338],[-78.788,8.37],[-78.815,8.411],[-78.831,8.455],[-78.863,8.487],[-78.904,8.493],[-78.942,8.482],[-78.957,8.498],[-78.993,8.506],[-79.001,8.544],[-78.999,8.588],[-79.015,8.65],[-79.047,8.688]]]}},{"type":"Feature","geometry":{"type":"Polygon","coordinates":[[[-78.661,9.526],[-78.658,9.514],[-78.621,9.501],[-78.584,9.483],[-78.625,9.484],[-78.668,9.488],[-78.699,9.482],[-78.739,9.501],[-78.771,9.507],[-78.798,9.515],[-78.812,9.503],[-78.826,9.487],[-78.856,9.471],[-78.845,9.461],[-78.827,9.467],[-78.805,9.484],[-78.799,9.498],[-78.764,9.484],[-78.723,9.474],[-78.701,9.466],[-78.677,9.475],[-78.626,9.469],[-78.552,9.46],[-78.506,9.469],[-78.517,9.48],[-78.574,9.49],[-78.593,9.505],[-78.628,9.522],[-78.661,9.526]]]}},{"type":"Feature","geometry":{"type":"Polygon","coordinates":[[[141.003,-2.585],[140.956,-6.434],[140.934,-6.561],[140.872,-6.796],[141.018,-9.143],[141.969,-9.234],[142.513,-9.32],[143.113,-9.105],[143.476,-9.013],[143.556,-8.728],[143.703,-8.506],[143.593,-8.275],[143.955,-8.018],[144.051,-7.798],[144.47,-7.842],[144.801,-7.757],[145.366,-7.965],[146.032,-8.112],[146.478,-8.766],[146.843,-9.197],[147.03,-9.533],[147.457,-9.777],[147.847,-10.123],[148.355,-10.22],[148.92,-10.295],[149.377,-10.419],[149.836,-10.423],[149.989,-10.64],[150.337,-10.702],[150.444,-10.766],[150.598,-10.723],[150.851,-10.696],[151.12,-10.62],[150.885,-10.511],[150.455,-10.382],[150.809,-10.297],[150.661,-10.245],[150.222,-10.08],[149.793,-9.832],[149.944,-9.614],[149.262,-9.478],[149.366,-9.075],[148.931,-9.033],[148.445,-8.654],[148.197,-8.209],[147.824,-7.907],[147.571,-7.629],[147.266,-7.367],[147.103,-7.01],[147.268,-6.779],[147.784,-6.722],[147.792,-6.268],[147.193,-5.911],[146.781,-5.796],[146.348,-5.546],[145.786,-5.456],[145.845,-5.148],[145.706,-4.742],[145.165,-4.352],[144.893,-4.103],[144.576,-3.857],[144.212,-3.785],[143.852,-3.657],[143.639,-3.502],[143.562,-3.306],[143.152,-3.328],[142.453,-3.101],[141.419,-2.71],[141.003,-2.585]]]}},{"type":"Feature","geometry":{"type":"Polygon","coordinates":[[[147.789,-5.421],[147.726,-5.471],[147.732,-5.571],[147.769,-5.654],[147.821,-5.71],[147.822,-5.743],[147.886,-5.788],[147.95,-5.844],[148.031,-5.861],[148.068,-5.813],[148.111,-5.673],[148.098,-5.613],[148.033,-5.533],[147.921,-5.512],[147.875,-5.451],[147.789,-5.421]]]}},{"type":"Feature","geometry":{"type":"Polygon","coordinates":[[[146.876,-1.881],[146.744,-1.928],[146.552,-1.895],[146.514,-2.007],[146.5,-2.095],[146.481,-2.062],[146.387,-2.068],[146.341,-2.117],[146.42,-2.158],[146.478,-2.274],[146.621,-2.268],[146.75,-2.23],[146.917,-2.249],[147.137,-2.293],[147.288,-2.263],[147.321,-2.136],[147.423,-2.142],[147.478,-2.051],[147.472,-1.974],[147.368,-1.922],[147.17,-1.909],[147.025,-1.922],[146.876,-1.881]]]}},{"type":"Feature","geometry":{"type":"Polygon","coordinates":[[[149.553,-1.291],[149.516,-1.325],[149.491,-1.381],[149.495,-1.454],[149.55,-1.499],[149.529,-1.569],[149.584,-1.613],[149.669,-1.622],[149.702,-1.578],[149.775,-1.532],[149.746,-1.439],[149.68,-1.358],[149.553,-1.291]]]}},{"type":"Feature","geometry":{"type":"Polygon","coordinates":[[[152.004,-2.551],[151.924,-2.578],[151.889,-2.666],[151.867,-2.746],[151.88,-2.847],[151.924,-2.951],[152.01,-3.039],[152.1,-3.031],[152.114,-2.932],[152.045,-2.855],[152.029,-2.71],[152.056,-2.655],[152.032,-2.589],[152.004,-2.551]]]}},{"type":"Feature","geometry":{"type":"Polygon","coordinates":[[[150.307,-2.304],[150.175,-2.309],[149.933,-2.411],[149.9,-2.441],[149.911,-2.515],[149.988,-2.551],[150.032,-2.617],[150.12,-2.726],[150.364,-2.699],[150.631,-2.781],[150.76,-2.814],[150.936,-2.809],[151.111,-2.949],[151.246,-3.025],[151.364,-3.132],[151.589,-3.22],[151.658,-3.316],[151.839,-3.439],[151.977,-3.53],[152.216,-3.607],[152.361,-3.815],[152.52,-3.99],[152.608,-4.207],[152.606,-4.371],[152.603,-4.502],[152.655,-4.639],[152.773,-4.858],[152.891,-4.883],[153.007,-4.768],[153.122,-4.634],[153.141,-4.47],[153.188,-4.289],[153.083,-4.103],[152.982,-3.941],[152.902,-3.892],[152.831,-3.804],[152.63,-3.76],[152.556,-3.626],[152.38,-3.491],[152.224,-3.346],[152.1,-3.228],[151.867,-3.146],[151.488,-2.883],[151.287,-2.817],[151.095,-2.707],[150.886,-2.545],[150.779,-2.529],[150.617,-2.564],[150.57,-2.466],[150.441,-2.367],[150.307,-2.304]]]}},{"type":"Feature","geometry":{"type":"Polygon","coordinates":[[[154.641,-4.983],[154.52,-5.075],[154.484,-5.213],[154.512,-5.277],[154.598,-5.485],[154.6,-5.583],[154.681,-5.616],[154.686,-5.698],[154.63,-5.699],[154.572,-5.746],[154.663,-5.759],[154.692,-5.885],[154.786,-6.038],[154.936,-6.182],[155.024,-6.278],[155.181,-6.339],[155.205,-6.434],[155.126,-6.489],[155.237,-6.663],[155.634,-6.879],[155.738,-6.879],[155.809,-6.86],[155.896,-6.843],[155.999,-6.689],[155.941,-6.575],[155.885,-6.438],[155.775,-6.307],[155.7,-6.188],[155.605,-6.135],[155.539,-6.131],[155.432,-6.07],[155.373,-5.926],[155.288,-5.874],[155.198,-5.739],[155.13,-5.631],[155.084,-5.524],[154.906,-5.507],[154.734,-5.397],[154.716,-5.28],[154.69,-5.132],[154.672,-5.02],[154.641,-4.983]]]}},{"type":"Feature","geometry":{"type":"Polygon","coordinates":[[[155.709,-6.953],[155.698,-6.967],[155.674,-6.985],[155.676,-6.999],[155.669,-7.01],[155.651,-7.016],[155.637,-7.007],[155.616,-6.997],[155.601,-7.006],[155.611,-7.025],[155.601,-7.03],[155.603,-7.046],[155.619,-7.055],[155.621,-7.078],[155.645,-7.093],[155.685,-7.102],[155.728,-7.113],[155.752,-7.121],[155.782,-7.124],[155.834,-7.133],[155.873,-7.137],[155.899,-7.121],[155.905,-7.09],[155.905,-7.067],[155.879,-7.059],[155.877,-7.04],[155.855,-7.018],[155.831,-6.988],[155.806,-6.976],[155.798,-6.997],[155.764,-6.972],[155.746,-6.954],[155.709,-6.953]]]}},{"type":"Feature","geometry":{"type":"Polygon","coordinates":[[[152.106,-4.062],[152.032,-4.152],[151.916,-4.177],[151.974,-4.248],[151.889,-4.256],[151.837,-4.182],[151.661,-4.163],[151.436,-4.177],[151.485,-4.33],[151.576,-4.467],[151.609,-4.612],[151.658,-4.839],[151.537,-4.883],[151.394,-4.864],[151.301,-4.919],[151.213,-4.85],[151.095,-4.91],[151.161,-5.025],[150.974,-5.274],[150.883,-5.427],[150.741,-5.403],[150.634,-5.496],[150.504,-5.381],[150.285,-5.509],[150.123,-5.37],[150.12,-5.168],[150.249,-5.058],[150.043,-4.935],[149.933,-5.195],[149.878,-5.425],[149.694,-5.386],[149.376,-5.498],[148.997,-5.403],[148.738,-5.397],[148.39,-5.397],[148.302,-5.498],[148.28,-5.698],[148.464,-5.856],[148.681,-5.9],[148.791,-5.979],[148.878,-6.045],[148.87,-6.173],[149.035,-6.217],[149.197,-6.149],[149.389,-6.132],[149.521,-6.321],[149.821,-6.356],[150.158,-6.321],[150.458,-6.291],[150.683,-6.19],[150.914,-6.078],[151.243,-5.938],[151.482,-5.75],[151.556,-5.627],[151.499,-5.567],[151.653,-5.591],[151.782,-5.619],[151.985,-5.539],[152.177,-5.386],[152.065,-5.157],[152.015,-5.017],[152.276,-4.99],[152.43,-4.732],[152.369,-4.492],[152.422,-4.289],[152.287,-4.286],[152.24,-4.168],[152.139,-4.105],[152.106,-4.062]]]}},{"type":"Feature","geometry":{"type":"Polygon","coordinates":[[[150.224,-9.159],[150.165,-9.189],[150.08,-9.27],[150.094,-9.4],[150.209,-9.491],[150.296,-9.537],[150.393,-9.509],[150.384,-9.448],[150.429,-9.484],[150.437,-9.563],[150.414,-9.637],[150.507,-9.66],[150.66,-9.693],[150.728,-9.751],[150.768,-9.831],[150.848,-9.907],[150.883,-10.012],[150.929,-10.109],[150.997,-10.131],[151.177,-10.176],[151.206,-10.234],[151.312,-10.019],[151.298,-9.908],[151.213,-9.894],[151.133,-9.965],[151.1,-10],[151.072,-9.94],[150.995,-9.892],[150.9,-9.782],[150.933,-9.712],[150.958,-9.651],[151.043,-9.689],[151.066,-9.625],[151.003,-9.56],[150.922,-9.582],[150.912,-9.499],[150.853,-9.448],[150.782,-9.377],[150.665,-9.399],[150.601,-9.345],[150.488,-9.305],[150.404,-9.343],[150.373,-9.292],[150.279,-9.198],[150.224,-9.159]]]}},{"type":"Feature","geometry":{"type":"Polygon","coordinates":[[[151.099,-8.381],[151.047,-8.398],[150.986,-8.444],[150.938,-8.463],[150.91,-8.505],[150.903,-8.543],[150.874,-8.569],[150.844,-8.528],[150.82,-8.497],[150.798,-8.525],[150.818,-8.595],[150.849,-8.65],[150.889,-8.656],[150.91,-8.608],[150.956,-8.589],[151.017,-8.573],[151.063,-8.567],[151.084,-8.611],[151.062,-8.66],[151.01,-8.703],[150.98,-8.743],[150.993,-8.772],[151.024,-8.766],[151.065,-8.778],[151.118,-8.824],[151.105,-8.838],[151.073,-8.88],[151.117,-8.895],[151.188,-8.909],[151.224,-8.881],[151.217,-8.85],[151.168,-8.798],[151.133,-8.749],[151.14,-8.662],[151.162,-8.623],[151.171,-8.551],[151.146,-8.51],[151.153,-8.487],[151.146,-8.399],[151.099,-8.381]]]}},{"type":"Feature","geometry":{"type":"Polygon","coordinates":[[[152.475,-8.92],[152.449,-8.924],[152.411,-8.941],[152.369,-8.98],[152.383,-9.025],[152.395,-9.093],[152.411,-9.127],[152.446,-9.118],[152.457,-9.068],[152.486,-9.072],[152.558,-9.095],[152.632,-9.129],[152.619,-9.167],[152.621,-9.208],[152.685,-9.254],[152.729,-9.28],[152.787,-9.273],[152.81,-9.304],[152.839,-9.308],[152.882,-9.293],[152.921,-9.274],[152.953,-9.292],[152.991,-9.265],[152.998,-9.216],[153.037,-9.189],[153.033,-9.15],[153.005,-9.118],[152.965,-9.076],[152.923,-9.042],[152.857,-9.045],[152.834,-9.002],[152.787,-8.976],[152.744,-8.991],[152.63,-8.962],[152.538,-8.973],[152.475,-8.92]]]}},{"type":"Feature","geometry":{"type":"Polygon","coordinates":[[[152.799,-10.588],[152.736,-10.611],[152.684,-10.64],[152.552,-10.597],[152.501,-10.616],[152.512,-10.644],[152.571,-10.684],[152.641,-10.702],[152.689,-10.728],[152.766,-10.732],[152.816,-10.721],[152.871,-10.713],[152.902,-10.684],[152.897,-10.646],[152.847,-10.608],[152.799,-10.588]]]}},{"type":"Feature","geometry":{"type":"Polygon","coordinates":[[[154.234,-11.275],[154.192,-11.278],[154.104,-11.278],[154.006,-11.286],[153.983,-11.301],[153.991,-11.327],[153.947,-11.353],[153.953,-11.391],[153.99,-11.423],[154.056,-11.437],[154.127,-11.429],[154.196,-11.429],[154.26,-11.433],[154.302,-11.41],[154.306,-11.372],[154.285,-11.312],[154.234,-11.275]]]}},{"type":"Feature","geometry":{"type":"Polygon","coordinates":[[[152.496,-11.009],[152.402,-11.033],[152.416,-11.087],[152.452,-11.135],[152.545,-11.146],[152.647,-11.17],[152.861,-11.205],[153.012,-11.24],[153.023,-11.3],[153.127,-11.324],[153.125,-11.386],[153.174,-11.437],[153.237,-11.518],[153.292,-11.572],[153.413,-11.609],[153.487,-11.682],[153.575,-11.679],[153.68,-11.671],[153.811,-11.65],[153.806,-11.588],[153.743,-11.512],[153.641,-11.453],[153.55,-11.429],[153.443,-11.388],[153.531,-11.329],[153.476,-11.289],[153.388,-11.292],[153.342,-11.337],[153.295,-11.286],[153.254,-11.222],[153.182,-11.178],[153.158,-11.125],[153.083,-11.073],[153.034,-11.079],[152.971,-11.122],[152.82,-11.106],[152.589,-11.033],[152.496,-11.009]]]}},{"type":"Feature","geometry":{"type":"Polygon","coordinates":[[[-59.069,-19.288],[-62.63,-22.254],[-62.453,-22.41],[-62.29,-22.521],[-62.21,-22.663],[-62.139,-22.772],[-62.037,-22.91],[-61.956,-23.028],[-61.683,-23.259],[-61.385,-23.462],[-61.214,-23.555],[-60.867,-23.848],[-60.506,-23.967],[-60.07,-24.01],[-59.163,-24.578],[-58.807,-24.772],[-58.425,-24.919],[-58.171,-24.972],[-57.861,-25.088],[-57.579,-25.511],[-57.733,-25.717],[-57.847,-26.002],[-58.103,-26.232],[-58.219,-26.543],[-58.332,-26.814],[-58.497,-27.055],[-58.593,-27.218],[-58.096,-27.272],[-57.485,-27.445],[-56.871,-27.602],[-56.694,-27.455],[-56.287,-27.479],[-55.684,-27.375],[-55.536,-27.103],[-55.149,-26.888],[-54.787,-26.627],[-54.675,-26.153],[-54.636,-25.664],[-54.496,-25.306],[-54.321,-24.451],[-54.326,-24.008],[-54.592,-23.838],[-54.838,-23.893],[-55.193,-23.991],[-55.455,-23.817],[-55.53,-23.567],[-55.521,-23.268],[-55.646,-23.028],[-55.644,-22.611],[-55.841,-22.287],[-56.133,-22.287],[-56.39,-22.075],[-56.607,-22.22],[-56.742,-22.234],[-56.908,-22.262],[-57.103,-22.245],[-57.377,-22.231],[-57.61,-22.093],[-57.827,-22.12],[-57.971,-22.009],[-57.947,-21.744],[-57.905,-21.393],[-57.869,-21.041],[-57.901,-20.788],[-58.012,-20.61],[-58.118,-20.249],[-58.144,-20.104],[-58.204,-19.879],[-59.069,-19.288]]]}},{"type":"Feature","geometry":{"type":"Polygon","coordinates":[[[-75.19,-0.042],[-75.265,-0.503],[-75.566,-1.562],[-78.42,-3.687],[-78.709,-4.617],[-79.492,-4.526],[-80.373,-4.199],[-80.192,-3.597],[-81.31,-4.735],[-79.612,-7.436],[-77.64,-11.088],[-77.167,-12.129],[-76.205,-13.467],[-75.992,-14.468],[-74.589,-15.684],[-73.021,-16.519],[-71.338,-17.711],[-69.8,-17.763],[-69.339,-16.985],[-68.958,-16.195],[-69.175,-15.264],[-69.228,-14.654],[-68.935,-14.216],[-68.991,-13.786],[-68.964,-11.924],[-69.921,-10.925],[-70.535,-9.758],[-70.598,-9.459],[-71.231,-9.959],[-72.315,-9.538],[-72.956,-9.023],[-73.525,-8.368],[-73.722,-7.741],[-73.698,-7.294],[-73.191,-6.542],[-73.023,-5.74],[-72.914,-5.372],[-72.881,-5.187],[-72.659,-5.057],[-72.451,-4.919],[-72.312,-4.791],[-72.105,-4.706],[-71.934,-4.576],[-71.768,-4.502],[-71.539,-4.483],[-71.339,-4.443],[-71.159,-4.395],[-70.878,-4.294],[-70.617,-4.129],[-70.403,-4.137],[-70.176,-4.337],[-70.055,-4.1],[-70.578,-3.818],[-70.339,-2.57],[-70.763,-2.322],[-71.284,-2.389],[-71.75,-2.151],[-72.164,-2.479],[-72.553,-2.402],[-72.889,-2.438],[-73.152,-2.266],[-73.149,-1.832],[-73.338,-1.801],[-73.579,-1.429],[-73.825,-1.238],[-74.283,-0.896],[-74.388,-0.548],[-74.675,-0.334],[-75.014,-0.146],[-75.19,-0.042]]]}},{"type":"Feature","geometry":{"type":"Polygon","coordinates":[[[120.844,18.662],[120.469,18.05],[120.346,17.687],[120.448,17.019],[120.304,16.637],[120.318,16.4],[120.232,16.04],[120.117,16.124],[120.015,16.19],[119.886,16.398],[119.778,15.909],[119.892,15.755],[119.944,15.568],[119.902,15.443],[120.049,14.946],[120.102,14.756],[120.262,14.825],[120.331,14.628],[120.504,14.396],[120.561,14.81],[120.938,14.593],[120.838,14.403],[120.588,14.243],[120.616,14.1],[120.61,13.874],[120.715,13.878],[120.914,13.798],[121.005,13.776],[121.205,13.624],[121.434,13.764],[121.741,13.949],[121.853,13.88],[122.252,13.585],[122.681,13.209],[122.522,13.723],[122.556,13.906],[122.78,13.761],[123.047,13.498],[123.374,13.019],[123.89,12.934],[123.802,12.847],[124.104,12.633],[124.163,13.079],[123.798,13.051],[123.764,13.139],[123.909,13.234],[123.941,13.325],[123.853,13.367],[123.838,13.344],[123.801,13.3],[123.683,13.474],[123.555,13.598],[123.739,13.703],[123.934,13.732],[123.954,13.785],[123.801,13.853],[123.642,13.904],[123.587,13.936],[123.37,14.075],[123.144,13.749],[122.665,14.362],[122.191,14.053],[121.768,14.247],[121.413,15.242],[121.626,15.658],[121.81,16.074],[122.193,16.304],[122.503,17.153],[122.34,18.22],[121.241,18.594],[120.844,18.662]]]}},{"type":"Feature","geometry":{"type":"Polygon","coordinates":[[[125.658,10.481],[125.502,10.25],[125.509,10.035],[125.55,9.828],[125.443,9.456],[125.254,9.07],[125.089,8.865],[124.744,8.755],[124.582,8.559],[124.236,8.339],[123.865,8.266],[123.547,8.649],[123.335,8.645],[122.916,8.335],[122.612,8.137],[122.07,7.752],[122.028,7.311],[122.033,6.862],[122.287,7.012],[122.385,7.339],[122.492,7.618],[122.743,7.737],[122.772,7.397],[122.986,7.349],[123.003,7.465],[123.168,7.448],[123.382,7.347],[123.42,7.597],[123.571,7.821],[124.119,7.475],[124.17,7.258],[123.953,6.756],[124.063,6.345],[124.681,5.938],[125.158,6.031],[125.197,5.865],[125.28,5.589],[125.721,5.974],[125.574,6.542],[125.408,6.801],[125.701,7.053],[125.789,6.896],[125.739,7.207],[125.825,7.35],[125.958,6.928],[126.12,6.422],[126.237,6.438],[126.251,6.817],[126.322,6.778],[126.389,6.977],[126.62,7.274],[126.613,7.454],[126.475,7.809],[126.462,8.085],[126.422,8.29],[126.358,8.565],[126.245,8.729],[126.223,9.098],[126.005,9.331],[125.932,9.506],[125.625,9.629],[125.739,9.801],[125.693,10.112],[125.658,10.481]]]}},{"type":"Feature","geometry":{"type":"Polygon","coordinates":[[[124.354,12.707],[124.327,12.584],[124.268,12.489],[124.373,12.196],[124.568,12.039],[124.702,11.894],[124.818,11.748],[124.689,11.713],[124.783,11.51],[124.743,11.353],[124.559,11.383],[124.61,11.469],[124.584,11.617],[124.438,11.718],[124.328,11.654],[124.405,11.523],[124.316,11.573],[124.262,11.53],[124.319,11.316],[124.358,11.075],[124.4,10.891],[124.56,10.92],[124.682,10.872],[124.744,10.62],[124.72,10.384],[124.74,10.168],[124.915,10.074],[125.046,10.005],[124.998,10.292],[125.049,10.25],[125.163,10.035],[125.27,9.896],[125.292,9.988],[125.156,10.17],[125.252,10.239],[125.244,10.415],[125.199,10.539],[125.123,10.711],[125.051,10.898],[125.026,11.173],[125.093,11.261],[125.237,11.077],[125.465,11.085],[125.592,11.087],[125.726,11.006],[125.851,10.918],[125.707,11.177],[125.649,11.355],[125.497,11.559],[125.486,11.814],[125.454,11.948],[125.542,12.096],[125.586,12.045],[125.479,12.123],[125.524,12.217],[125.354,12.41],[125.166,12.596],[125.089,12.685],[124.983,12.579],[124.845,12.585],[124.709,12.555],[124.504,12.591],[124.354,12.707],[124.354,12.707]]]}},{"type":"Feature","geometry":{"type":"Polygon","coordinates":[[[120.953,13.542],[120.795,13.491],[120.659,13.515],[120.417,13.542],[120.324,13.508],[120.298,13.419],[120.403,13.366],[120.442,13.404],[120.468,13.293],[120.516,13.219],[120.642,13.172],[120.737,13.013],[120.73,12.871],[120.769,12.806],[120.802,12.713],[120.862,12.667],[120.902,12.564],[120.957,12.429],[121.035,12.339],[121.03,12.304],[120.991,12.242],[121.024,12.171],[121.094,12.136],[121.143,12.184],[121.181,12.23],[121.252,12.199],[121.288,12.266],[121.351,12.293],[121.381,12.233],[121.409,12.274],[121.417,12.336],[121.477,12.367],[121.431,12.416],[121.459,12.489],[121.532,12.557],[121.562,12.654],[121.498,12.79],[121.503,12.893],[121.502,12.97],[121.551,13.058],[121.566,13.126],[121.469,13.153],[121.448,13.239],[121.326,13.346],[121.234,13.46],[121.142,13.438],[121.034,13.448],[120.999,13.51],[120.953,13.542],[120.953,13.542]]]}},{"type":"Feature","geometry":{"type":"Polygon","coordinates":[[[123.626,12.742],[123.613,12.739],[123.577,12.739],[123.555,12.686],[123.569,12.595],[123.637,12.498],[123.681,12.412],[123.643,12.41],[123.56,12.498],[123.464,12.541],[123.33,12.592],[123.209,12.63],[123.217,12.576],[123.212,12.461],[123.225,12.372],[123.195,12.246],[123.19,12.168],[123.179,12.066],[123.121,11.935],[123.091,11.857],[123.14,11.816],[123.192,11.87],[123.275,11.959],[123.36,12.074],[123.481,12.179],[123.547,12.139],[123.563,12.069],[123.528,12.029],[123.61,12.015],[123.673,11.964],[123.635,11.937],[123.582,11.9],[123.632,11.87],[123.692,11.859],[123.75,11.883],[123.857,11.854],[123.882,11.787],[123.951,11.768],[124.019,11.706],[124.085,11.687],[124.104,11.736],[124.115,11.838],[124.104,11.945],[124.027,12.061],[123.951,12.179],[123.854,12.292],[123.827,12.364],[123.805,12.471],[123.758,12.608],[123.679,12.675],[123.626,12.742]]]}},{"type":"Feature","geometry":{"type":"Polygon","coordinates":[[[121.882,12.002],[121.86,11.932],[121.849,11.822],[121.819,11.749],[121.913,11.728],[122.033,11.701],[122.053,11.671],[122.036,11.485],[122.003,11.429],[122.017,11.34],[121.987,11.205],[121.989,11.027],[121.907,10.825],[121.907,10.75],[121.935,10.655],[121.877,10.507],[121.896,10.426],[121.978,10.391],[122.042,10.426],[122.119,10.515],[122.256,10.601],[122.412,10.639],[122.514,10.658],[122.5,10.626],[122.473,10.539],[122.437,10.482],[122.476,10.404],[122.561,10.374],[122.638,10.372],[122.662,10.418],[122.734,10.434],[122.756,10.501],[122.731,10.553],[122.756,10.631],[122.745,10.715],[122.761,10.771],[122.805,10.852],[122.802,10.944],[122.849,10.957],[122.948,11.006],[123.033,11.046],[123.055,11.098],[123.146,11.084],[123.225,11.205],[123.247,11.297],[123.173,11.353],[123.267,11.375],[123.305,11.461],[123.28,11.539],[123.368,11.555],[123.387,11.644],[123.341,11.65],[123.28,11.617],[123.168,11.615],[123.105,11.59],[122.995,11.52],[122.945,11.547],[122.893,11.615],[122.855,11.668],[122.797,11.641],[122.662,11.623],[122.607,11.593],[122.506,11.641],[122.437,11.746],[122.338,11.781],[122.231,11.851],[122.105,11.875],[121.945,11.999],[121.882,12.002]]]}},{"type":"Feature","geometry":{"type":"Polygon","coordinates":[[[123.706,11.335],[123.67,11.265],[123.648,11.186],[123.624,11.116],[123.596,11.06],[123.659,11.033],[123.723,11.098],[123.819,11.133],[123.838,11.189],[123.838,11.243],[123.786,11.265],[123.766,11.321],[123.706,11.335]]]}},{"type":"Feature","geometry":{"type":"Polygon","coordinates":[[[123.236,11.013],[123.109,10.984],[123,10.933],[122.932,10.818],[122.934,10.719],[122.868,10.592],[122.783,10.535],[122.802,10.445],[122.831,10.347],[122.842,10.158],[122.786,10.08],[122.682,10.013],[122.481,9.997],[122.421,9.915],[122.337,9.835],[122.368,9.725],[122.407,9.639],[122.489,9.524],[122.654,9.379],[122.84,9.316],[122.872,9.185],[122.973,9.04],[123.077,9.022],[123.242,9.113],[123.326,9.277],[123.311,9.353],[123.261,9.419],[123.206,9.487],[123.179,9.625],[123.165,9.804],[123.289,10.074],[123.341,10.269],[123.437,10.42],[123.525,10.593],[123.593,10.831],[123.588,10.955],[123.529,10.987],[123.459,10.957],[123.37,10.974],[123.236,11.013],[123.236,11.013]]]}},{"type":"Feature","geometry":{"type":"Polygon","coordinates":[[[124.038,11.305],[123.992,11.292],[123.934,11.219],[123.896,11.181],[123.904,11.125],[123.893,11.038],[123.885,10.965],[123.83,10.79],[123.692,10.577],[123.673,10.461],[123.566,10.347],[123.552,10.293],[123.517,10.218],[123.396,10.077],[123.352,10.001],[123.349,9.885],[123.333,9.809],[123.3,9.666],[123.278,9.444],[123.294,9.395],[123.344,9.392],[123.39,9.438],[123.464,9.506],[123.5,9.568],[123.522,9.663],[123.549,9.747],[123.591,9.828],[123.635,9.888],[123.648,9.974],[123.654,10.039],[123.714,10.093],[123.758,10.158],[123.799,10.21],[123.874,10.215],[123.926,10.223],[123.989,10.22],[124.022,10.182],[124.052,10.153],[124.071,10.193],[124.088,10.261],[124.088,10.301],[124.077,10.328],[124.044,10.353],[124.049,10.418],[124.055,10.509],[124.063,10.626],[124.052,10.739],[124.071,10.831],[124.066,10.947],[124.069,11.06],[124.036,11.092],[124.088,11.246],[124.088,11.283],[124.038,11.305]]]}},{"type":"Feature","geometry":{"type":"Polygon","coordinates":[[[124.328,10.261],[124.274,10.232],[124.235,10.207],[124.192,10.228],[124.141,10.193],[124.151,10.172],[124.128,10.12],[124.058,10.073],[124.034,9.984],[123.984,9.982],[123.937,9.951],[123.889,9.958],[123.868,9.94],[123.855,9.928],[123.804,9.909],[123.817,9.866],[123.774,9.896],[123.755,9.86],[123.794,9.83],[123.776,9.747],[123.834,9.731],[123.835,9.672],[123.774,9.629],[123.731,9.569],[123.817,9.555],[123.883,9.617],[124.027,9.585],[124.22,9.593],[124.358,9.622],[124.412,9.685],[124.471,9.731],[124.517,9.712],[124.607,9.802],[124.573,9.846],[124.575,9.887],[124.559,9.934],[124.579,9.984],[124.569,10.069],[124.609,10.078],[124.615,10.134],[124.601,10.157],[124.563,10.142],[124.52,10.124],[124.498,10.089],[124.464,10.08],[124.402,10.114],[124.384,10.161],[124.38,10.192],[124.346,10.164],[124.332,10.162],[124.303,10.196],[124.319,10.214],[124.388,10.223],[124.399,10.251],[124.349,10.224],[124.328,10.261],[124.328,10.261]]]}},{"type":"Feature","geometry":{"type":"Polygon","coordinates":[[[124.195,14.115],[124.162,14.075],[124.126,14.089],[124.115,14.058],[124.124,14.011],[124.104,13.982],[124.133,13.93],[124.117,13.903],[124.124,13.873],[124.118,13.831],[124.113,13.783],[124.093,13.743],[124.074,13.717],[124.038,13.687],[124.014,13.665],[124.038,13.622],[124.038,13.607],[124.047,13.586],[124.071,13.583],[124.111,13.574],[124.137,13.542],[124.194,13.507],[124.229,13.515],[124.224,13.545],[124.239,13.561],[124.268,13.575],[124.303,13.579],[124.303,13.555],[124.331,13.539],[124.358,13.537],[124.353,13.555],[124.361,13.602],[124.365,13.634],[124.387,13.634],[124.423,13.655],[124.423,13.685],[124.416,13.715],[124.434,13.749],[124.433,13.814],[124.428,13.857],[124.408,13.902],[124.386,13.91],[124.376,13.942],[124.335,13.993],[124.301,13.997],[124.283,14.039],[124.242,14.097],[124.195,14.115]]]}},{"type":"Feature","geometry":{"type":"Polygon","coordinates":[[[123.005,13.167],[122.985,13.166],[122.964,13.155],[122.94,13.144],[122.941,13.13],[122.925,13.118],[122.925,13.107],[122.94,13.084],[122.937,13.068],[122.935,13.039],[122.944,13.021],[122.956,13.021],[122.995,12.998],[123.026,12.994],[123.054,12.991],[123.056,12.976],[123.071,12.959],[123.093,12.93],[123.111,12.915],[123.129,12.894],[123.146,12.883],[123.161,12.883],[123.195,12.839],[123.214,12.83],[123.257,12.828],[123.259,12.815],[123.274,12.808],[123.291,12.784],[123.302,12.759],[123.322,12.732],[123.339,12.709],[123.353,12.694],[123.376,12.687],[123.39,12.689],[123.383,12.719],[123.37,12.733],[123.339,12.761],[123.318,12.796],[123.302,12.817],[123.286,12.848],[123.291,12.868],[123.287,12.891],[123.268,12.907],[123.238,12.918],[123.216,12.913],[123.189,12.922],[123.166,12.956],[123.148,12.991],[123.121,13.031],[123.102,13.061],[123.072,13.106],[123.043,13.148],[123.017,13.149],[123.005,13.167]]]}},{"type":"Feature","geometry":{"type":"Polygon","coordinates":[[[122.116,12.693],[122.101,12.682],[122.094,12.654],[122.058,12.635],[121.989,12.604],[121.983,12.58],[121.988,12.553],[121.998,12.509],[121.985,12.437],[121.967,12.42],[121.937,12.399],[121.913,12.32],[121.921,12.28],[121.947,12.264],[121.952,12.227],[121.943,12.171],[121.97,12.141],[122.002,12.098],[122.018,12.085],[122.043,12.093],[122.055,12.129],[122.064,12.162],[122.076,12.186],[122.075,12.203],[122.061,12.225],[122.098,12.298],[122.106,12.352],[122.128,12.488],[122.15,12.518],[122.151,12.568],[122.158,12.611],[122.172,12.636],[122.161,12.664],[122.116,12.693]]]}},{"type":"Feature","geometry":{"type":"Polygon","coordinates":[[[121.867,13.586],[121.849,13.582],[121.83,13.566],[121.837,13.541],[121.825,13.507],[121.803,13.467],[121.801,13.419],[121.807,13.358],[121.816,13.328],[121.849,13.288],[121.866,13.264],[121.815,13.241],[121.789,13.224],[121.818,13.211],[121.874,13.236],[121.915,13.241],[121.945,13.212],[121.981,13.173],[122.039,13.186],[122.068,13.225],[122.07,13.272],[122.087,13.293],[122.128,13.335],[122.16,13.362],[122.161,13.406],[122.149,13.44],[122.124,13.483],[122.124,13.503],[122.158,13.498],[122.191,13.496],[122.206,13.517],[122.18,13.539],[122.134,13.553],[122.086,13.543],[122.05,13.545],[122.013,13.567],[121.988,13.555],[121.943,13.577],[121.917,13.55],[121.867,13.586]]]}},{"type":"Feature","geometry":{"type":"Polygon","coordinates":[[[119.505,11.452],[119.447,11.356],[119.39,11.204],[119.33,11.195],[119.394,11.072],[119.314,11.168],[119.254,11.201],[119.27,11.131],[119.29,11.029],[119.218,10.931],[119.221,10.831],[119.337,10.704],[119.226,10.547],[119.169,10.485],[119.154,10.455],[119.125,10.431],[119.049,10.505],[119.059,10.402],[119,10.418],[118.973,10.319],[118.878,10.218],[118.729,10.1],[118.537,9.811],[118.376,9.656],[118.278,9.543],[118.182,9.416],[118.075,9.349],[117.985,9.265],[117.894,9.272],[117.747,9.131],[117.614,9.033],[117.459,8.848],[117.265,8.627],[117.169,8.366],[117.197,8.254],[117.346,8.192],[117.299,8.339],[117.304,8.421],[117.509,8.506],[117.694,8.675],[117.935,8.84],[118.122,9.071],[118.138,9.108],[118.218,9.152],[118.425,9.203],[118.486,9.284],[118.586,9.431],[118.696,9.574],[118.704,9.719],[118.784,9.791],[118.813,9.925],[119.192,10.034],[119.275,10.177],[119.366,10.332],[119.634,10.436],[119.794,10.434],[119.976,10.52],[120.009,10.567],[119.827,10.629],[119.746,10.602],[119.663,10.592],[119.638,10.694],[119.601,10.794],[119.507,10.922],[119.582,11.017],[119.645,11.04],[119.541,11.087],[119.636,11.193],[119.575,11.288],[119.542,11.379],[119.505,11.452]]]}},{"type":"Feature","geometry":{"type":"Polygon","coordinates":[[[119.891,12.38],[119.88,12.352],[119.847,12.308],[119.836,12.247],[119.842,12.208],[119.832,12.151],[119.831,12.104],[119.857,12.073],[119.843,12.037],[119.809,11.979],[119.796,11.929],[119.835,11.92],[119.85,11.894],[119.902,11.769],[119.921,11.667],[119.953,11.636],[119.983,11.616],[119.998,11.651],[120.037,11.65],[120.064,11.676],[120.089,11.701],[120.127,11.713],[120.098,11.679],[120.094,11.644],[120.116,11.637],[120.152,11.666],[120.168,11.709],[120.197,11.736],[120.236,11.765],[120.215,11.781],[120.188,11.797],[120.157,11.822],[120.114,11.861],[120.082,11.892],[120.092,11.931],[120.145,11.943],[120.182,11.935],[120.206,11.882],[120.241,11.803],[120.271,11.796],[120.282,11.822],[120.326,11.824],[120.329,11.851],[120.302,11.858],[120.277,11.843],[120.271,11.87],[120.287,11.905],[120.287,11.951],[120.329,11.956],[120.35,11.996],[120.372,12.035],[120.359,12.08],[120.328,12.112],[120.295,12.152],[120.263,12.199],[120.226,12.234],[120.19,12.234],[120.184,12.188],[120.133,12.213],[120.103,12.25],[120.056,12.251],[120.008,12.272],[119.954,12.289],[119.953,12.319],[119.965,12.351],[119.946,12.361],[119.91,12.376],[119.891,12.38]]]}},{"type":"Feature","geometry":{"type":"Polygon","coordinates":[[[121.947,15.08],[121.884,15.055],[121.838,15.056],[121.797,15.016],[121.783,14.939],[121.801,14.912],[121.834,14.9],[121.853,14.829],[121.903,14.774],[121.889,14.742],[121.885,14.677],[121.897,14.619],[121.948,14.61],[122.009,14.645],[122.046,14.698],[122.048,14.75],[122.047,14.793],[122.061,14.821],[122.087,14.801],[122.146,14.762],[122.22,14.727],[122.256,14.708],[122.274,14.736],[122.283,14.784],[122.276,14.823],[122.238,14.848],[122.217,14.874],[122.179,14.886],[122.2,14.929],[122.169,14.949],[122.147,14.967],[122.124,14.938],[122.101,14.909],[122.086,14.88],[122.058,14.896],[122.077,14.946],[122.075,14.989],[122.053,15.023],[122.007,15.063],[121.947,15.08]]]}},{"type":"Feature","geometry":{"type":"Polygon","coordinates":[[[123.97,13.313],[123.957,13.31],[123.953,13.301],[123.942,13.297],[123.922,13.295],[123.915,13.302],[123.906,13.294],[123.906,13.284],[123.909,13.271],[123.916,13.255],[123.934,13.235],[123.959,13.226],[123.983,13.223],[124.012,13.212],[124.044,13.211],[124.06,13.199],[124.095,13.184],[124.132,13.176],[124.156,13.168],[124.201,13.166],[124.22,13.166],[124.228,13.184],[124.216,13.21],[124.189,13.226],[124.153,13.239],[124.123,13.239],[124.111,13.23],[124.064,13.214],[124.073,13.227],[124.088,13.247],[124.107,13.257],[124.103,13.271],[124.078,13.277],[124.05,13.286],[124.029,13.287],[124.007,13.297],[123.991,13.295],[123.97,13.313]]]}},{"type":"Feature","geometry":{"type":"Polygon","coordinates":[[[126.074,10.068],[126.034,10.052],[126.026,10.012],[125.998,9.99],[125.987,9.965],[125.956,9.963],[125.945,9.94],[125.918,9.904],[125.896,9.929],[125.883,9.899],[125.91,9.874],[125.934,9.859],[125.949,9.829],[125.991,9.786],[126.015,9.737],[125.972,9.746],[125.929,9.769],[125.906,9.735],[125.907,9.694],[125.901,9.654],[125.883,9.611],[125.894,9.59],[125.922,9.557],[125.964,9.56],[125.971,9.609],[125.996,9.647],[126.012,9.677],[126.052,9.699],[126.091,9.686],[126.078,9.708],[126.059,9.737],[126.089,9.741],[126.131,9.75],[126.17,9.777],[126.175,9.813],[126.146,9.847],[126.128,9.876],[126.122,9.912],[126.094,10.004],[126.074,10.068],[126.074,10.068]]]}},{"type":"Feature","geometry":{"type":"Polygon","coordinates":[[[120.041,13.917],[120.015,13.911],[119.997,13.887],[120.042,13.859],[120.07,13.831],[120.076,13.795],[120.104,13.766],[120.174,13.729],[120.186,13.71],[120.229,13.695],[120.262,13.665],[120.303,13.666],[120.388,13.626],[120.432,13.613],[120.435,13.646],[120.406,13.666],[120.363,13.683],[120.314,13.701],[120.28,13.725],[120.299,13.73],[120.292,13.763],[120.335,13.775],[120.348,13.795],[120.34,13.818],[120.347,13.843],[120.354,13.871],[120.34,13.879],[120.318,13.845],[120.281,13.845],[120.266,13.834],[120.247,13.823],[120.232,13.833],[120.182,13.842],[120.177,13.861],[120.14,13.874],[120.081,13.882],[120.041,13.917]]]}},{"type":"Feature","geometry":{"type":"Polygon","coordinates":[[[121.976,6.765],[121.932,6.726],[121.928,6.686],[121.895,6.676],[121.89,6.696],[121.858,6.686],[121.812,6.676],[121.783,6.619],[121.814,6.581],[121.855,6.57],[121.857,6.527],[121.843,6.553],[121.813,6.553],[121.789,6.578],[121.777,6.602],[121.752,6.616],[121.762,6.6],[121.782,6.576],[121.779,6.539],[121.751,6.583],[121.742,6.544],[121.781,6.511],[121.798,6.541],[121.827,6.529],[121.851,6.517],[121.886,6.472],[121.932,6.422],[121.996,6.4],[122.042,6.386],[122.081,6.42],[122.189,6.45],[122.239,6.442],[122.226,6.474],[122.206,6.529],[122.251,6.583],[122.325,6.597],[122.321,6.653],[122.244,6.671],[122.149,6.684],[122.098,6.726],[122.04,6.757],[121.994,6.759],[121.976,6.765]]]}},{"type":"Feature","geometry":{"type":"Polygon","coordinates":[[[121.049,6.102],[121.005,6.093],[120.999,6.065],[120.971,6.054],[120.931,6.041],[120.9,6.021],[120.88,5.99],[120.865,5.956],[120.874,5.917],[120.902,5.91],[120.921,5.884],[120.946,5.888],[120.979,5.901],[121.01,5.911],[121.029,5.915],[121.056,5.881],[121.076,5.872],[121.086,5.88],[121.102,5.891],[121.134,5.9],[121.157,5.919],[121.179,5.928],[121.194,5.947],[121.216,5.932],[121.233,5.926],[121.228,5.911],[121.229,5.894],[121.244,5.881],[121.261,5.867],[121.26,5.852],[121.279,5.847],[121.303,5.859],[121.315,5.881],[121.336,5.893],[121.356,5.904],[121.378,5.897],[121.398,5.902],[121.396,5.915],[121.393,5.934],[121.422,5.941],[121.433,5.962],[121.428,5.986],[121.425,6.005],[121.441,6.022],[121.444,6.043],[121.457,6.046],[121.467,6.067],[121.461,6.082],[121.44,6.083],[121.427,6.059],[121.402,6.064],[121.382,6.048],[121.365,6.03],[121.353,6.021],[121.334,6.02],[121.333,6.036],[121.32,6.043],[121.3,6.027],[121.28,6.024],[121.24,6.019],[121.216,6.005],[121.2,6.009],[121.189,6.034],[121.174,6.062],[121.182,6.07],[121.183,6.085],[121.135,6.091],[121.117,6.098],[121.049,6.102]]]}},{"type":"Feature","geometry":{"type":"Polygon","coordinates":[[[119.404,4.928],[119.376,4.927],[119.384,4.879],[119.417,4.813],[119.371,4.728],[119.357,4.611],[119.394,4.597],[119.416,4.646],[119.456,4.615],[119.479,4.642],[119.516,4.704],[119.513,4.8],[119.483,4.891],[119.454,4.925],[119.424,4.91],[119.404,4.928]]]}},{"type":"Feature","geometry":{"type":"Polygon","coordinates":[[[120.412,5.416],[120.322,5.396],[120.185,5.362],[120.009,5.254],[119.924,5.255],[119.887,5.187],[119.784,5.133],[119.718,5.012],[119.792,5.002],[119.92,5.057],[120.026,5.129],[120.133,5.143],[120.23,5.111],[120.278,5.122],[120.233,5.061],[120.178,5.025],[120.108,5.046],[120.096,5.014],[120.033,4.979],[120.002,5.024],[119.979,5.002],[119.931,4.917],[119.859,4.905],[119.864,4.957],[119.816,4.946],[119.777,4.862],[119.84,4.768],[119.869,4.835],[119.94,4.883],[120.116,4.995],[120.215,5.007],[120.322,5.075],[120.37,5.177],[120.417,5.239],[120.396,5.273],[120.34,5.269],[120.285,5.318],[120.331,5.363],[120.423,5.401],[120.412,5.416]]]}},{"type":"Feature","geometry":{"type":"Polygon","coordinates":[[[117.029,8.133],[117.003,8.119],[116.981,8.087],[117.003,8.088],[116.997,8.062],[116.984,8.029],[116.974,8.052],[116.957,8.039],[116.957,8.024],[116.953,8.015],[116.948,8],[116.958,7.991],[116.967,7.965],[116.958,7.954],[116.949,7.941],[116.939,7.938],[116.927,7.939],[116.933,7.919],[116.944,7.911],[116.955,7.905],[116.972,7.875],[116.985,7.846],[116.99,7.837],[116.992,7.818],[117.005,7.805],[117.026,7.803],[117.033,7.811],[117.049,7.828],[117.068,7.848],[117.083,7.873],[117.07,7.889],[117.086,7.897],[117.09,7.915],[117.09,7.946],[117.085,7.955],[117.077,7.995],[117.079,8.002],[117.081,8.018],[117.083,8.05],[117.073,8.08],[117.082,8.085],[117.073,8.093],[117.062,8.092],[117.053,8.114],[117.043,8.129],[117.029,8.133]]]}},{"type":"Feature","geometry":{"type":"Polygon","coordinates":[[[18.342,54.854],[14.492,53.97],[14.284,53.683],[14.387,53.143],[14.551,52.433],[14.722,51.951],[14.966,51.416],[14.903,50.877],[14.985,51.012],[15.191,50.982],[15.373,50.78],[15.723,50.739],[15.936,50.687],[16.055,50.61],[16.222,50.645],[16.38,50.636],[16.356,50.499],[16.224,50.461],[16.281,50.367],[16.536,50.238],[16.758,50.135],[16.956,50.222],[16.914,50.363],[17.086,50.405],[17.325,50.327],[17.451,50.253],[17.767,50.234],[17.731,50.096],[18.013,50.009],[18.217,49.971],[18.601,49.865],[18.826,49.599],[18.97,49.477],[19.101,49.411],[19.228,49.466],[19.363,49.536],[19.468,49.596],[19.581,49.455],[19.747,49.408],[19.768,49.235],[20.101,49.249],[20.315,49.344],[20.509,49.393],[20.804,49.364],[21.044,49.365],[21.274,49.46],[21.653,49.429],[21.874,49.374],[22.19,49.175],[22.582,49.097],[22.892,49.008],[22.698,49.475],[24.09,50.651],[23.971,50.949],[23.682,51.291],[23.618,51.507],[23.6,51.771],[23.67,51.981],[23.493,52.165],[23.207,52.26],[23.926,52.831],[23.851,53.227],[23.481,53.999],[23.475,54.163],[23.234,54.261],[22.888,54.401],[19.561,54.451],[18.512,54.807],[18.342,54.854]]]}},{"type":"Feature","geometry":{"type":"Polygon","coordinates":[[[-8.2,42.156],[-8.296,42.106],[-8.428,42.072],[-8.601,42.057],[-8.779,41.921],[-8.829,41.605],[-8.679,41.102],[-8.91,40.236],[-9.101,39.616],[-9.413,39.368],[-9.444,38.986],[-9.399,38.684],[-9.201,38.487],[-8.965,38.458],[-8.87,38.007],[-8.823,37.746],[-8.892,37.318],[-9.013,37.021],[-8.785,37.056],[-8.462,37.081],[-8.164,37.075],[-7.609,37.114],[-7.424,37.265],[-7.469,37.464],[-7.506,37.575],[-7.403,37.765],[-7.239,37.992],[-7.078,38.031],[-6.964,38.168],[-7.009,38.195],[-7.175,38.286],[-7.32,38.473],[-7.259,38.728],[-7.063,38.851],[-7.097,39.1],[-7.307,39.34],[-7.472,39.573],[-7.203,39.659],[-6.985,39.8],[-6.901,39.924],[-6.894,40.056],[-7.016,40.174],[-6.927,40.255],[-6.788,40.353],[-6.817,40.494],[-6.798,40.663],[-6.802,40.846],[-6.919,41.036],[-6.691,41.206],[-6.518,41.273],[-6.424,41.332],[-6.317,41.39],[-6.218,41.536],[-6.394,41.679],[-6.54,41.699],[-6.588,41.968],[-6.809,41.995],[-7.013,41.951],[-7.186,41.958],[-7.359,41.85],[-7.49,41.87],[-7.583,41.879],[-7.825,41.882],[-7.883,41.925],[-8.013,41.833],[-8.171,41.878],[-8.124,42.003],[-8.138,42.077],[-8.2,42.156],[-8.2,42.156]]]}},{"type":"Feature","geometry":{"type":"Polygon","coordinates":[[[-17.165,32.877],[-17.2,32.877],[-17.221,32.861],[-17.255,32.84],[-17.273,32.812],[-17.261,32.795],[-17.251,32.772],[-17.231,32.745],[-17.204,32.723],[-17.165,32.704],[-17.106,32.674],[-17.075,32.666],[-17.023,32.646],[-16.98,32.639],[-16.944,32.627],[-16.902,32.637],[-16.846,32.63],[-16.818,32.638],[-16.799,32.656],[-16.786,32.678],[-16.77,32.685],[-16.748,32.713],[-16.729,32.731],[-16.693,32.733],[-16.662,32.722],[-16.646,32.725],[-16.646,32.732],[-16.688,32.759],[-16.703,32.76],[-16.736,32.76],[-16.773,32.767],[-16.817,32.781],[-16.843,32.81],[-16.874,32.83],[-16.9,32.844],[-16.963,32.834],[-16.988,32.837],[-17.003,32.83],[-17.054,32.819],[-17.091,32.829],[-17.131,32.849],[-17.165,32.877]]]}},{"type":"Feature","geometry":{"type":"Polygon","coordinates":[[[-25.755,37.929],[-25.826,37.918],[-25.884,37.888],[-25.876,37.827],[-25.801,37.76],[-25.705,37.706],[-25.634,37.725],[-25.535,37.688],[-25.414,37.671],[-25.329,37.693],[-25.214,37.714],[-25.137,37.734],[-25.098,37.788],[-25.126,37.862],[-25.203,37.875],[-25.312,37.884],[-25.376,37.864],[-25.464,37.871],[-25.557,37.84],[-25.65,37.866],[-25.755,37.929]]]}},{"type":"Feature","geometry":{"type":"Polygon","coordinates":[[[-27.232,38.809],[-27.283,38.809],[-27.336,38.795],[-27.378,38.784],[-27.388,38.758],[-27.383,38.705],[-27.335,38.663],[-27.29,38.644],[-27.256,38.646],[-27.236,38.635],[-27.21,38.638],[-27.177,38.644],[-27.164,38.628],[-27.138,38.623],[-27.124,38.635],[-27.076,38.634],[-27.06,38.646],[-27.057,38.666],[-27.032,38.68],[-27.035,38.712],[-27.035,38.741],[-27.049,38.762],[-27.075,38.786],[-27.11,38.795],[-27.169,38.805],[-27.232,38.809]]]}},{"type":"Feature","geometry":{"type":"Polygon","coordinates":[[[-28.449,38.571],[-28.493,38.565],[-28.533,38.556],[-28.559,38.544],[-28.551,38.532],[-28.556,38.499],[-28.547,38.469],[-28.521,38.446],[-28.472,38.418],[-28.439,38.412],[-28.411,38.417],[-28.358,38.402],[-28.307,38.404],[-28.273,38.4],[-28.26,38.381],[-28.238,38.376],[-28.197,38.384],[-28.167,38.399],[-28.065,38.394],[-28.019,38.405],[-28.017,38.422],[-28.03,38.441],[-28.052,38.449],[-28.104,38.45],[-28.165,38.465],[-28.187,38.477],[-28.22,38.495],[-28.248,38.513],[-28.286,38.519],[-28.304,38.532],[-28.357,38.557],[-28.417,38.57],[-28.449,38.571]]]}},{"type":"Feature","geometry":{"type":"Polygon","coordinates":[[[-28.328,38.762],[-28.29,38.717],[-28.242,38.696],[-28.233,38.681],[-28.187,38.653],[-28.08,38.617],[-28.02,38.591],[-27.966,38.585],[-27.846,38.528],[-27.818,38.526],[-27.77,38.53],[-27.736,38.541],[-27.732,38.556],[-27.758,38.565],[-27.807,38.586],[-27.853,38.607],[-27.971,38.657],[-28.017,38.68],[-28.069,38.696],[-28.157,38.717],[-28.232,38.746],[-28.328,38.762]]]}},{"type":"Feature","geometry":{"type":"Polygon","coordinates":[[[51.216,26.189],[51.185,26.157],[51.151,26.096],[51.069,26.064],[51.025,26.015],[50.984,25.993],[50.956,25.87],[50.928,25.815],[50.909,25.737],[50.893,25.646],[50.9,25.55],[50.885,25.594],[50.851,25.663],[50.804,25.625],[50.813,25.577],[50.766,25.533],[50.74,25.453],[50.751,25.213],[50.784,25.087],[50.783,24.984],[50.854,24.886],[50.865,24.797],[50.812,24.746],[51.097,24.47],[51.301,24.507],[51.378,24.577],[51.45,24.682],[51.498,24.805],[51.606,24.952],[51.665,25.022],[51.634,25.076],[51.62,25.225],[51.602,25.314],[51.592,25.366],[51.571,25.418],[51.547,25.462],[51.491,25.509],[51.505,25.593],[51.58,25.664],[51.594,25.745],[51.596,25.816],[51.667,25.894],[51.61,25.95],[51.501,25.965],[51.407,25.995],[51.371,26.073],[51.273,26.17],[51.216,26.189]]]}},{"type":"Feature","geometry":{"type":"Polygon","coordinates":[[[26.697,48.264],[26.551,48.224],[26.349,48.191],[25.906,47.966],[25.264,47.893],[24.99,47.727],[24.572,47.972],[24.062,47.953],[23.449,47.983],[23.107,48.055],[22.938,47.994],[22.681,47.785],[22.094,47.559],[21.859,47.217],[21.599,46.93],[21.326,46.631],[21.068,46.248],[20.539,46.182],[20.263,46.119],[20.447,45.971],[20.77,45.613],[21.173,45.326],[21.364,45.023],[21.61,44.685],[22.424,44.712],[22.591,44.295],[23.056,43.796],[24.48,43.75],[25.675,43.694],[26.903,44.133],[27.676,44.029],[28.661,44.061],[29.447,44.78],[29.652,45.337],[28.843,45.314],[28.272,45.451],[28.135,45.571],[28.161,45.727],[28.124,45.922],[28.093,46.07],[28.137,46.194],[28.15,46.291],[28.201,46.362],[28.256,46.434],[28.215,46.503],[28.232,46.585],[28.215,46.683],[28.182,46.756],[28.13,46.813],[28.118,46.878],[28.107,46.928],[28.068,46.994],[27.985,47.035],[27.889,47.09],[27.822,47.136],[27.785,47.212],[27.729,47.295],[27.628,47.311],[27.599,47.361],[27.57,47.426],[27.508,47.485],[27.421,47.564],[27.273,47.691],[27.284,47.755],[27.231,47.845],[27.128,48.015],[26.977,48.164],[26.724,48.248],[26.697,48.264]]]}},{"type":"Feature","geometry":{"type":"Polygon","coordinates":[[[104.244,77.749],[113.665,75.221],[119.52,73.182],[129.661,71.731],[140.647,72.908],[173.106,69.893],[-179.643,65.879],[164.877,59.751],[159.892,53.097],[155.923,56.692],[163.941,62.564],[159.854,61.673],[151.625,58.821],[142.303,59.117],[137.532,54.548],[140.869,51.355],[132.512,42.773],[131.163,43.071],[134.121,47.079],[129.922,49.04],[126.392,52.277],[121.306,53.298],[119.485,50.856],[109.059,49.323],[102.222,50.95],[98.226,50.228],[92.755,50.779],[88.596,49.505],[84.164,50.562],[76.827,54.222],[72.131,54.3],[68.923,55.318],[62.218,54.034],[60.842,52.525],[57.187,51.11],[53.619,51.334],[51.305,51.642],[48.454,49.834],[48.521,47.413],[47.438,45.45],[48.597,41.849],[46.13,42.004],[44.25,42.682],[41.506,43.281],[40.767,43.513],[40.01,43.424],[38.179,46.148],[38.849,47.864],[39.783,48.915],[36.315,50.289],[34.096,52.107],[31.549,52.516],[31.801,53.126],[30.754,54.815],[28.151,56.17],[27.815,57.865],[28.817,60.283],[30.847,63.367],[29.413,69.318],[40.897,66.605],[43.319,66.443],[57.184,68.645],[68.362,68.284],[71.576,66.368],[75.465,71.401],[83.386,71.725],[85.836,74.325],[86.545,74.986],[92.867,76.005],[98.882,76.415],[104.244,77.749]]]}},{"type":"Feature","geometry":{"type":"Polygon","coordinates":[[[35.994,65.2],[35.924,65.187],[35.921,65.176],[35.918,65.139],[35.962,65.134],[36.035,65.121],[36.09,65.122],[36.126,65.133],[36.199,65.132],[36.284,65.153],[36.277,65.17],[36.146,65.166],[36.086,65.163],[36.034,65.185],[35.994,65.2]]]}},{"type":"Feature","geometry":{"type":"Polygon","coordinates":[[[35.771,65.183],[35.659,65.178],[35.63,65.17],[35.585,65.162],[35.508,65.147],[35.48,65.099],[35.553,65.04],[35.616,65.022],[35.668,65.024],[35.688,65.001],[35.648,64.997],[35.656,64.983],[35.619,64.965],[35.625,64.948],[35.655,64.948],[35.7,64.954],[35.748,64.946],[35.811,64.963],[35.894,64.989],[35.885,65.006],[35.979,65.004],[36.03,65.011],[36.042,65.041],[36.001,65.06],[35.936,65.06],[35.873,65.057],[35.879,65.073],[35.853,65.088],[35.872,65.095],[35.855,65.127],[35.833,65.162],[35.771,65.183]]]}},{"type":"Feature","geometry":{"type":"Polygon","coordinates":[[[49.076,69.529],[48.68,69.475],[48.29,69.307],[48.159,68.974],[48.214,68.748],[48.527,68.683],[49.241,68.631],[49.614,68.659],[49.68,68.702],[49.477,68.71],[49.367,68.685],[48.994,68.706],[49.438,68.752],[49.675,68.816],[50.037,68.897],[50.251,68.992],[50.361,69.131],[50.24,69.25],[49.894,69.344],[49.345,69.508],[49.076,69.529]]]}},{"type":"Feature","geometry":{"type":"Polygon","coordinates":[[[67.692,77.025],[66.209,76.802],[65.605,76.581],[64.122,76.334],[62.529,76.266],[60.864,76.249],[59.881,76.142],[59.458,75.971],[58.453,75.795],[57.448,75.471],[56.618,75.273],[55.8,75.187],[56.074,74.876],[55.69,74.688],[55.036,74.191],[53.542,73.783],[53.926,73.369],[52.839,72.924],[52.361,72.302],[51.432,71.577],[52.328,71.181],[53.273,70.96],[53.284,70.812],[55.426,70.563],[57.167,70.437],[57.448,70.828],[55.657,71.855],[55.684,72.424],[55.904,72.754],[56.316,72.974],[56.574,73.183],[56.917,73.28],[57.266,73.536],[57.577,73.722],[57.969,73.839],[57.912,73.924],[58.137,73.954],[58.384,74.07],[58.76,74.196],[58.848,74.347],[58.997,74.407],[59.381,74.381],[59.395,74.493],[59.31,74.615],[59.587,74.554],[59.859,74.693],[60.263,74.823],[60.386,74.952],[60.68,74.999],[61.054,75.153],[61.334,75.202],[61.727,75.287],[61.966,75.38],[62.177,75.417],[63.237,75.55],[63.68,75.618],[64.589,75.722],[65.695,75.897],[66.687,76.015],[68.335,76.239],[68.494,76.351],[68.994,76.532],[69.063,76.685],[68.799,76.845],[68.615,76.949],[68.406,76.963],[68.025,77.01],[67.692,77.025]]]}},{"type":"Feature","geometry":{"type":"Polygon","coordinates":[[[59.478,76.051],[59.452,76.051],[59.42,76.045],[59.372,76.029],[59.357,76.021],[59.369,76.014],[59.406,76.017],[59.458,76.017],[59.488,76.027],[59.516,76.025],[59.505,76.019],[59.506,76.014],[59.581,76.017],[59.634,76.017],[59.723,76.037],[59.744,76.045],[59.707,76.044],[59.678,76.047],[59.62,76.042],[59.534,76.031],[59.529,76.04],[59.509,76.048],[59.478,76.051]]]}},{"type":"Feature","geometry":{"type":"Polygon","coordinates":[[[70.843,73.492],[70.351,73.456],[69.955,73.387],[69.969,73.329],[69.986,73.193],[69.898,73.072],[69.922,72.999],[70.01,72.988],[70.145,72.993],[70.211,73.009],[70.343,73],[70.475,73.004],[70.615,73.044],[70.922,73.089],[71.112,73.083],[71.304,73.106],[71.373,73.145],[71.444,73.142],[71.507,73.113],[71.603,73.083],[71.579,73.062],[71.705,73.026],[71.776,73.022],[71.76,73.093],[71.683,73.111],[71.738,73.151],[71.603,73.282],[71.403,73.358],[71.282,73.425],[70.843,73.492]]]}},{"type":"Feature","geometry":{"type":"Polygon","coordinates":[[[76.064,73.544],[75.619,73.532],[75.372,73.464],[75.317,73.384],[75.328,73.369],[75.443,73.356],[75.471,73.414],[75.674,73.406],[75.976,73.428],[75.965,73.463],[76.344,73.46],[76.679,73.388],[76.816,73.372],[76.805,73.43],[76.525,73.488],[76.064,73.544]]]}},{"type":"Feature","geometry":{"type":"Polygon","coordinates":[[[76.108,73.217],[76.042,73.184],[75.97,73.198],[75.899,73.158],[75.948,73.123],[76.042,73.15],[76.141,73.122],[76.547,73.101],[76.778,73.112],[76.761,73.165],[76.564,73.189],[76.108,73.217]]]}},{"type":"Feature","geometry":{"type":"Polygon","coordinates":[[[79.165,73.091],[79.099,73.087],[78.92,72.993],[78.58,72.868],[78.571,72.809],[78.648,72.771],[78.783,72.76],[78.843,72.728],[78.989,72.715],[79.211,72.712],[79.387,72.689],[79.461,72.701],[79.555,72.706],[79.599,72.74],[79.579,72.798],[79.552,72.834],[79.56,72.911],[79.431,73.011],[79.253,73.076],[79.239,73.089],[79.165,73.091]]]}},{"type":"Feature","geometry":{"type":"Polygon","coordinates":[[[95.647,81.281],[94.999,81.156],[93.823,81.067],[93.521,81.025],[92.406,80.705],[92.532,80.499],[91.769,80.397],[91.368,80.247],[92.054,80.147],[94.092,79.95],[93.691,79.674],[92.906,79.533],[92,79.436],[90.434,79.564],[91.302,79.448],[93.027,79.375],[94.268,79.442],[94.609,79.095],[95.526,79.003],[96.982,78.894],[98.058,78.769],[98.641,78.715],[99.564,78.795],[99.789,79.123],[99.684,79.222],[99.857,79.376],[99.899,79.577],[100.162,79.581],[100.316,79.646],[100.286,79.686],[100.085,79.716],[100.143,79.808],[99.687,79.962],[99.24,80.057],[98.83,80.048],[98.523,80.048],[98.407,79.916],[98.053,79.844],[97.852,79.879],[97.998,79.968],[98.124,80.052],[97.976,80.109],[97.622,80.173],[96.974,80.143],[96.891,80.143],[96.581,80.116],[96.163,80.114],[96.111,80.162],[95.699,80.114],[95.164,80.074],[94.859,80.083],[94.502,80.006],[94.834,80.111],[96.196,80.205],[97.254,80.219],[97.377,80.231],[97.567,80.285],[97.298,80.363],[97.391,80.454],[97.388,80.54],[97.284,80.596],[97.682,80.624],[98.168,80.682],[97.938,80.767],[97.048,80.903],[96.743,81.006],[96.389,81.114],[96.139,81.201],[95.647,81.281],[95.647,81.281]]]}},{"type":"Feature","geometry":{"type":"Polygon","coordinates":[[[92.01,80.088],[91.511,80.075],[91.398,80.064],[90.972,80.075],[90.937,80.066],[90.95,80.045],[91.156,80.031],[91.222,79.999],[91.151,79.977],[91.049,79.955],[91.222,79.925],[91.277,79.902],[91.11,79.891],[91.057,79.866],[91.137,79.83],[91.502,79.799],[91.725,79.797],[92.085,79.788],[92.206,79.778],[92.249,79.755],[92.123,79.756],[91.969,79.738],[91.936,79.747],[91.755,79.738],[91.354,79.751],[91.11,79.748],[91.184,79.687],[91.436,79.659],[91.645,79.632],[91.777,79.625],[92.093,79.665],[92.274,79.657],[92.664,79.657],[92.845,79.675],[93.17,79.696],[93.345,79.747],[93.425,79.753],[93.601,79.798],[93.766,79.819],[93.961,79.907],[93.903,79.929],[93.727,79.947],[93.513,79.988],[93.194,80.025],[92.977,80.043],[92.766,80.059],[92.628,80.053],[92.387,80.051],[92.126,80.06],[92.107,80.078],[92.01,80.088]]]}},{"type":"Feature","geometry":{"type":"Polygon","coordinates":[[[102.437,79.443],[102.118,79.388],[101.92,79.383],[101.541,79.339],[101.234,79.231],[100.915,79.031],[100.745,78.833],[100.234,78.68],[100.096,78.508],[99.943,78.408],[99.844,78.305],[99.322,78.008],[99.514,77.9],[100.069,77.925],[101.113,78.096],[101.717,78.155],[102.316,78.166],[102.7,78.119],[103.184,78.15],[103.799,78.21],[104.683,78.295],[105.09,78.325],[105.54,78.569],[105.337,78.815],[105.062,78.892],[104.848,78.877],[104.661,78.922],[104.453,79.01],[104.48,79.062],[104.172,79.057],[104.161,79.15],[103.925,79.193],[103.716,79.221],[103.381,79.24],[103.266,79.167],[103.2,79.072],[102.854,79.053],[102.964,79.172],[103.282,79.275],[103.129,79.34],[102.843,79.407],[102.437,79.443],[102.437,79.443]]]}},{"type":"Feature","geometry":{"type":"Polygon","coordinates":[[[112.104,74.576],[111.907,74.564],[111.863,74.47],[111.962,74.408],[111.896,74.368],[111.709,74.393],[111.451,74.371],[111.434,74.291],[111.594,74.234],[111.852,74.205],[112.022,74.14],[112.478,74.09],[112.852,74.059],[113.011,74.154],[113.231,74.17],[113.566,74.364],[113.516,74.455],[113.176,74.527],[112.654,74.529],[112.104,74.576]]]}},{"type":"Feature","geometry":{"type":"Polygon","coordinates":[[[139.048,76.223],[138.406,76.165],[138.038,76.057],[137.554,76.003],[137.422,75.857],[137.164,75.778],[137.142,75.656],[136.939,75.581],[137.049,75.443],[136.879,75.371],[137.203,75.077],[137.818,74.907],[138.647,74.693],[139.224,74.611],[139.664,74.81],[139.686,74.878],[139.686,74.928],[139.96,74.825],[139.823,74.777],[140.845,74.858],[141.784,74.922],[142.537,74.766],[143.091,74.856],[143.806,74.934],[143.712,75.036],[144.13,74.991],[144.761,75.121],[145.047,75.275],[144.937,75.396],[145.525,75.47],[144.926,75.649],[144.531,75.721],[143.959,75.852],[143.13,75.828],[142.46,75.946],[141.729,76.146],[141.339,76.194],[141.35,76.105],[141.312,76.047],[141.119,76.096],[140.883,76.101],[140.938,76.029],[140.927,75.783],[140.839,75.683],[140.559,75.733],[140.444,75.816],[139.966,75.883],[140.092,75.958],[139.477,76.068],[139.103,76.182],[139.208,76.22],[139.048,76.223]]]}},{"type":"Feature","geometry":{"type":"Polygon","coordinates":[[[146.508,75.608],[146.305,75.579],[146.261,75.467],[146.113,75.407],[146.173,75.284],[145.981,75.252],[146.272,75.156],[146.777,75.072],[147.025,74.991],[147.579,74.942],[148.074,74.763],[148.656,74.705],[149.277,74.711],[149.546,74.709],[149.936,74.767],[150.474,74.822],[150.721,74.849],[150.787,74.979],[150.952,75.086],[151.128,75.139],[150.919,75.168],[150.732,75.166],[150.557,75.128],[150.397,75.172],[150.26,75.225],[149.782,75.246],[149.431,75.289],[149.249,75.282],[148.749,75.232],[148.64,75.25],[148.634,75.326],[148.645,75.37],[148.513,75.407],[148.26,75.421],[147.936,75.423],[147.744,75.452],[147.519,75.446],[147.288,75.438],[147.244,75.403],[147.129,75.377],[146.992,75.349],[146.788,75.385],[146.733,75.448],[146.794,75.47],[146.832,75.507],[146.684,75.562],[146.508,75.608]]]}},{"type":"Feature","geometry":{"type":"Polygon","coordinates":[[[140.801,74.29],[140.389,74.279],[140.147,74.243],[140.076,74.072],[140.197,73.973],[140.444,73.886],[140.636,73.875],[140.696,73.91],[140.949,73.944],[141.169,74.003],[141.163,74.098],[141.202,74.191],[141.125,74.26],[140.801,74.29]]]}},{"type":"Feature","geometry":{"type":"Polygon","coordinates":[[[141.762,73.924],[141.317,73.86],[141.185,73.88],[140.905,73.828],[140.795,73.722],[140.724,73.601],[140.339,73.463],[139.922,73.457],[139.669,73.422],[139.702,73.348],[139.916,73.318],[140.301,73.361],[140.526,73.4],[140.872,73.392],[141.334,73.292],[142.103,73.238],[142.344,73.2],[142.696,73.198],[143.201,73.157],[143.476,73.182],[143.701,73.208],[143.547,73.268],[143.536,73.389],[143.608,73.469],[142.998,73.73],[142.548,73.848],[142.328,73.868],[142.125,73.922],[141.762,73.924]]]}},{"type":"Feature","geometry":{"type":"Polygon","coordinates":[[[135.722,75.884],[135.643,75.841],[135.684,75.824],[135.659,75.78],[135.602,75.731],[135.571,75.672],[135.596,75.586],[135.569,75.508],[135.472,75.453],[135.461,75.43],[135.461,75.381],[135.549,75.356],[135.722,75.355],[135.895,75.367],[135.923,75.38],[135.983,75.392],[136.024,75.419],[136.09,75.446],[136.013,75.465],[135.992,75.485],[136.071,75.532],[136.156,75.572],[136.239,75.609],[136.283,75.625],[136.093,75.657],[135.937,75.716],[135.912,75.737],[135.854,75.768],[135.816,75.818],[135.764,75.857],[135.769,75.881],[135.722,75.884]]]}},{"type":"Feature","geometry":{"type":"Polygon","coordinates":[[[135.445,74.258],[135.368,74.176],[135.456,74.124],[135.621,74.103],[135.681,74.039],[135.989,73.939],[136.06,73.881],[136.192,73.865],[136.362,73.903],[136.335,73.973],[136.198,74.021],[136.126,74.074],[135.654,74.227],[135.527,74.246],[135.445,74.258]]]}},{"type":"Feature","geometry":{"type":"Polygon","coordinates":[[[-179.352,71.627],[-178.594,71.613],[-178.039,71.516],[-177.77,71.373],[-177.599,71.294],[-177.451,71.278],[-177.38,71.232],[-177.424,71.136],[-177.676,71.04],[-178.088,70.979],[-178.528,70.938],[-178.989,70.9],[-179.445,70.839],[-179.709,70.832],[-179.626,70.893],[-179.918,70.942],[179.857,70.906],[179.648,70.848],[179.396,70.828],[179.171,70.834],[178.874,70.771],[178.698,70.756],[178.671,70.845],[178.55,71.004],[178.555,71.092],[178.786,71.22],[179.066,71.311],[179.302,71.366],[179.599,71.466],[179.83,71.525],[-179.78,71.6],[-179.352,71.627]]]}},{"type":"Feature","geometry":{"type":"Polygon","coordinates":[[[164.647,59.266],[164.46,59.235],[164.279,59.148],[163.998,59.086],[163.674,59.029],[163.608,58.947],[163.784,58.959],[163.641,58.822],[163.493,58.617],[163.334,58.565],[163.455,58.41],[163.542,58.436],[163.757,58.625],[164.169,58.765],[164.542,58.817],[164.729,58.865],[164.751,58.959],[164.8,59.035],[164.696,59.151],[164.647,59.266]]]}},{"type":"Feature","geometry":{"type":"Polygon","coordinates":[[[142.767,54.441],[142.46,54.326],[142.237,54.292],[142.52,54.017],[142.468,53.695],[141.825,53.468],[141.74,53.328],[141.779,52.741],[141.619,52.429],[141.597,52.241],[141.608,52.034],[141.715,51.831],[141.707,51.69],[142.108,51.258],[142.07,50.91],[142.059,50.388],[142.1,49.804],[141.998,49.183],[141.921,48.89],[141.897,48.553],[142.163,47.988],[141.908,47.593],[142.007,47.177],[141.773,46.655],[141.891,46.014],[142.136,45.959],[142.284,46.203],[142.465,46.614],[142.726,46.604],[143.042,46.568],[143.251,46.466],[143.377,46.02],[143.531,46.178],[143.619,46.318],[143.542,46.599],[143.416,46.875],[143.155,46.911],[143.001,47.346],[142.575,47.761],[142.732,48.367],[143.02,48.946],[143.135,49.201],[144.083,49.216],[144.608,48.8],[144.72,48.622],[144.734,48.754],[144.443,49.054],[144.154,49.648],[144.034,50.02],[143.545,51.286],[143.163,52.117],[143.355,52.706],[142.982,53.745],[142.767,54.441],[142.767,54.441]]]}},{"type":"Feature","geometry":{"type":"Polygon","coordinates":[[[82.178,75.521],[81.958,75.501],[81.793,75.474],[81.573,75.389],[81.563,75.259],[81.733,75.175],[82.095,75.073],[82.194,75.049],[82.211,75.153],[82.205,75.266],[82.2,75.303],[82.315,75.273],[82.419,75.323],[82.343,75.367],[82.211,75.461],[82.255,75.489],[82.37,75.494],[82.343,75.519],[82.178,75.521]]]}},{"type":"Feature","geometry":{"type":"Polygon","coordinates":[[[82.727,75.997],[82.524,75.994],[82.518,75.964],[82.381,75.983],[82.277,75.96],[82.315,75.919],[82.414,75.919],[82.551,75.904],[82.661,75.887],[82.727,75.893],[82.683,75.924],[82.87,75.93],[82.897,75.901],[83.15,75.905],[83.331,75.905],[83.348,75.952],[83.084,75.971],[82.727,75.997]]]}},{"type":"Feature","geometry":{"type":"Polygon","coordinates":[[[81.722,75.975],[81.694,75.942],[81.639,75.932],[81.628,75.908],[81.991,75.86],[82.31,75.845],[82.447,75.851],[82.392,75.884],[82.128,75.893],[81.958,75.918],[82.084,75.952],[81.722,75.975]]]}},{"type":"Feature","geometry":{"type":"Polygon","coordinates":[[[90.994,81.234],[90.95,81.223],[90.533,81.215],[90.203,81.186],[90.099,81.138],[90.19,81.089],[90.604,81.028],[91.079,81.029],[91.425,81.049],[91.544,81.083],[91.714,81.116],[91.673,81.143],[91.546,81.19],[91.354,81.209],[91.167,81.231],[90.994,81.234]]]}},{"type":"Feature","geometry":{"type":"Polygon","coordinates":[[[79.574,80.917],[79.299,80.901],[78.942,80.872],[78.695,80.817],[78.75,80.76],[79.118,80.732],[79.816,80.736],[80.063,80.768],[80.25,80.835],[80.14,80.869],[79.728,80.889],[79.574,80.917]]]}},{"type":"Feature","geometry":{"type":"Polygon","coordinates":[[[107.531,78.191],[107.394,78.177],[107.284,78.162],[107.218,78.164],[107.108,78.168],[107.021,78.165],[106.938,78.176],[106.88,78.172],[106.751,78.154],[106.666,78.154],[106.609,78.162],[106.521,78.147],[106.463,78.13],[106.551,78.108],[106.743,78.086],[106.999,78.076],[107.232,78.065],[107.402,78.059],[107.444,78.047],[107.435,78.031],[107.617,78.041],[107.754,78.079],[107.814,78.128],[107.773,78.163],[107.677,78.176],[107.531,78.191]]]}},{"type":"Feature","geometry":{"type":"Polygon","coordinates":[[[106.65,78.384],[106.581,78.379],[106.54,78.367],[106.559,78.353],[106.526,78.334],[106.419,78.3],[106.414,78.27],[106.408,78.255],[106.359,78.259],[106.23,78.258],[106.122,78.251],[106.098,78.232],[106.076,78.208],[106.161,78.186],[106.271,78.174],[106.381,78.177],[106.438,78.195],[106.54,78.207],[106.672,78.23],[106.68,78.24],[106.642,78.249],[106.674,78.254],[106.729,78.248],[106.773,78.239],[106.867,78.249],[106.883,78.278],[106.861,78.317],[106.771,78.33],[106.738,78.324],[106.713,78.332],[106.647,78.334],[106.696,78.343],[106.702,78.353],[106.683,78.372],[106.65,78.384]]]}},{"type":"Feature","geometry":{"type":"Polygon","coordinates":[[[107.636,77.362],[107.586,77.356],[107.584,77.339],[107.63,77.331],[107.611,77.318],[107.584,77.327],[107.504,77.34],[107.413,77.348],[107.367,77.34],[107.339,77.313],[107.295,77.306],[107.271,77.279],[107.265,77.261],[107.358,77.268],[107.378,77.258],[107.424,77.258],[107.375,77.247],[107.334,77.248],[107.32,77.236],[107.238,77.228],[107.15,77.219],[107.227,77.207],[107.334,77.205],[107.46,77.205],[107.529,77.222],[107.584,77.233],[107.702,77.245],[107.762,77.264],[107.726,77.278],[107.776,77.294],[107.784,77.313],[107.754,77.332],[107.674,77.338],[107.68,77.353],[107.636,77.362]]]}},{"type":"Feature","geometry":{"type":"Polygon","coordinates":[[[106.848,77.467],[106.768,77.465],[106.68,77.449],[106.672,77.431],[106.6,77.422],[106.57,77.402],[106.512,77.378],[106.521,77.365],[106.614,77.367],[106.696,77.359],[106.771,77.365],[106.798,77.386],[106.793,77.397],[106.842,77.403],[106.927,77.406],[106.93,77.424],[106.979,77.439],[106.974,77.458],[106.927,77.459],[106.88,77.451],[106.848,77.467]]]}},{"type":"Feature","geometry":{"type":"Polygon","coordinates":[[[96.512,77.184],[96.43,77.183],[96.248,77.144],[96.04,77.1],[95.754,77.074],[95.606,77.059],[95.4,77.018],[95.254,76.978],[95.273,76.956],[95.375,76.963],[95.507,76.973],[95.666,76.957],[95.691,76.94],[95.672,76.922],[95.663,76.906],[95.765,76.9],[95.82,76.885],[95.743,76.877],[95.658,76.858],[95.735,76.837],[95.886,76.85],[95.919,76.873],[95.963,76.878],[95.988,76.861],[96.111,76.858],[96.287,76.865],[96.411,76.881],[96.391,76.901],[96.29,76.918],[96.174,76.929],[96.106,76.916],[95.985,76.917],[96.026,76.944],[96.119,76.952],[96.122,76.969],[96.254,76.97],[96.29,76.992],[96.364,76.996],[96.389,77.017],[96.485,77.046],[96.619,77.118],[96.534,77.164],[96.512,77.184]]]}},{"type":"Feature","geometry":{"type":"Polygon","coordinates":[[[89.583,77.31],[89.423,77.308],[89.297,77.291],[89.168,77.219],[89.193,77.164],[89.264,77.139],[89.311,77.143],[89.335,77.158],[89.42,77.143],[89.599,77.162],[89.701,77.205],[89.789,77.266],[89.717,77.289],[89.583,77.31]]]}},{"type":"Feature","geometry":{"type":"Polygon","coordinates":[[[88.904,77.141],[88.789,77.13],[88.684,77.105],[88.66,77.063],[88.8,76.991],[88.973,76.968],[89.168,76.979],[89.209,76.991],[89.184,77.002],[89.124,76.993],[89.017,76.984],[88.921,76.994],[88.921,77.006],[88.89,77.029],[88.959,77.057],[88.97,77.078],[88.879,77.101],[88.967,77.111],[89.077,77.115],[89.036,77.138],[88.904,77.141]]]}},{"type":"Feature","geometry":{"type":"Polygon","coordinates":[[[82.313,77.534],[82.221,77.532],[82.207,77.528],[82.214,77.509],[82.236,77.489],[82.327,77.477],[82.518,77.472],[82.682,77.459],[82.697,77.461],[82.587,77.487],[82.554,77.504],[82.499,77.522],[82.313,77.534]]]}},{"type":"Feature","geometry":{"type":"Polygon","coordinates":[[[79.312,74.648],[79.264,74.645],[79.211,74.62],[79.188,74.582],[79.227,74.548],[79.331,74.527],[79.531,74.509],[79.579,74.508],[79.549,74.532],[79.551,74.554],[79.586,74.572],[79.655,74.567],[79.63,74.587],[79.575,74.606],[79.438,74.612],[79.35,74.624],[79.368,74.631],[79.357,74.646],[79.312,74.648]]]}},{"type":"Feature","geometry":{"type":"Polygon","coordinates":[[[82.645,74.154],[82.573,74.151],[82.452,74.129],[82.386,74.098],[82.411,74.06],[82.524,74.054],[82.667,74.04],[82.735,74.048],[82.815,74.075],[82.851,74.087],[82.82,74.101],[82.697,74.133],[82.645,74.154]]]}},{"type":"Feature","geometry":{"type":"Polygon","coordinates":[[[83.381,74.145],[83.158,74.139],[83.004,74.11],[82.919,74.078],[82.928,74.066],[83.002,74.077],[83.065,74.08],[83.208,74.057],[83.345,74.045],[83.427,74.047],[83.485,74.059],[83.452,74.069],[83.394,74.066],[83.427,74.081],[83.48,74.078],[83.606,74.06],[83.655,74.064],[83.653,74.098],[83.548,74.123],[83.381,74.145]]]}},{"type":"Feature","geometry":{"type":"Polygon","coordinates":[[[84.408,74.037],[84.279,74.035],[84.262,74.017],[84.131,74.013],[84.048,74.024],[83.941,74.037],[83.861,74.029],[83.848,74.014],[83.889,73.992],[84.026,73.985],[84.122,73.973],[84.262,73.951],[84.391,73.957],[84.413,73.977],[84.364,74.004],[84.348,74.017],[84.449,74.026],[84.408,74.037]]]}},{"type":"Feature","geometry":{"type":"Polygon","coordinates":[[[85.395,74.204],[85.357,74.197],[85.327,74.202],[85.29,74.2],[85.257,74.203],[85.233,74.199],[85.265,74.191],[85.299,74.186],[85.371,74.188],[85.357,74.177],[85.416,74.174],[85.471,74.172],[85.509,74.161],[85.541,74.16],[85.578,74.166],[85.592,74.158],[85.555,74.155],[85.526,74.148],[85.486,74.144],[85.426,74.145],[85.442,74.136],[85.456,74.125],[85.498,74.124],[85.568,74.125],[85.562,74.116],[85.599,74.117],[85.616,74.129],[85.643,74.135],[85.707,74.136],[85.763,74.141],[85.774,74.151],[85.754,74.164],[85.787,74.17],[85.774,74.179],[85.714,74.175],[85.616,74.183],[85.616,74.188],[85.577,74.191],[85.535,74.188],[85.501,74.193],[85.41,74.193],[85.395,74.204]]]}},{"type":"Feature","geometry":{"type":"Polygon","coordinates":[[[84.905,74.518],[84.893,74.516],[84.901,74.51],[84.853,74.514],[84.777,74.513],[84.738,74.508],[84.673,74.507],[84.597,74.5],[84.56,74.486],[84.49,74.475],[84.435,74.459],[84.43,74.446],[84.464,74.434],[84.518,74.427],[84.592,74.416],[84.641,74.419],[84.728,74.407],[84.809,74.402],[84.849,74.407],[84.824,74.427],[84.771,74.437],[84.749,74.448],[84.702,74.457],[84.586,74.467],[84.624,74.47],[84.714,74.472],[84.779,74.473],[84.802,74.464],[84.871,74.464],[84.9,74.47],[84.928,74.474],[84.948,74.467],[84.937,74.459],[84.938,74.447],[84.96,74.443],[84.978,74.45],[84.99,74.465],[84.975,74.48],[84.985,74.491],[85,74.501],[84.985,74.506],[84.961,74.514],[84.905,74.518]]]}},{"type":"Feature","geometry":{"type":"Polygon","coordinates":[[[85.011,74.596],[84.987,74.595],[84.948,74.592],[84.916,74.578],[84.85,74.571],[84.83,74.556],[84.797,74.54],[84.803,74.53],[84.842,74.523],[84.883,74.522],[84.894,74.529],[84.911,74.544],[84.938,74.557],[85.004,74.569],[85.115,74.567],[85.15,74.57],[85.145,74.581],[85.104,74.588],[85.055,74.585],[85.014,74.585],[85.011,74.596]]]}},{"type":"Feature","geometry":{"type":"Polygon","coordinates":[[[85.5,74.804],[85.453,74.803],[85.437,74.797],[85.408,74.793],[85.404,74.784],[85.329,74.771],[85.307,74.773],[85.213,74.767],[85.178,74.757],[85.132,74.76],[85.077,74.753],[85.095,74.742],[85.129,74.743],[85.17,74.727],[85.218,74.729],[85.298,74.729],[85.309,74.738],[85.361,74.744],[85.405,74.728],[85.43,74.717],[85.464,74.712],[85.491,74.714],[85.538,74.705],[85.562,74.704],[85.573,74.716],[85.566,74.726],[85.579,74.734],[85.621,74.739],[85.614,74.715],[85.638,74.704],[85.676,74.701],[85.719,74.717],[85.721,74.735],[85.677,74.749],[85.662,74.777],[85.638,74.795],[85.594,74.797],[85.566,74.789],[85.529,74.792],[85.527,74.802],[85.5,74.804]]]}},{"type":"Feature","geometry":{"type":"Polygon","coordinates":[[[21.388,55.295],[21.275,55.246],[21.094,55.257],[20.943,55.282],[20.75,55.149],[20.624,55.052],[20.421,54.965],[20.314,54.962],[20.234,54.979],[20.08,54.965],[20.014,54.973],[19.959,54.963],[19.896,54.889],[19.932,54.804],[19.893,54.707],[19.825,54.631],[19.718,54.535],[19.622,54.459],[20.16,54.416],[20.624,54.371],[20.838,54.361],[21.237,54.334],[21.443,54.325],[21.778,54.329],[22.275,54.341],[22.648,54.36],[22.794,54.363],[22.772,54.382],[22.739,54.444],[22.709,54.449],[22.692,54.532],[22.706,54.559],[22.695,54.59],[22.725,54.617],[22.755,54.65],[22.731,54.69],[22.744,54.72],[22.78,54.747],[22.83,54.766],[22.879,54.794],[22.874,54.832],[22.846,54.864],[22.852,54.886],[22.83,54.905],[22.802,54.903],[22.794,54.918],[22.764,54.918],[22.75,54.937],[22.733,54.952],[22.676,54.992],[22.668,54.959],[22.613,55.015],[22.591,55.071],[22.478,55.044],[22.321,55.063],[22.151,55.055],[22.137,55.03],[22.096,55.022],[22.036,55.047],[22.028,55.089],[21.959,55.072],[21.83,55.115],[21.717,55.129],[21.717,55.158],[21.574,55.199],[21.495,55.188],[21.388,55.295]]]}},{"type":"Feature","geometry":{"type":"Polygon","coordinates":[[[97.603,76.871],[97.548,76.855],[97.506,76.851],[97.462,76.863],[97.361,76.853],[97.344,76.856],[97.281,76.831],[97.322,76.817],[97.405,76.819],[97.462,76.833],[97.583,76.816],[97.597,76.8],[97.633,76.794],[97.685,76.803],[97.8,76.781],[97.833,76.768],[97.844,76.749],[97.896,76.738],[97.938,76.757],[97.968,76.791],[97.946,76.801],[97.965,76.815],[97.962,76.834],[97.872,76.832],[97.754,76.835],[97.693,76.825],[97.646,76.836],[97.646,76.858],[97.603,76.871]]]}},{"type":"Feature","geometry":{"type":"Polygon","coordinates":[[[97.597,76.784],[97.512,76.772],[97.432,76.77],[97.287,76.766],[97.213,76.762],[97.174,76.766],[97.116,76.749],[97.163,76.732],[97.251,76.727],[97.342,76.73],[97.427,76.725],[97.369,76.718],[97.369,76.706],[97.38,76.693],[97.303,76.691],[97.278,76.673],[97.336,76.659],[97.421,76.649],[97.405,76.635],[97.386,76.614],[97.333,76.612],[97.303,76.583],[97.331,76.576],[97.38,76.583],[97.509,76.583],[97.523,76.57],[97.57,76.565],[97.66,76.586],[97.649,76.6],[97.589,76.597],[97.526,76.614],[97.49,76.637],[97.559,76.636],[97.586,76.644],[97.556,76.66],[97.506,76.66],[97.484,76.669],[97.493,76.693],[97.509,76.715],[97.567,76.737],[97.616,76.723],[97.663,76.727],[97.679,76.774],[97.597,76.784]]]}},{"type":"Feature","geometry":{"type":"Polygon","coordinates":[[[96.213,76.696],[96.125,76.677],[96.136,76.666],[96.097,76.637],[96.073,76.654],[96.015,76.652],[95.88,76.642],[95.858,76.619],[95.894,76.606],[95.842,76.585],[95.864,76.574],[95.908,76.567],[95.985,76.585],[96.037,76.598],[96.031,76.585],[96.051,76.58],[96.1,76.59],[96.172,76.588],[96.158,76.574],[96.13,76.566],[96.144,76.555],[96.108,76.549],[96.07,76.559],[96.056,76.57],[96.026,76.567],[95.982,76.551],[95.966,76.537],[95.99,76.528],[96.045,76.533],[96.122,76.54],[96.163,76.53],[96.227,76.536],[96.284,76.549],[96.276,76.572],[96.292,76.587],[96.361,76.608],[96.361,76.621],[96.314,76.629],[96.331,76.64],[96.38,76.642],[96.482,76.661],[96.493,76.677],[96.438,76.691],[96.4,76.685],[96.336,76.692],[96.281,76.689],[96.213,76.696]]]}},{"type":"Feature","geometry":{"type":"Polygon","coordinates":[[[94.417,76.745],[94.417,76.715],[94.395,76.68],[94.337,76.644],[94.315,76.617],[94.449,76.601],[94.609,76.605],[94.785,76.62],[94.894,76.594],[95.078,76.606],[95.348,76.607],[95.534,76.613],[95.716,76.619],[95.834,76.636],[95.922,76.659],[96.092,76.661],[96.089,76.694],[96.064,76.716],[95.935,76.713],[95.861,76.675],[95.869,76.712],[95.765,76.73],[95.644,76.703],[95.779,76.68],[95.677,76.678],[95.669,76.646],[95.611,76.681],[95.515,76.682],[95.534,76.695],[95.485,76.709],[95.43,76.724],[95.405,76.691],[95.397,76.662],[95.35,76.647],[95.227,76.679],[95.111,76.697],[95.07,76.666],[95.004,76.667],[94.9,76.642],[94.82,76.647],[94.669,76.642],[94.526,76.627],[94.546,76.649],[94.603,76.693],[94.546,76.72],[94.417,76.745],[94.417,76.745]]]}},{"type":"Feature","geometry":{"type":"Polygon","coordinates":[[[95.114,76.457],[95.065,76.452],[95.029,76.446],[95.019,76.434],[94.991,76.422],[94.944,76.415],[94.938,76.419],[94.859,76.415],[94.809,76.408],[94.849,76.404],[94.934,76.409],[94.98,76.397],[95.01,76.399],[95.032,76.41],[95.094,76.411],[95.133,76.426],[95.12,76.432],[95.125,76.438],[95.164,76.451],[95.114,76.457]]]}},{"type":"Feature","geometry":{"type":"Polygon","coordinates":[[[93.994,76.588],[93.985,76.584],[93.972,76.586],[93.95,76.585],[93.926,76.576],[93.933,76.566],[93.959,76.556],[93.994,76.556],[94.002,76.561],[94.061,76.562],[94.096,76.556],[94.128,76.541],[94.173,76.54],[94.192,76.544],[94.217,76.549],[94.296,76.555],[94.317,76.549],[94.318,76.538],[94.354,76.533],[94.389,76.532],[94.422,76.54],[94.445,76.547],[94.437,76.551],[94.414,76.557],[94.38,76.555],[94.372,76.559],[94.347,76.563],[94.336,76.568],[94.315,76.57],[94.285,76.568],[94.268,76.57],[94.235,76.57],[94.217,76.572],[94.206,76.576],[94.153,76.574],[94.127,76.576],[94.124,76.579],[94.105,76.581],[94.074,76.579],[94.055,76.583],[94.023,76.584],[94.009,76.587],[93.994,76.588]]]}},{"type":"Feature","geometry":{"type":"Polygon","coordinates":[[[165.965,55.382],[165.902,55.342],[165.74,55.304],[165.723,55.281],[165.91,55.229],[165.907,55.204],[165.951,55.188],[166.039,55.135],[166.036,55.085],[166.113,55.008],[166.143,54.956],[166.231,54.892],[166.322,54.831],[166.446,54.799],[166.619,54.688],[166.687,54.664],[166.682,54.87],[166.591,54.933],[166.47,54.974],[166.374,55.097],[166.284,55.193],[166.284,55.265],[166.33,55.301],[166.262,55.348],[166.201,55.332],[166.078,55.36],[165.965,55.382]]]}},{"type":"Feature","geometry":{"type":"Polygon","coordinates":[[[167.43,54.892],[167.412,54.887],[167.43,54.858],[167.425,54.828],[167.511,54.772],[167.585,54.723],[167.664,54.702],[167.746,54.64],[167.79,54.636],[167.848,54.609],[167.903,54.587],[167.915,54.566],[168,54.532],[168.089,54.489],[168.118,54.488],[168.107,54.522],[168.056,54.539],[168.032,54.561],[168.015,54.585],[167.98,54.594],[167.948,54.619],[167.962,54.649],[167.933,54.665],[167.9,54.653],[167.841,54.705],[167.798,54.693],[167.774,54.712],[167.758,54.744],[167.737,54.771],[167.706,54.775],[167.69,54.79],[167.635,54.802],[167.568,54.809],[167.581,54.828],[167.547,54.842],[167.542,54.855],[167.503,54.862],[167.43,54.892]]]}},{"type":"Feature","geometry":{"type":"Polygon","coordinates":[[[156.506,50.879],[156.344,50.855],[156.253,50.806],[156.201,50.79],[156.182,50.764],[156.036,50.785],[155.91,50.735],[155.83,50.651],[155.764,50.543],[155.739,50.494],[155.632,50.403],[155.564,50.403],[155.388,50.372],[155.333,50.31],[155.185,50.316],[155.174,50.261],[155.223,50.17],[155.168,50.075],[155.204,50.025],[155.341,50.031],[155.377,49.978],[155.446,50.01],[155.487,50.096],[155.586,50.149],[155.753,50.158],[155.904,50.226],[156.036,50.363],[156.061,50.449],[156.107,50.459],[156.195,50.487],[156.187,50.548],[156.204,50.604],[156.162,50.662],[156.297,50.609],[156.399,50.613],[156.489,50.681],[156.55,50.773],[156.506,50.879]]]}},{"type":"Feature","geometry":{"type":"Polygon","coordinates":[[[154.856,49.643],[154.815,49.641],[154.782,49.606],[154.737,49.567],[154.689,49.468],[154.608,49.381],[154.595,49.337],[154.598,49.279],[154.65,49.254],[154.719,49.251],[154.759,49.265],[154.829,49.276],[154.861,49.328],[154.859,49.381],[154.825,49.413],[154.822,49.458],[154.869,49.508],[154.907,49.523],[154.914,49.594],[154.932,49.615],[154.891,49.622],[154.856,49.643]]]}},{"type":"Feature","geometry":{"type":"Polygon","coordinates":[[[152.217,47.179],[152.189,47.17],[152.151,47.128],[152.132,47.104],[152.104,47.07],[152.084,47.049],[152.061,47.027],[152.058,47.014],[152.047,46.999],[152.027,46.995],[151.995,46.985],[151.973,46.967],[151.959,46.958],[151.918,46.948],[151.905,46.926],[151.895,46.905],[151.865,46.878],[151.866,46.863],[151.837,46.857],[151.812,46.866],[151.799,46.862],[151.782,46.865],[151.742,46.86],[151.719,46.86],[151.705,46.848],[151.699,46.836],[151.716,46.826],[151.718,46.808],[151.747,46.769],[151.791,46.762],[151.819,46.768],[151.859,46.797],[151.888,46.83],[151.916,46.849],[151.951,46.858],[151.992,46.879],[152.034,46.896],[152.074,46.939],[152.1,46.972],[152.15,46.983],[152.168,47.012],[152.168,47.043],[152.182,47.057],[152.24,47.083],[152.274,47.105],[152.29,47.121],[152.299,47.142],[152.298,47.157],[152.284,47.158],[152.26,47.17],[152.242,47.17],[152.217,47.179]]]}},{"type":"Feature","geometry":{"type":"Polygon","coordinates":[[[150.634,46.246],[150.581,46.246],[150.535,46.23],[150.504,46.232],[150.465,46.223],[150.426,46.235],[150.34,46.237],[150.253,46.21],[150.198,46.183],[150.157,46.159],[150.171,46.123],[150.128,46.103],[150.061,46.106],[149.969,46.071],[149.962,46.04],[149.911,46.023],[149.849,45.961],[149.832,45.913],[149.748,45.865],[149.675,45.865],[149.616,45.827],[149.565,45.783],[149.521,45.701],[149.458,45.674],[149.429,45.652],[149.433,45.622],[149.411,45.608],[149.376,45.569],[149.409,45.561],[149.51,45.566],[149.615,45.593],[149.705,45.639],[149.819,45.726],[149.908,45.769],[149.957,45.805],[150.005,45.813],[150.095,45.862],[150.168,45.91],[150.198,45.929],[150.202,45.975],[150.27,46.026],[150.347,46.083],[150.47,46.16],[150.564,46.211],[150.629,46.235],[150.634,46.246]]]}},{"type":"Feature","geometry":{"type":"Polygon","coordinates":[[[148.751,45.569],[148.637,45.548],[148.561,45.496],[148.473,45.435],[148.374,45.336],[148.167,45.272],[148.033,45.312],[147.979,45.429],[147.898,45.444],[147.827,45.364],[147.858,45.25],[147.828,45.229],[147.713,45.19],[147.685,45.106],[147.588,45.11],[147.489,45.123],[147.511,45.087],[147.496,45.004],[147.368,44.92],[147.248,44.872],[147.217,44.807],[147.133,44.84],[147.086,44.788],[147.18,44.748],[147.132,44.672],[147.025,44.675],[146.93,44.646],[146.934,44.55],[146.839,44.463],[146.928,44.41],[147.053,44.506],[147.15,44.546],[147.281,44.594],[147.335,44.676],[147.502,44.784],[147.675,44.928],[147.641,44.958],[147.728,44.962],[147.881,44.942],[148.005,45.005],[148.203,45.151],[148.493,45.243],[148.703,45.31],[148.859,45.332],[148.861,45.453],[148.916,45.529],[148.751,45.569],[148.751,45.569]]]}},{"type":"Feature","geometry":{"type":"Polygon","coordinates":[[[146.173,44.528],[146.124,44.525],[146.065,44.494],[146.047,44.447],[145.985,44.395],[145.973,44.337],[145.931,44.302],[145.856,44.245],[145.811,44.189],[145.751,44.141],[145.727,44.102],[145.721,44.062],[145.688,44.047],[145.657,44.018],[145.598,43.993],[145.573,43.96],[145.529,43.938],[145.469,43.92],[145.425,43.864],[145.403,43.865],[145.379,43.832],[145.401,43.788],[145.408,43.728],[145.433,43.706],[145.486,43.718],[145.533,43.723],[145.518,43.692],[145.522,43.642],[145.544,43.64],[145.57,43.661],[145.577,43.728],[145.596,43.804],[145.602,43.845],[145.644,43.886],[145.677,43.889],[145.762,43.912],[145.802,43.933],[145.809,43.976],[145.833,44.011],[145.875,44.007],[145.883,44.025],[145.887,44.066],[145.934,44.122],[146.006,44.16],[146.055,44.166],[146.077,44.212],[146.11,44.248],[146.229,44.257],[146.305,44.267],[146.342,44.297],[146.376,44.313],[146.404,44.349],[146.446,44.361],[146.483,44.338],[146.54,44.362],[146.547,44.394],[146.592,44.441],[146.606,44.475],[146.555,44.458],[146.481,44.435],[146.4,44.436],[146.342,44.439],[146.262,44.462],[146.218,44.5],[146.173,44.528]]]}},{"type":"Feature","geometry":{"type":"Polygon","coordinates":[[[146.823,43.894],[146.811,43.886],[146.779,43.882],[146.762,43.88],[146.74,43.863],[146.716,43.849],[146.711,43.837],[146.681,43.835],[146.639,43.828],[146.613,43.828],[146.595,43.818],[146.578,43.808],[146.581,43.794],[146.589,43.772],[146.58,43.757],[146.577,43.742],[146.586,43.731],[146.608,43.729],[146.628,43.71],[146.63,43.697],[146.653,43.696],[146.681,43.698],[146.699,43.715],[146.718,43.727],[146.738,43.73],[146.755,43.741],[146.778,43.746],[146.791,43.739],[146.808,43.746],[146.814,43.757],[146.802,43.77],[146.81,43.776],[146.828,43.777],[146.847,43.781],[146.858,43.79],[146.857,43.798],[146.879,43.8],[146.899,43.801],[146.917,43.81],[146.92,43.822],[146.928,43.83],[146.924,43.84],[146.917,43.851],[146.901,43.854],[146.883,43.87],[146.856,43.891],[146.823,43.894]]]}},{"type":"Feature","geometry":{"type":"Polygon","coordinates":[[[137.656,55.216],[137.557,55.204],[137.486,55.146],[137.464,55.066],[137.348,55.001],[137.255,54.891],[137.2,54.758],[137.23,54.74],[137.368,54.79],[137.461,54.842],[137.497,54.82],[137.62,54.64],[137.675,54.596],[137.744,54.617],[137.812,54.669],[137.917,54.723],[137.994,54.744],[138.043,54.798],[138.035,54.886],[138.068,54.916],[138.134,54.973],[138.227,54.997],[138.252,55.041],[138.15,55.059],[138.016,55.107],[137.95,55.157],[137.845,55.152],[137.656,55.216]]]}},{"type":"Feature","geometry":{"type":"Polygon","coordinates":[[[137.17,55.128],[137.06,55.118],[137.009,55.117],[136.921,55.073],[136.875,55.047],[136.776,55.02],[136.745,54.999],[136.664,54.966],[136.652,54.934],[136.648,54.899],[136.695,54.88],[136.756,54.872],[136.798,54.884],[136.803,54.915],[136.844,54.919],[136.843,54.931],[136.87,54.929],[136.903,54.944],[136.92,54.933],[136.897,54.901],[136.921,54.893],[136.96,54.903],[137.059,54.905],[137.097,54.924],[137.112,54.954],[137.079,54.982],[137.124,55.014],[137.135,55.036],[137.187,55.086],[137.208,55.11],[137.196,55.122],[137.17,55.128]]]}},{"type":"Feature","geometry":{"type":"Polygon","coordinates":[[[150.702,59.156],[150.671,59.148],[150.662,59.115],[150.606,59.1],[150.533,59.084],[150.463,59.034],[150.423,58.995],[150.513,58.983],[150.613,58.999],[150.716,59.058],[150.8,59.082],[150.794,59.114],[150.746,59.134],[150.702,59.156]]]}},{"type":"Feature","geometry":{"type":"Polygon","coordinates":[[[55.451,68.933],[55.363,68.926],[55.312,68.909],[55.302,68.893],[55.379,68.897],[55.401,68.912],[55.46,68.9],[55.466,68.889],[55.576,68.866],[55.609,68.869],[55.572,68.889],[55.621,68.893],[55.581,68.916],[55.451,68.933]]]}},{"type":"Feature","geometry":{"type":"Polygon","coordinates":[[[86.49,75.301],[86.447,75.298],[86.394,75.295],[86.299,75.293],[86.222,75.293],[86.186,75.284],[86.189,75.275],[86.262,75.275],[86.324,75.284],[86.416,75.289],[86.478,75.29],[86.513,75.296],[86.49,75.301]]]}},{"type":"Feature","geometry":{"type":"Polygon","coordinates":[[[101.461,77.644],[101.407,77.64],[101.404,77.633],[101.349,77.628],[101.36,77.623],[101.383,77.619],[101.376,77.613],[101.397,77.601],[101.47,77.608],[101.512,77.597],[101.597,77.594],[101.673,77.596],[101.688,77.611],[101.663,77.616],[101.628,77.614],[101.533,77.615],[101.477,77.614],[101.481,77.625],[101.522,77.637],[101.489,77.642],[101.461,77.644]]]}},{"type":"Feature","geometry":{"type":"Polygon","coordinates":[[[113.103,76.473],[113.084,76.467],[113.151,76.438],[113.191,76.416],[113.13,76.384],[113.14,76.367],[113.195,76.346],[113.295,76.348],[113.395,76.342],[113.47,76.345],[113.515,76.354],[113.49,76.378],[113.406,76.407],[113.328,76.438],[113.275,76.437],[113.217,76.436],[113.161,76.467],[113.103,76.473]]]}},{"type":"Feature","geometry":{"type":"Polygon","coordinates":[[[149.505,76.765],[149.279,76.75],[149.183,76.749],[148.793,76.735],[148.664,76.697],[148.519,76.675],[148.406,76.636],[148.475,76.626],[148.725,76.63],[149.043,76.642],[149.117,76.632],[149.219,76.621],[149.318,76.649],[149.26,76.682],[149.367,76.727],[149.546,76.751],[149.505,76.765]]]}},{"type":"Feature","geometry":{"type":"Polygon","coordinates":[[[152.831,76.192],[152.654,76.185],[152.592,76.187],[152.523,76.159],[152.516,76.141],[152.606,76.112],[152.721,76.08],[152.854,76.084],[152.884,76.141],[152.843,76.161],[152.873,76.19],[152.831,76.192]]]}},{"type":"Feature","geometry":{"type":"Polygon","coordinates":[[[64.517,81.206],[64.182,81.188],[63.951,81.12],[63.962,80.997],[63.391,80.972],[62.908,80.972],[62.985,80.927],[62.633,80.88],[62.402,80.787],[62.82,80.649],[63.051,80.617],[64.347,80.676],[65.039,80.755],[65.424,80.905],[65.358,80.979],[65.413,81.02],[65.341,81.105],[65.045,81.18],[64.517,81.206]]]}},{"type":"Feature","geometry":{"type":"Polygon","coordinates":[[[61.776,80.885],[61.315,80.843],[60.425,80.806],[60.37,80.841],[60.018,80.841],[59.579,80.815],[59.282,80.692],[59.249,80.561],[59.183,80.485],[59.524,80.388],[59.733,80.375],[60.216,80.407],[60.007,80.35],[60.084,80.322],[60.359,80.333],[60.425,80.375],[60.93,80.355],[60.996,80.32],[61.512,80.353],[61.6,80.386],[61.403,80.388],[61.534,80.445],[61.567,80.49],[61.688,80.53],[62.161,80.55],[62.183,80.586],[62.15,80.624],[62.292,80.672],[62.292,80.792],[62.161,80.875],[61.776,80.885]]]}},{"type":"Feature","geometry":{"type":"Polygon","coordinates":[[[57.953,80.494],[56.931,80.467],[56.893,80.46],[57.14,80.399],[57.244,80.346],[57.239,80.313],[57.228,80.239],[57.25,80.166],[57.349,80.13],[57.909,80.083],[58.162,80.088],[58.129,80.136],[58.469,80.119],[58.535,80.211],[58.25,80.244],[58.535,80.289],[58.909,80.261],[59.041,80.285],[59.348,80.291],[59.436,80.324],[59.194,80.399],[58.722,80.463],[57.953,80.494]]]}},{"type":"Feature","geometry":{"type":"Polygon","coordinates":[[[57.019,80.356],[56.646,80.353],[56.629,80.325],[56.404,80.341],[56.096,80.335],[55.816,80.311],[55.981,80.252],[56.036,80.185],[55.794,80.127],[55.706,80.086],[56.102,80.052],[56.519,80.055],[56.53,80.031],[56.662,80.03],[56.832,80.052],[57.041,80.058],[57.118,80.087],[57.118,80.169],[57.217,80.199],[57.134,80.234],[57.211,80.292],[57.2,80.325],[57.074,80.34],[57.019,80.356]]]}},{"type":"Feature","geometry":{"type":"Polygon","coordinates":[[[55.327,80.342],[55.036,80.301],[55.069,80.275],[54.921,80.278],[54.866,80.259],[54.932,80.221],[55.146,80.205],[55.404,80.229],[55.596,80.274],[55.613,80.311],[55.475,80.337],[55.327,80.342]]]}},{"type":"Feature","geometry":{"type":"Polygon","coordinates":[[[53.05,80.4],[52.781,80.376],[52.688,80.344],[52.756,80.325],[52.729,80.31],[52.608,80.295],[52.515,80.276],[52.278,80.273],[52.141,80.253],[52.229,80.182],[52.564,80.16],[52.971,80.14],[53.223,80.148],[53.388,80.123],[53.52,80.128],[53.586,80.156],[53.619,80.188],[53.784,80.171],[53.97,80.211],[53.97,80.238],[53.707,80.291],[53.399,80.33],[53.448,80.378],[53.35,80.399],[53.102,80.386],[53.05,80.4]]]}},{"type":"Feature","geometry":{"type":"Polygon","coordinates":[[[59.573,80.109],[59.255,80.098],[58.766,80.026],[58.744,80.012],[58.81,79.99],[59.134,79.943],[59.139,79.916],[59.365,79.893],[59.518,79.917],[59.793,79.952],[59.996,80.03],[59.886,80.072],[59.573,80.109]]]}},{"type":"Feature","geometry":{"type":"Polygon","coordinates":[[[50.966,80.972],[50.768,80.965],[50.471,80.913],[50.482,80.947],[50.284,80.965],[49.702,80.923],[49.581,80.875],[49.23,80.829],[48.845,80.794],[48.878,80.736],[49.131,80.683],[49.406,80.672],[49.208,80.651],[49.142,80.6],[49.098,80.548],[48.735,80.536],[48.658,80.557],[48.351,80.565],[47.999,80.561],[47.274,80.456],[47.483,80.434],[47.988,80.45],[47.988,80.421],[47.604,80.407],[47.571,80.386],[47.692,80.335],[47.428,80.339],[47.428,80.377],[47.186,80.397],[46.802,80.361],[46.593,80.302],[46.879,80.22],[46.769,80.201],[46.934,80.156],[47.197,80.145],[47.384,80.166],[47.56,80.171],[47.571,80.205],[47.725,80.207],[47.791,80.175],[47.516,80.086],[47.648,80.033],[48.043,80.05],[48.109,80.098],[48.208,80.054],[48.461,80.069],[48.636,80.134],[48.977,80.122],[49.219,80.182],[49.109,80.224],[48.988,80.289],[48.636,80.302],[48.933,80.344],[49.164,80.329],[49.592,80.328],[49.933,80.385],[49.823,80.46],[50.273,80.498],[51.042,80.514],[51.284,80.6],[51.614,80.64],[51.921,80.708],[51.658,80.771],[51.284,80.812],[50.68,80.796],[51.097,80.857],[50.966,80.972]]]}},{"type":"Feature","geometry":{"type":"Polygon","coordinates":[[[47.422,80.867],[47.247,80.852],[47.098,80.851],[47.043,80.807],[46.879,80.78],[46.439,80.73],[46.181,80.672],[45.764,80.659],[45.038,80.634],[44.78,80.601],[44.945,80.57],[45.33,80.546],[45.478,80.505],[45.621,80.495],[45.753,80.532],[45.923,80.529],[45.989,80.544],[46.044,80.54],[45.956,80.465],[46.016,80.44],[46.269,80.439],[46.445,80.457],[46.428,80.486],[46.604,80.479],[46.664,80.49],[46.637,80.523],[46.758,80.52],[46.956,80.516],[46.994,80.557],[47.17,80.592],[47.34,80.573],[47.483,80.586],[47.39,80.639],[47.373,80.669],[47.56,80.666],[47.615,80.682],[47.543,80.72],[47.631,80.72],[47.681,80.739],[47.686,80.759],[47.807,80.747],[47.834,80.71],[47.944,80.711],[47.933,80.668],[48.071,80.641],[48.373,80.639],[48.384,80.62],[48.604,80.61],[48.785,80.619],[48.834,80.652],[48.735,80.68],[48.653,80.708],[48.576,80.739],[48.68,80.747],[48.642,80.78],[48.477,80.81],[48.268,80.823],[47.994,80.81],[47.593,80.858],[47.422,80.867]]]}},{"type":"Feature","geometry":{"type":"Polygon","coordinates":[[[50.609,81.185],[50.485,81.185],[50.449,81.168],[50.331,81.151],[50.367,81.125],[50.356,81.105],[50.427,81.075],[50.306,81.053],[50.337,81.028],[50.455,81.019],[50.62,81.051],[50.79,81.054],[50.826,81.069],[50.779,81.089],[50.957,81.103],[51.07,81.118],[51.029,81.142],[50.938,81.172],[50.749,81.183],[50.609,81.185]]]}},{"type":"Feature","geometry":{"type":"Polygon","coordinates":[[[50.199,80.228],[49.98,80.223],[49.573,80.182],[49.466,80.156],[49.496,80.142],[49.625,80.121],[49.688,80.101],[49.823,80.089],[49.793,80.079],[49.85,80.051],[49.952,80.037],[50.089,80.038],[50.188,80.051],[50.131,80.071],[50.251,80.061],[50.315,80.064],[50.293,80.08],[50.155,80.087],[50.153,80.104],[50.18,80.12],[50.359,80.119],[50.323,80.138],[50.383,80.153],[50.556,80.156],[50.532,80.166],[50.433,80.172],[50.367,80.216],[50.199,80.228]]]}},{"type":"Feature","geometry":{"type":"Polygon","coordinates":[[[49.4,80.094],[49.315,80.084],[49.318,80.061],[49.285,80.037],[49.23,80.043],[49.109,80.034],[49.095,80.02],[49.167,80.013],[49.07,80.007],[49.054,79.994],[49.169,79.984],[49.304,79.989],[49.496,80.007],[49.71,80.02],[49.73,80.049],[49.603,80.074],[49.4,80.094]]]}},{"type":"Feature","geometry":{"type":"Polygon","coordinates":[[[51.026,80.11],[50.886,80.094],[50.883,80.07],[50.707,80.059],[50.592,80.031],[50.54,79.988],[50.389,79.975],[50.32,79.994],[50.095,79.981],[50.015,79.969],[50.007,79.941],[50.153,79.938],[50.304,79.93],[50.479,79.92],[50.757,79.919],[51.196,79.904],[51.438,79.912],[51.529,79.929],[51.413,79.939],[51.446,79.959],[51.443,79.975],[51.383,79.979],[51.389,79.964],[51.317,79.964],[51.199,79.987],[51.301,80.039],[51.334,80.054],[51.174,80.063],[51.15,80.084],[51.026,80.11]]]}},{"type":"Feature","geometry":{"type":"Polygon","coordinates":[[[54.198,80.319],[54.132,80.317],[54.108,80.3],[54.072,80.279],[54.088,80.252],[54.154,80.237],[54.11,80.22],[54.11,80.189],[54.19,80.177],[54.226,80.189],[54.38,80.195],[54.418,80.209],[54.454,80.228],[54.421,80.244],[54.454,80.257],[54.445,80.291],[54.377,80.298],[54.305,80.312],[54.198,80.319]]]}},{"type":"Feature","geometry":{"type":"Polygon","coordinates":[[[55.297,80.446],[55.184,80.441],[55.132,80.42],[55.085,80.423],[54.954,80.418],[54.932,80.407],[54.978,80.393],[55.052,80.375],[55.124,80.361],[55.302,80.372],[55.324,80.394],[55.333,80.42],[55.33,80.442],[55.297,80.446]]]}},{"type":"Feature","geometry":{"type":"Polygon","coordinates":[[[54.871,80.391],[54.787,80.39],[54.739,80.383],[54.711,80.38],[54.651,80.378],[54.636,80.372],[54.599,80.369],[54.569,80.371],[54.542,80.369],[54.558,80.363],[54.591,80.354],[54.693,80.348],[54.765,80.353],[54.862,80.366],[54.892,80.385],[54.871,80.391]]]}},{"type":"Feature","geometry":{"type":"Polygon","coordinates":[[[54.638,80.481],[54.617,80.481],[54.572,80.466],[54.487,80.451],[54.466,80.429],[54.429,80.402],[54.355,80.389],[54.419,80.381],[54.548,80.373],[54.614,80.378],[54.695,80.385],[54.827,80.401],[54.853,80.416],[54.833,80.439],[54.77,80.46],[54.754,80.471],[54.709,80.478],[54.638,80.481]]]}},{"type":"Feature","geometry":{"type":"Polygon","coordinates":[[[54.775,80.535],[54.689,80.53],[54.65,80.52],[54.586,80.517],[54.587,80.507],[54.654,80.487],[54.739,80.481],[54.776,80.467],[54.862,80.45],[54.94,80.441],[55.037,80.447],[55.054,80.457],[55.074,80.476],[55.095,80.492],[55.073,80.508],[54.982,80.522],[54.899,80.531],[54.82,80.53],[54.775,80.535]]]}},{"type":"Feature","geometry":{"type":"Polygon","coordinates":[[[53.914,80.607],[53.862,80.601],[53.822,80.582],[53.826,80.554],[53.963,80.518],[53.881,80.502],[53.866,80.478],[53.812,80.461],[53.829,80.448],[53.914,80.45],[53.994,80.446],[54.061,80.444],[54.12,80.445],[54.15,80.439],[54.143,80.432],[54.185,80.419],[54.278,80.412],[54.388,80.415],[54.395,80.431],[54.382,80.445],[54.465,80.465],[54.481,80.48],[54.507,80.485],[54.469,80.496],[54.41,80.498],[54.355,80.494],[54.333,80.499],[54.418,80.512],[54.399,80.533],[54.364,80.535],[54.286,80.535],[54.186,80.539],[54.109,80.543],[54.135,80.556],[54.218,80.557],[54.282,80.563],[54.355,80.558],[54.424,80.561],[54.441,80.569],[54.418,80.576],[54.366,80.579],[54.308,80.578],[54.3,80.587],[54.211,80.591],[54.094,80.594],[54.057,80.599],[53.979,80.601],[53.914,80.607]]]}},{"type":"Feature","geometry":{"type":"Polygon","coordinates":[[[53.122,80.65],[53.13,80.632],[53.047,80.626],[53.039,80.61],[53.256,80.588],[53.188,80.574],[53.207,80.559],[53.146,80.552],[53.182,80.529],[53.174,80.514],[53.366,80.472],[53.487,80.465],[53.564,80.466],[53.531,80.481],[53.58,80.505],[53.451,80.55],[53.424,80.624],[53.336,80.634],[53.267,80.647],[53.122,80.65]]]}},{"type":"Feature","geometry":{"type":"Polygon","coordinates":[[[58.999,81.87],[58.675,81.858],[58.434,81.831],[58.269,81.839],[58.027,81.829],[57.865,81.812],[57.862,81.799],[58.035,81.77],[57.901,81.75],[57.906,81.721],[58.033,81.687],[58.181,81.682],[58.321,81.698],[58.565,81.723],[58.692,81.711],[59.112,81.722],[59.29,81.744],[59.334,81.781],[59.395,81.812],[59.307,81.853],[59.211,81.863],[58.999,81.87]]]}},{"type":"Feature","geometry":{"type":"Polygon","coordinates":[[[58.961,81.664],[58.848,81.659],[58.758,81.65],[58.64,81.637],[58.464,81.63],[58.329,81.62],[58.335,81.611],[58.282,81.605],[58.23,81.585],[58.211,81.578],[58.318,81.578],[58.538,81.57],[58.708,81.594],[58.738,81.617],[58.873,81.627],[58.895,81.638],[58.774,81.636],[58.947,81.655],[58.961,81.664]]]}},{"type":"Feature","geometry":{"type":"Polygon","coordinates":[[[57.39,81.566],[57.365,81.56],[57.384,81.547],[57.327,81.536],[57.222,81.541],[57.044,81.542],[56.901,81.532],[56.871,81.547],[56.761,81.546],[56.733,81.534],[56.813,81.525],[56.937,81.508],[56.835,81.489],[56.725,81.491],[56.656,81.485],[56.714,81.472],[56.824,81.449],[57.107,81.429],[57.409,81.418],[57.538,81.392],[57.645,81.372],[57.87,81.367],[58.23,81.372],[58.521,81.394],[58.596,81.42],[58.568,81.447],[58.447,81.469],[58.195,81.495],[57.994,81.499],[57.821,81.534],[57.87,81.557],[57.777,81.555],[57.769,81.564],[57.601,81.563],[57.39,81.566]]]}},{"type":"Feature","geometry":{"type":"Polygon","coordinates":[[[56.624,81.423],[56.527,81.413],[56.332,81.404],[56.283,81.395],[56.305,81.367],[56.412,81.335],[56.341,81.314],[56.396,81.296],[56.552,81.263],[56.396,81.275],[56.245,81.294],[56.121,81.298],[55.973,81.316],[55.849,81.332],[55.824,81.341],[55.731,81.346],[55.646,81.337],[55.544,81.344],[55.517,81.333],[55.443,81.325],[55.443,81.299],[55.379,81.292],[55.374,81.264],[55.533,81.251],[55.459,81.223],[55.517,81.195],[55.703,81.177],[55.937,81.177],[56.047,81.192],[56.129,81.181],[56.203,81.184],[56.181,81.198],[56.198,81.214],[56.324,81.204],[56.316,81.161],[56.357,81.149],[56.593,81.152],[56.78,81.176],[56.871,81.201],[57.03,81.225],[57.22,81.257],[57.439,81.264],[57.39,81.247],[57.453,81.237],[57.585,81.248],[57.546,81.27],[57.656,81.273],[57.92,81.286],[58.011,81.295],[57.788,81.312],[57.689,81.336],[57.579,81.338],[57.59,81.322],[57.475,81.317],[57.409,81.361],[57.291,81.361],[57.242,81.37],[56.994,81.392],[56.879,81.391],[56.797,81.412],[56.624,81.423]]]}},{"type":"Feature","geometry":{"type":"Polygon","coordinates":[[[58.922,81.43],[58.752,81.422],[58.546,81.386],[58.414,81.351],[58.505,81.322],[58.763,81.289],[59.181,81.294],[59.389,81.322],[59.304,81.363],[59.299,81.386],[59.285,81.402],[59.192,81.397],[59.142,81.407],[59.178,81.423],[58.922,81.43]]]}},{"type":"Feature","geometry":{"type":"Polygon","coordinates":[[[63.226,81.726],[62.776,81.717],[62.336,81.717],[62.073,81.691],[62.161,81.633],[62.468,81.602],[62.831,81.572],[63.457,81.559],[63.875,81.604],[63.842,81.666],[63.644,81.706],[63.226,81.726]]]}},{"type":"Feature","geometry":{"type":"Polygon","coordinates":[[[57.859,81.235],[57.761,81.225],[57.332,81.208],[57.156,81.178],[56.964,81.166],[56.865,81.147],[57.2,81.096],[57.519,81.093],[57.788,81.099],[57.87,81.157],[58.002,81.175],[58.167,81.175],[58.332,81.186],[58.392,81.2],[58.326,81.203],[58.173,81.197],[58.145,81.208],[58.041,81.222],[57.859,81.235]]]}},{"type":"Feature","geometry":{"type":"Polygon","coordinates":[[[58.101,81.098],[58.005,81.083],[58.065,81.065],[58.03,81.057],[57.917,81.066],[57.807,81.054],[57.818,81.029],[58.008,81.008],[58.035,80.994],[58.225,80.953],[58.304,80.935],[58.499,80.928],[58.629,80.934],[58.675,80.957],[58.791,80.983],[58.722,81.027],[58.601,81.038],[58.445,81.06],[58.384,81.077],[58.101,81.098]]]}},{"type":"Feature","geometry":{"type":"Polygon","coordinates":[[[56.129,81.121],[56.049,81.106],[56.069,81.087],[56.272,81.059],[56.398,81.044],[56.742,81.019],[56.931,80.986],[56.912,80.954],[57.038,80.932],[57.2,80.93],[57.305,80.892],[57.244,80.867],[57.673,80.816],[57.807,80.823],[57.967,80.828],[57.989,80.849],[58.052,80.864],[58.153,80.881],[58.329,80.891],[58.376,80.911],[58.197,80.941],[58.115,80.937],[57.978,80.941],[57.876,80.957],[57.788,80.984],[57.637,80.996],[57.61,81.032],[57.398,81.048],[57.068,81.054],[56.95,81.063],[56.775,81.092],[56.659,81.1],[56.552,81.094],[56.423,81.089],[56.209,81.109],[56.129,81.121]]]}},{"type":"Feature","geometry":{"type":"Polygon","coordinates":[[[58.653,80.884],[58.381,80.869],[58.277,80.872],[58.115,80.855],[58.041,80.825],[57.972,80.805],[57.816,80.797],[57.818,80.774],[57.887,80.758],[58.008,80.749],[58.211,80.741],[58.365,80.722],[58.508,80.723],[58.738,80.752],[58.953,80.76],[59.052,80.806],[59.016,80.833],[58.977,80.865],[58.793,80.882],[58.653,80.884]]]}},{"type":"Feature","geometry":{"type":"Polygon","coordinates":[[[54.72,81.12],[54.531,81.103],[54.577,81.069],[54.388,81.04],[54.391,81.001],[54.5,80.982],[54.643,80.973],[54.731,80.989],[54.844,80.979],[54.833,80.949],[55.028,80.934],[55.245,80.932],[55.355,80.949],[55.371,80.926],[55.456,80.896],[55.791,80.871],[55.679,80.851],[55.956,80.814],[56.085,80.804],[56.192,80.815],[56.234,80.806],[56.426,80.791],[56.692,80.78],[56.672,80.765],[56.75,80.746],[56.934,80.728],[56.934,80.715],[56.956,80.706],[56.985,80.684],[57.049,80.673],[57.145,80.666],[57.307,80.676],[57.508,80.692],[57.645,80.711],[57.714,80.737],[57.794,80.757],[57.769,80.773],[57.7,80.794],[57.684,80.804],[57.579,80.825],[57.412,80.841],[57.299,80.85],[57.242,80.85],[57.17,80.86],[57.096,80.859],[56.953,80.864],[56.887,80.901],[56.758,80.918],[56.665,80.967],[56.516,80.98],[56.321,81.006],[56.017,81.024],[55.701,81.022],[55.594,81.012],[55.467,81.014],[55.316,81.039],[55.297,81.057],[55.217,81.072],[55.113,81.074],[54.926,81.086],[54.852,81.103],[54.72,81.12]]]}},{"type":"Feature","geometry":{"type":"Polygon","coordinates":[[[56.47,80.767],[56.302,80.76],[56.242,80.748],[56.104,80.754],[55.934,80.749],[55.791,80.735],[55.695,80.715],[55.558,80.718],[55.412,80.707],[55.366,80.691],[55.486,80.682],[55.706,80.685],[55.618,80.665],[55.511,80.639],[55.558,80.619],[55.767,80.608],[56.069,80.594],[56.195,80.608],[56.258,80.623],[56.305,80.604],[56.371,80.586],[56.472,80.592],[56.54,80.613],[56.74,80.61],[56.906,80.623],[56.959,80.633],[56.957,80.655],[57,80.674],[56.976,80.682],[56.95,80.699],[56.917,80.713],[56.893,80.724],[56.648,80.742],[56.563,80.761],[56.47,80.767]]]}},{"type":"Feature","geometry":{"type":"Polygon","coordinates":[[[55.077,80.883],[54.926,80.88],[54.816,80.851],[54.836,80.876],[54.728,80.879],[54.588,80.867],[54.476,80.859],[54.325,80.872],[54.212,80.866],[54.086,80.85],[53.97,80.823],[53.984,80.801],[54.223,80.783],[54.459,80.78],[54.682,80.781],[54.641,80.753],[54.63,80.738],[54.748,80.727],[54.786,80.716],[54.901,80.71],[55.055,80.716],[55.102,80.735],[55.168,80.737],[55.223,80.728],[55.418,80.739],[55.569,80.75],[55.789,80.756],[55.986,80.766],[55.948,80.778],[55.838,80.798],[55.67,80.808],[55.541,80.83],[55.459,80.839],[55.371,80.824],[55.316,80.827],[55.308,80.848],[55.212,80.88],[55.077,80.883]]]}},{"type":"Feature","geometry":{"type":"Polygon","coordinates":[[[57.967,80.647],[57.857,80.646],[57.89,80.631],[57.832,80.633],[57.755,80.621],[57.61,80.627],[57.362,80.611],[57.239,80.593],[57.269,80.563],[57.409,80.537],[57.585,80.519],[57.678,80.533],[57.777,80.523],[57.956,80.533],[58.126,80.62],[58.087,80.635],[58.008,80.639],[57.967,80.647]]]}},{"type":"Feature","geometry":{"type":"Polygon","coordinates":[[[58.898,80.652],[58.851,80.647],[58.848,80.626],[58.793,80.62],[58.697,80.619],[58.574,80.612],[58.461,80.582],[58.76,80.558],[58.81,80.563],[58.81,80.594],[58.9,80.618],[58.961,80.651],[58.898,80.652]]]}},{"type":"Feature","geometry":{"type":"Polygon","coordinates":[[[54.132,81.355],[54.198,81.32],[54.333,81.295],[54.413,81.265],[54.536,81.26],[54.511,81.248],[54.511,81.235],[54.569,81.232],[54.602,81.247],[54.569,81.265],[54.465,81.29],[54.44,81.309],[54.272,81.348],[54.132,81.355]]]}},{"type":"Feature","geometry":{"type":"Polygon","coordinates":[[[55.916,80.423],[55.864,80.421],[55.783,80.406],[55.735,80.388],[55.745,80.38],[55.905,80.371],[56.052,80.352],[56.162,80.346],[56.225,80.351],[56.29,80.361],[56.291,80.389],[56.21,80.398],[56.144,80.396],[56.052,80.413],[55.936,80.416],[55.916,80.423]]]}},{"type":"Feature","geometry":{"type":"Polygon","coordinates":[[[60.06,80.2],[60.003,80.198],[60.009,80.19],[59.992,80.189],[59.962,80.19],[59.918,80.196],[59.893,80.183],[59.926,80.174],[59.952,80.167],[59.984,80.152],[60.091,80.146],[60.187,80.142],[60.25,80.145],[60.27,80.156],[60.211,80.175],[60.131,80.195],[60.06,80.2]]]}},{"type":"Feature","geometry":{"type":"Polygon","coordinates":[[[30.44,-1.048],[30.348,-1.073],[30.293,-1.18],[30.172,-1.277],[30.126,-1.375],[30.067,-1.395],[30,-1.44],[29.891,-1.437],[29.859,-1.364],[29.803,-1.34],[29.73,-1.344],[29.611,-1.394],[29.494,-1.435],[29.344,-1.535],[29.219,-1.736],[28.977,-2.336],[28.894,-2.49],[28.907,-2.645],[28.969,-2.704],[29.05,-2.702],[29.055,-2.683],[29.054,-2.623],[29.129,-2.61],[29.188,-2.61],[29.224,-2.631],[29.248,-2.622],[29.293,-2.639],[29.337,-2.67],[29.35,-2.7],[29.353,-2.737],[29.349,-2.777],[29.362,-2.82],[29.377,-2.837],[29.407,-2.815],[29.449,-2.798],[29.476,-2.81],[29.509,-2.821],[29.544,-2.829],[29.589,-2.803],[29.641,-2.79],[29.746,-2.807],[29.81,-2.76],[29.879,-2.751],[29.929,-2.657],[29.971,-2.484],[30.039,-2.352],[30.203,-2.382],[30.372,-2.353],[30.462,-2.343],[30.512,-2.401],[30.585,-2.413],[30.655,-2.414],[30.745,-2.38],[30.815,-2.366],[30.853,-2.281],[30.876,-2.136],[30.876,-2.038],[30.83,-1.82],[30.841,-1.65],[30.615,-1.352],[30.504,-1.165],[30.453,-1.104],[30.469,-1.053],[30.44,-1.048]]]}},{"type":"Feature","geometry":{"type":"Polygon","coordinates":[[[-60.947,14.113],[-60.969,14.098],[-60.962,14.082],[-60.977,14.075],[-60.978,14.043],[-60.994,14.029],[-61.013,14.017],[-61.022,13.992],[-61.032,13.985],[-61.052,13.946],[-61.072,13.917],[-61.086,13.871],[-61.067,13.851],[-61.072,13.823],[-61.077,13.798],[-61.062,13.776],[-61.03,13.749],[-60.997,13.738],[-60.971,13.725],[-60.964,13.711],[-60.943,13.706],[-60.928,13.721],[-60.934,13.738],[-60.913,13.756],[-60.889,13.783],[-60.888,13.811],[-60.881,13.823],[-60.877,13.846],[-60.88,13.876],[-60.878,13.903],[-60.883,13.921],[-60.871,13.943],[-60.87,13.987],[-60.879,14.019],[-60.879,14.047],[-60.899,14.07],[-60.917,14.085],[-60.916,14.109],[-60.947,14.113]]]}},{"type":"Feature","geometry":{"type":"Polygon","coordinates":[[[-172.335,-13.436],[-172.363,-13.44],[-172.415,-13.446],[-172.43,-13.462],[-172.48,-13.454],[-172.506,-13.467],[-172.541,-13.466],[-172.589,-13.487],[-172.607,-13.486],[-172.635,-13.499],[-172.659,-13.5],[-172.679,-13.501],[-172.698,-13.513],[-172.72,-13.506],[-172.754,-13.484],[-172.769,-13.486],[-172.795,-13.489],[-172.813,-13.513],[-172.796,-13.542],[-172.78,-13.556],[-172.748,-13.582],[-172.729,-13.599],[-172.698,-13.626],[-172.667,-13.659],[-172.633,-13.7],[-172.608,-13.717],[-172.589,-13.766],[-172.561,-13.783],[-172.542,-13.808],[-172.496,-13.805],[-172.473,-13.794],[-172.464,-13.799],[-172.413,-13.793],[-172.366,-13.783],[-172.328,-13.783],[-172.321,-13.772],[-172.311,-13.763],[-172.298,-13.764],[-172.287,-13.779],[-172.278,-13.799],[-172.241,-13.811],[-172.22,-13.804],[-172.205,-13.783],[-172.213,-13.755],[-172.212,-13.739],[-172.194,-13.728],[-172.189,-13.718],[-172.195,-13.707],[-172.168,-13.675],[-172.173,-13.663],[-172.184,-13.633],[-172.192,-13.598],[-172.227,-13.548],[-172.254,-13.516],[-172.29,-13.471],[-172.335,-13.436]]]}},{"type":"Feature","geometry":{"type":"Polygon","coordinates":[[[-171.889,-13.787],[-171.977,-13.82],[-172.047,-13.832],[-172.079,-13.866],[-172.064,-13.903],[-172.02,-13.924],[-171.997,-13.955],[-171.971,-13.951],[-171.947,-13.99],[-171.907,-14.01],[-171.851,-13.996],[-171.819,-14.014],[-171.779,-14.037],[-171.743,-14.052],[-171.696,-14.046],[-171.682,-14.046],[-171.62,-14.043],[-171.531,-14.047],[-171.441,-14.052],[-171.429,-14.069],[-171.401,-14.081],[-171.409,-14.062],[-171.429,-14.046],[-171.412,-14.03],[-171.398,-14.02],[-171.4,-14.009],[-171.418,-14.009],[-171.428,-13.976],[-171.462,-13.968],[-171.497,-13.946],[-171.519,-13.923],[-171.537,-13.921],[-171.551,-13.906],[-171.575,-13.877],[-171.618,-13.876],[-171.664,-13.857],[-171.703,-13.841],[-171.728,-13.836],[-171.782,-13.808],[-171.821,-13.791],[-171.889,-13.787],[-171.889,-13.787]]]}},{"type":"Feature","geometry":{"type":"Polygon","coordinates":[[[6.666,0.416],[6.607,0.412],[6.565,0.372],[6.53,0.353],[6.496,0.332],[6.475,0.282],[6.457,0.246],[6.457,0.203],[6.471,0.174],[6.475,0.129],[6.484,0.112],[6.506,0.096],[6.499,0.056],[6.505,0.023],[6.526,0.019],[6.56,0.031],[6.57,0.065],[6.584,0.069],[6.612,0.077],[6.651,0.1],[6.661,0.129],[6.7,0.167],[6.73,0.207],[6.751,0.237],[6.765,0.24],[6.754,0.246],[6.753,0.265],[6.761,0.283],[6.761,0.302],[6.747,0.34],[6.73,0.352],[6.721,0.367],[6.721,0.383],[6.707,0.399],[6.721,0.413],[6.699,0.404],[6.666,0.416],[6.666,0.416]]]}},{"type":"Feature","geometry":{"type":"Polygon","coordinates":[[[39.203,32.155],[37.002,31.501],[37.5,29.998],[34.933,29.355],[34.812,28.845],[34.556,28.031],[34.953,27.868],[36.046,26.584],[36.436,25.572],[37.002,25.006],[38.546,23.483],[39.089,21.509],[40.243,20.03],[41.067,19.067],[41.644,17.869],[42.523,16.815],[42.946,16.399],[43.237,16.741],[43.242,17.036],[43.292,17.524],[44.033,17.398],[44.643,17.435],[47,16.952],[49.114,18.62],[55.213,22.706],[52.581,22.94],[51.409,24.357],[51.497,24.537],[51.399,24.632],[51,24.5],[50.71,24.955],[50.459,25.488],[50.265,25.701],[50.028,26.04],[50.195,26.109],[50.24,26.479],[50.089,26.5],[50.034,26.617],[50.176,26.612],[49.927,26.879],[49.73,27.084],[49.614,27.227],[49.621,27.344],[49.447,27.234],[49.399,27.214],[49.293,27.397],[49.131,27.556],[48.988,27.66],[48.873,27.71],[48.83,27.916],[48.691,28.051],[48.558,28.292],[48.476,28.51],[47.704,28.524],[47.596,28.687],[47.566,28.861],[46.553,29.102],[42.079,31.12],[39.203,32.155]]]}},{"type":"Feature","geometry":{"type":"Polygon","coordinates":[[[41.91,17.112],[41.883,17.095],[41.927,17.045],[41.885,17.04],[41.837,17.028],[41.802,17.046],[41.777,17.071],[41.73,17.073],[41.729,17.05],[41.744,17.033],[41.777,16.981],[41.776,16.919],[41.712,16.979],[41.667,17.034],[41.629,17.015],[41.641,16.99],[41.629,16.953],[41.634,16.92],[41.619,16.893],[41.568,16.915],[41.553,16.887],[41.539,16.841],[41.484,16.812],[41.498,16.791],[41.553,16.803],[41.62,16.789],[41.644,16.814],[41.638,16.861],[41.697,16.877],[41.726,16.873],[41.747,16.836],[41.718,16.823],[41.705,16.785],[41.744,16.77],[41.804,16.784],[41.815,16.732],[41.727,16.752],[41.704,16.736],[41.73,16.689],[41.774,16.651],[41.815,16.644],[41.857,16.626],[41.924,16.599],[41.98,16.576],[42.032,16.585],[42.078,16.609],[42.113,16.595],[42.161,16.565],[42.208,16.582],[42.198,16.627],[42.215,16.686],[42.259,16.723],[42.251,16.756],[42.211,16.784],[42.171,16.752],[42.139,16.778],[42.115,16.832],[42.047,16.845],[42.025,16.886],[41.966,16.898],[41.966,16.935],[41.984,16.999],[41.995,17.049],[41.942,17.109],[41.91,17.112]]]}},{"type":"Feature","geometry":{"type":"Polygon","coordinates":[[[-14.995,16.69],[-15.462,16.586],[-15.959,16.483],[-16.328,16.401],[-16.498,16.074],[-17.55,14.738],[-17.394,14.661],[-17.066,14.451],[-16.76,13.925],[-16.642,13.753],[-16.63,13.643],[-15.345,13.783],[-15.067,13.826],[-14.801,13.734],[-14.564,13.654],[-14.423,13.501],[-14.137,13.539],[-13.867,13.517],[-13.89,13.315],[-14.226,13.219],[-14.355,13.23],[-14.459,13.3],[-14.571,13.349],[-14.681,13.351],[-14.775,13.416],[-14.931,13.46],[-15.09,13.598],[-15.18,13.541],[-15.235,13.411],[-15.427,13.371],[-15.621,13.352],[-15.822,13.166],[-16.69,13.166],[-16.71,13.154],[-16.715,13.12],[-16.735,13.113],[-16.733,13.075],[-16.801,12.668],[-16.446,12.368],[-15.534,12.488],[-13.707,12.676],[-13.141,12.634],[-12.924,12.538],[-12.605,12.408],[-12.142,12.384],[-11.659,12.426],[-11.372,12.454],[-11.424,12.662],[-11.368,12.993],[-11.541,13.23],[-11.735,13.415],[-11.889,13.386],[-12.038,13.623],[-12.004,14.071],[-12.145,14.395],[-12.186,14.554],[-12.205,14.696],[-12.437,14.882],[-12.687,15.087],[-12.833,15.282],[-13.093,15.58],[-13.348,15.944],[-13.71,16.184],[-13.984,16.346],[-14.319,16.569],[-14.752,16.635],[-14.995,16.69]]]}},{"type":"Feature","geometry":{"type":"Polygon","coordinates":[[[19.693,46.187],[19.417,46.048],[19.065,46],[18.902,45.909],[18.887,45.826],[18.973,45.762],[18.946,45.704],[19.019,45.553],[19.104,45.301],[19.175,45.198],[19.085,44.911],[19.167,44.92],[19.358,44.838],[19.297,44.694],[19.171,44.53],[19.135,44.339],[19.328,44.272],[19.419,44.143],[19.514,44.081],[19.622,44.019],[19.422,43.957],[19.237,43.982],[19.361,43.838],[19.431,43.78],[19.516,43.645],[19.511,43.586],[19.4,43.583],[19.289,43.596],[19.246,43.592],[19.333,43.441],[19.618,43.231],[19.837,43.095],[20.148,42.988],[20.339,42.836],[20.193,42.747],[20.035,42.7],[20.253,42.371],[20.613,41.986],[20.764,42.047],[21.217,42.128],[21.385,42.251],[21.796,42.296],[22.118,42.314],[22.301,42.374],[22.468,42.351],[22.456,42.688],[22.618,42.895],[22.854,43.009],[22.834,43.299],[22.49,43.618],[22.456,44.014],[22.633,44.181],[22.589,44.299],[22.694,44.518],[22.278,44.623],[21.763,44.658],[21.362,44.821],[21.438,44.957],[21.477,45.119],[21.333,45.236],[21.084,45.314],[20.771,45.481],[20.742,45.756],[20.417,45.965],[20.248,46.13],[20.036,46.146],[19.693,46.187]]]}},{"type":"Feature","geometry":{"type":"Polygon","coordinates":[[[46.268,-9.357],[46.206,-9.366],[46.182,-9.384],[46.21,-9.47],[46.237,-9.498],[46.29,-9.505],[46.327,-9.488],[46.401,-9.463],[46.437,-9.465],[46.504,-9.453],[46.534,-9.432],[46.533,-9.398],[46.505,-9.379],[46.436,-9.36],[46.311,-9.359],[46.268,-9.357]]]}},{"type":"Feature","geometry":{"type":"Polygon","coordinates":[[[-11.499,10],[-12.126,9.87],[-12.452,9.879],[-12.489,9.812],[-12.516,9.706],[-12.587,9.662],[-12.631,9.554],[-12.669,9.473],[-12.705,9.407],[-12.746,9.347],[-12.825,9.295],[-12.906,9.262],[-12.955,9.28],[-12.982,9.138],[-13.05,9.076],[-13.132,9.054],[-13.213,9.081],[-13.277,9.064],[-13.304,9.032],[-13.237,8.862],[-13.221,8.54],[-13.291,8.39],[-13.262,8.08],[-12.986,8.173],[-13.015,7.923],[-12.787,7.741],[-13.001,7.669],[-13.064,7.597],[-12.593,7.44],[-11.768,7.076],[-11.457,6.924],[-11.424,6.97],[-11.395,7.003],[-11.364,7.052],[-11.354,7.138],[-11.313,7.185],[-11.297,7.196],[-11.252,7.23],[-11.143,7.324],[-10.977,7.478],[-10.795,7.593],[-10.607,8.042],[-10.447,8.158],[-10.388,8.162],[-10.297,8.224],[-10.301,8.328],[-10.279,8.395],[-10.276,8.478],[-10.316,8.501],[-10.346,8.494],[-10.394,8.469],[-10.464,8.388],[-10.571,8.306],[-10.686,8.287],[-10.633,8.49],[-10.576,8.6],[-10.507,8.743],[-10.627,9.078],[-10.672,9.239],[-10.8,9.387],[-10.863,9.534],[-10.999,9.758],[-11.499,10],[-11.499,10]]]}},{"type":"Feature","geometry":{"type":"Polygon","coordinates":[[[103.806,1.478],[103.785,1.462],[103.765,1.452],[103.75,1.449],[103.734,1.456],[103.714,1.458],[103.696,1.444],[103.679,1.433],[103.668,1.416],[103.654,1.394],[103.636,1.359],[103.621,1.323],[103.601,1.265],[103.597,1.238],[103.597,1.222],[103.621,1.209],[103.647,1.207],[103.651,1.214],[103.625,1.225],[103.629,1.236],[103.629,1.251],[103.639,1.256],[103.652,1.258],[103.657,1.238],[103.666,1.221],[103.677,1.219],[103.69,1.228],[103.699,1.244],[103.711,1.247],[103.732,1.259],[103.744,1.269],[103.761,1.269],[103.774,1.254],[103.795,1.255],[103.808,1.25],[103.829,1.233],[103.844,1.237],[103.854,1.25],[103.865,1.262],[103.879,1.274],[103.899,1.286],[103.973,1.31],[103.995,1.305],[104.013,1.303],[104.039,1.298],[104.044,1.306],[104.04,1.32],[104.037,1.336],[104.046,1.34],[104.066,1.335],[104.087,1.331],[104.086,1.341],[104.083,1.363],[104.088,1.379],[104.094,1.401],[104.089,1.417],[104.076,1.432],[104.051,1.442],[104.037,1.442],[104.021,1.439],[104.003,1.421],[103.993,1.424],[103.973,1.423],[103.937,1.429],[103.926,1.429],[103.904,1.427],[103.879,1.435],[103.858,1.466],[103.828,1.475],[103.806,1.478]]]}},{"type":"Feature","geometry":{"type":"Polygon","coordinates":[[[19.446,49.614],[19.284,49.535],[19.198,49.447],[19.069,49.412],[18.897,49.514],[18.755,49.488],[18.639,49.497],[18.408,49.398],[18.154,49.23],[18.071,49.041],[17.783,48.917],[17.519,48.818],[17.306,48.843],[16.999,48.701],[16.944,48.27],[17.282,47.994],[18.03,47.758],[18.763,47.873],[19.09,48.07],[19.509,48.178],[19.764,48.21],[19.859,48.171],[19.974,48.166],[20.044,48.173],[20.077,48.196],[20.122,48.221],[20.154,48.25],[20.214,48.259],[20.256,48.275],[20.326,48.274],[20.358,48.31],[20.399,48.359],[20.417,48.409],[20.468,48.453],[20.502,48.527],[20.635,48.552],[20.836,48.583],[20.946,48.537],[21.054,48.526],[21.136,48.5],[21.191,48.524],[21.253,48.532],[21.31,48.53],[21.315,48.552],[21.365,48.56],[21.446,48.58],[21.499,48.56],[21.591,48.513],[21.71,48.365],[21.872,48.357],[21.936,48.371],[22.106,48.377],[22.259,48.649],[22.431,48.932],[22.369,49.146],[22.035,49.277],[21.768,49.362],[21.522,49.419],[21.183,49.402],[20.884,49.333],[20.742,49.405],[20.383,49.391],[20.192,49.341],[19.922,49.236],[19.793,49.304],[19.649,49.435],[19.535,49.527],[19.446,49.614]]]}},{"type":"Feature","geometry":{"type":"Polygon","coordinates":[[[16.231,46.874],[16.01,46.71],[15.653,46.706],[15.4,46.653],[14.914,46.606],[14.59,46.394],[14.216,46.436],[13.718,46.504],[13.449,46.332],[13.541,46.214],[13.496,46.048],[13.631,45.923],[13.834,45.707],[13.851,45.585],[13.701,45.596],[13.637,45.54],[13.678,45.446],[13.969,45.502],[14.245,45.503],[14.546,45.623],[14.687,45.532],[14.987,45.496],[15.19,45.431],[15.278,45.608],[15.345,45.67],[15.306,45.689],[15.3,45.693],[15.304,45.695],[15.297,45.693],[15.287,45.703],[15.381,45.78],[15.531,45.826],[15.697,45.849],[15.679,45.876],[15.681,45.883],[15.692,45.885],[15.685,45.892],[15.679,45.905],[15.694,45.915],[15.706,45.924],[15.706,45.929],[15.708,45.935],[15.711,45.941],[15.623,46.101],[15.677,46.226],[15.912,46.287],[16.058,46.395],[16.278,46.418],[16.335,46.53],[16.358,46.543],[16.365,46.546],[16.38,46.548],[16.383,46.543],[16.404,46.539],[16.41,46.531],[16.425,46.533],[16.438,46.517],[16.465,46.522],[16.471,46.517],[16.481,46.51],[16.522,46.479],[16.589,46.473],[16.567,46.489],[16.519,46.537],[16.392,46.638],[16.37,46.722],[16.35,46.835],[16.231,46.874]]]}},{"type":"Feature","geometry":{"type":"Polygon","coordinates":[[[156.477,-6.574],[156.416,-6.598],[156.373,-6.65],[156.384,-6.716],[156.418,-6.763],[156.497,-6.812],[156.528,-6.855],[156.603,-6.902],[156.663,-6.955],[156.738,-7.053],[156.805,-7.12],[156.855,-7.18],[156.914,-7.224],[156.984,-7.258],[156.993,-7.296],[157.039,-7.311],[157.072,-7.303],[157.072,-7.354],[157.121,-7.379],[157.183,-7.388],[157.264,-7.397],[157.346,-7.428],[157.431,-7.455],[157.481,-7.442],[157.512,-7.463],[157.544,-7.484],[157.58,-7.502],[157.63,-7.485],[157.69,-7.502],[157.69,-7.552],[157.729,-7.544],[157.762,-7.495],[157.829,-7.495],[157.893,-7.499],[157.885,-7.465],[157.847,-7.446],[157.832,-7.454],[157.832,-7.41],[157.789,-7.381],[157.74,-7.382],[157.695,-7.39],[157.663,-7.388],[157.663,-7.408],[157.613,-7.377],[157.608,-7.337],[157.617,-7.29],[157.584,-7.307],[157.563,-7.3],[157.509,-7.27],[157.452,-7.3],[157.394,-7.273],[157.357,-7.253],[157.315,-7.228],[157.291,-7.177],[157.25,-7.168],[157.207,-7.137],[157.175,-7.113],[157.148,-7.078],[157.129,-6.997],[157.099,-6.941],[156.992,-6.872],[156.938,-6.833],[156.831,-6.777],[156.695,-6.728],[156.671,-6.695],[156.619,-6.635],[156.557,-6.63],[156.501,-6.575],[156.477,-6.574]]]}},{"type":"Feature","geometry":{"type":"Polygon","coordinates":[[[158.217,-7.347],[158.104,-7.349],[158.171,-7.426],[158.288,-7.542],[158.417,-7.66],[158.496,-7.699],[158.559,-7.749],[158.673,-7.807],[158.708,-7.848],[158.751,-7.883],[158.769,-7.912],[158.801,-7.927],[158.84,-7.947],[158.86,-7.972],[158.894,-7.987],[158.929,-8.013],[158.942,-8.038],[158.981,-8.049],[158.992,-8.071],[159.021,-8.085],[159.055,-8.098],[159.093,-8.133],[159.121,-8.14],[159.169,-8.162],[159.185,-8.183],[159.227,-8.211],[159.28,-8.24],[159.316,-8.248],[159.343,-8.267],[159.396,-8.296],[159.455,-8.316],[159.503,-8.359],[159.548,-8.378],[159.515,-8.422],[159.55,-8.498],[159.598,-8.518],[159.665,-8.56],[159.706,-8.527],[159.68,-8.492],[159.653,-8.464],[159.645,-8.431],[159.669,-8.415],[159.688,-8.439],[159.724,-8.47],[159.78,-8.513],[159.862,-8.58],[159.906,-8.549],[159.877,-8.506],[159.865,-8.453],[159.834,-8.408],[159.868,-8.342],[159.756,-8.252],[159.621,-8.132],[159.556,-8.079],[159.428,-8.009],[159.305,-7.97],[159.215,-7.914],[159.084,-7.884],[159.028,-7.813],[158.864,-7.709],[158.77,-7.559],[158.674,-7.477],[158.686,-7.549],[158.586,-7.542],[158.433,-7.484],[158.365,-7.46],[158.217,-7.347],[158.217,-7.347]]]}},{"type":"Feature","geometry":{"type":"Polygon","coordinates":[[[160.782,-8.277],[160.74,-8.307],[160.67,-8.311],[160.708,-8.357],[160.621,-8.326],[160.564,-8.293],[160.542,-8.328],[160.583,-8.417],[160.681,-8.512],[160.67,-8.574],[160.642,-8.65],[160.665,-8.711],[160.682,-8.786],[160.716,-8.878],[160.744,-8.98],[160.788,-9.067],[160.895,-9.193],[160.948,-9.244],[160.992,-9.293],[161.088,-9.354],[161.224,-9.488],[161.288,-9.549],[161.445,-9.696],[161.491,-9.666],[161.533,-9.725],[161.588,-9.724],[161.58,-9.618],[161.55,-9.511],[161.421,-9.376],[161.367,-9.326],[161.318,-9.32],[161.285,-9.312],[161.271,-9.234],[161.286,-9.174],[161.233,-9.135],[161.204,-9.071],[161.205,-9.006],[161.051,-8.85],[160.973,-8.824],[160.965,-8.766],[161.017,-8.781],[161.06,-8.755],[161.009,-8.734],[160.98,-8.711],[160.98,-8.582],[160.899,-8.482],[160.827,-8.365],[160.825,-8.293],[160.782,-8.277]]]}},{"type":"Feature","geometry":{"type":"Polygon","coordinates":[[[161.336,-10.178],[161.284,-10.199],[161.26,-10.239],[161.257,-10.285],[161.264,-10.344],[161.308,-10.356],[161.386,-10.364],[161.452,-10.375],[161.472,-10.412],[161.459,-10.428],[161.472,-10.459],[161.494,-10.486],[161.496,-10.505],[161.483,-10.511],[161.486,-10.542],[161.501,-10.56],[161.537,-10.592],[161.574,-10.594],[161.597,-10.622],[161.614,-10.654],[161.659,-10.664],[161.681,-10.699],[161.713,-10.719],[161.759,-10.731],[161.753,-10.745],[161.803,-10.769],[161.844,-10.781],[161.892,-10.794],[161.934,-10.804],[162.004,-10.794],[162.025,-10.81],[162.062,-10.836],[162.105,-10.845],[162.145,-10.842],[162.183,-10.838],[162.202,-10.825],[162.234,-10.839],[162.274,-10.854],[162.299,-10.849],[162.356,-10.852],[162.386,-10.845],[162.376,-10.816],[162.326,-10.812],[162.286,-10.806],[162.263,-10.794],[162.291,-10.762],[162.277,-10.702],[162.239,-10.678],[162.207,-10.645],[162.172,-10.599],[162.138,-10.528],[162.07,-10.464],[162.037,-10.493],[161.977,-10.466],[161.921,-10.439],[161.851,-10.442],[161.797,-10.401],[161.728,-10.397],[161.665,-10.349],[161.498,-10.231],[161.336,-10.178]]]}},{"type":"Feature","geometry":{"type":"Polygon","coordinates":[[[159.708,-9.243],[159.644,-9.264],[159.583,-9.308],[159.572,-9.366],[159.583,-9.404],[159.589,-9.462],[159.577,-9.494],[159.585,-9.532],[159.634,-9.589],[159.638,-9.635],[159.671,-9.666],[159.695,-9.721],[159.745,-9.743],[159.796,-9.795],[159.846,-9.805],[159.895,-9.798],[160.038,-9.837],[160.137,-9.833],[160.28,-9.825],[160.348,-9.842],[160.407,-9.901],[160.464,-9.899],[160.571,-9.932],[160.639,-9.953],[160.764,-9.909],[160.863,-9.883],[160.885,-9.853],[160.912,-9.823],[160.877,-9.791],[160.845,-9.77],[160.814,-9.75],[160.782,-9.721],[160.709,-9.696],[160.675,-9.646],[160.631,-9.58],[160.559,-9.536],[160.499,-9.505],[160.443,-9.46],[160.397,-9.419],[160.332,-9.4],[160.296,-9.406],[160.217,-9.417],[160.166,-9.395],[160.119,-9.418],[160.057,-9.402],[160.004,-9.41],[159.938,-9.415],[159.88,-9.372],[159.769,-9.276],[159.74,-9.258],[159.708,-9.243]]]}},{"type":"Feature","geometry":{"type":"Polygon","coordinates":[[[156.605,-7.557],[156.562,-7.561],[156.519,-7.585],[156.497,-7.614],[156.492,-7.667],[156.502,-7.706],[156.515,-7.729],[156.548,-7.756],[156.57,-7.765],[156.55,-7.785],[156.537,-7.783],[156.515,-7.799],[156.497,-7.819],[156.506,-7.847],[156.544,-7.858],[156.563,-7.846],[156.57,-7.824],[156.57,-7.799],[156.592,-7.791],[156.594,-7.83],[156.585,-7.85],[156.584,-7.864],[156.594,-7.884],[156.619,-7.882],[156.647,-7.899],[156.636,-7.908],[156.636,-7.94],[156.649,-7.952],[156.679,-7.943],[156.687,-7.969],[156.71,-7.969],[156.725,-7.951],[156.728,-7.928],[156.714,-7.899],[156.72,-7.872],[156.735,-7.833],[156.787,-7.799],[156.805,-7.765],[156.805,-7.726],[156.776,-7.697],[156.743,-7.691],[156.721,-7.685],[156.711,-7.67],[156.697,-7.666],[156.689,-7.652],[156.682,-7.633],[156.667,-7.615],[156.654,-7.607],[156.642,-7.591],[156.631,-7.572],[156.623,-7.563],[156.605,-7.557]]]}},{"type":"Feature","geometry":{"type":"Polygon","coordinates":[[[157.077,-7.832],[156.926,-7.982],[157.062,-8.135],[157.061,-8.166],[156.994,-8.194],[157.051,-8.258],[157.151,-8.354],[157.221,-8.378],[157.311,-8.369],[157.271,-8.454],[157.182,-8.585],[157.304,-8.707],[157.435,-8.73],[157.6,-8.807],[157.672,-8.766],[157.568,-8.692],[157.475,-8.692],[157.38,-8.693],[157.351,-8.586],[157.41,-8.61],[157.424,-8.508],[157.356,-8.391],[157.396,-8.325],[157.455,-8.326],[157.52,-8.332],[157.541,-8.362],[157.514,-8.396],[157.587,-8.465],[157.727,-8.527],[157.806,-8.599],[157.809,-8.717],[157.833,-8.695],[157.88,-8.718],[158.055,-8.77],[158.117,-8.785],[158.198,-8.84],[158.258,-8.798],[158.312,-8.796],[158.309,-8.768],[158.253,-8.77],[158.229,-8.718],[158.219,-8.629],[158.156,-8.476],[158.009,-8.438],[157.891,-8.373],[157.832,-8.252],[157.738,-8.192],[157.653,-8.135],[157.611,-8.011],[157.484,-7.945],[157.391,-7.988],[157.302,-8.124],[157.197,-8.197],[157.166,-8.136],[157.199,-8.023],[157.122,-7.843],[157.077,-7.832]]]}},{"type":"Feature","geometry":{"type":"Polygon","coordinates":[[[159.175,-8.95],[159.157,-8.953],[159.124,-8.963],[159.111,-8.969],[159.091,-8.971],[159.042,-8.985],[159.02,-9.003],[159.017,-9.023],[159.024,-9.046],[159.013,-9.063],[159.02,-9.08],[159.035,-9.103],[159.053,-9.118],[159.073,-9.11],[159.068,-9.131],[159.091,-9.135],[159.079,-9.149],[159.086,-9.165],[159.109,-9.163],[159.127,-9.174],[159.148,-9.167],[159.149,-9.148],[159.18,-9.147],[159.216,-9.143],[159.237,-9.147],[159.276,-9.145],[159.296,-9.141],[159.318,-9.131],[159.315,-9.106],[159.306,-9.088],[159.308,-9.071],[159.296,-9.063],[159.266,-9.07],[159.278,-9.052],[159.289,-9.037],[159.285,-9.022],[159.276,-8.997],[159.26,-8.996],[159.256,-9.023],[159.243,-9.032],[159.235,-9.021],[159.242,-8.994],[159.245,-8.977],[159.229,-8.969],[159.212,-8.958],[159.206,-8.967],[159.193,-8.966],[159.175,-8.95]]]}},{"type":"Feature","geometry":{"type":"Polygon","coordinates":[[[160.051,-8.941],[160.028,-8.958],[160.01,-8.971],[160.022,-8.991],[160.039,-8.986],[160.04,-8.972],[160.063,-8.972],[160.056,-8.999],[160.051,-9.023],[160.061,-9.057],[160.082,-9.079],[160.099,-9.101],[160.133,-9.105],[160.148,-9.122],[160.163,-9.129],[160.159,-9.108],[160.179,-9.096],[160.178,-9.11],[160.191,-9.123],[160.204,-9.129],[160.221,-9.132],[160.217,-9.153],[160.203,-9.156],[160.192,-9.182],[160.208,-9.193],[160.233,-9.201],[160.252,-9.199],[160.269,-9.195],[160.285,-9.186],[160.295,-9.169],[160.318,-9.183],[160.344,-9.189],[160.37,-9.186],[160.388,-9.172],[160.418,-9.148],[160.412,-9.121],[160.396,-9.113],[160.358,-9.11],[160.347,-9.086],[160.33,-9.056],[160.309,-9.054],[160.299,-9.053],[160.279,-9.038],[160.257,-9.022],[160.236,-9.002],[160.225,-8.986],[160.215,-8.997],[160.217,-9.015],[160.197,-9],[160.17,-9.002],[160.154,-9.007],[160.142,-8.984],[160.117,-8.996],[160.117,-8.967],[160.097,-8.951],[160.066,-8.942],[160.051,-8.941]]]}},{"type":"Feature","geometry":{"type":"Polygon","coordinates":[[[159.996,-11.453],[159.955,-11.467],[159.937,-11.502],[159.957,-11.57],[160.018,-11.616],[160.039,-11.633],[160.045,-11.618],[160.069,-11.623],[160.081,-11.652],[160.157,-11.689],[160.245,-11.705],[160.273,-11.672],[160.302,-11.688],[160.283,-11.716],[160.3,-11.738],[160.343,-11.734],[160.391,-11.751],[160.415,-11.828],[160.471,-11.865],[160.515,-11.855],[160.532,-11.883],[160.567,-11.893],[160.593,-11.842],[160.646,-11.861],[160.674,-11.846],[160.658,-11.804],[160.564,-11.756],[160.504,-11.695],[160.395,-11.66],[160.355,-11.654],[160.24,-11.572],[160.157,-11.539],[160.119,-11.488],[160.05,-11.475],[159.996,-11.453]]]}},{"type":"Feature","geometry":{"type":"Polygon","coordinates":[[[166.042,-10.643],[166.015,-10.65],[165.957,-10.656],[165.928,-10.647],[165.906,-10.652],[165.876,-10.656],[165.837,-10.691],[165.829,-10.709],[165.827,-10.734],[165.818,-10.754],[165.805,-10.74],[165.807,-10.72],[165.816,-10.704],[165.829,-10.684],[165.829,-10.668],[165.819,-10.651],[165.804,-10.645],[165.791,-10.657],[165.778,-10.703],[165.783,-10.71],[165.785,-10.721],[165.76,-10.733],[165.743,-10.759],[165.749,-10.764],[165.744,-10.789],[165.758,-10.835],[165.775,-10.843],[165.818,-10.844],[165.841,-10.819],[165.842,-10.859],[165.852,-10.874],[165.867,-10.872],[165.881,-10.843],[165.899,-10.839],[165.907,-10.82],[165.927,-10.808],[165.936,-10.788],[165.957,-10.767],[165.975,-10.782],[166.018,-10.788],[166.043,-10.793],[166.016,-10.811],[166.021,-10.819],[166.035,-10.832],[166.052,-10.836],[166.077,-10.825],[166.094,-10.793],[166.09,-10.776],[166.119,-10.759],[166.14,-10.73],[166.154,-10.698],[166.155,-10.672],[166.133,-10.66],[166.117,-10.667],[166.094,-10.655],[166.042,-10.643]]]}},{"type":"Feature","geometry":{"type":"Polygon","coordinates":[[[159.576,-5.349],[159.558,-5.371],[159.574,-5.382],[159.653,-5.392],[159.667,-5.426],[159.677,-5.484],[159.651,-5.514],[159.564,-5.503],[159.475,-5.462],[159.427,-5.434],[159.4,-5.447],[159.354,-5.421],[159.296,-5.449],[159.249,-5.41],[159.215,-5.396],[159.186,-5.359],[159.177,-5.377],[159.194,-5.416],[159.228,-5.425],[159.25,-5.451],[159.28,-5.485],[159.296,-5.468],[159.343,-5.438],[159.361,-5.464],[159.39,-5.481],[159.418,-5.456],[159.469,-5.498],[159.521,-5.528],[159.631,-5.547],[159.679,-5.537],[159.719,-5.481],[159.699,-5.414],[159.719,-5.377],[159.682,-5.372],[159.642,-5.353],[159.608,-5.363],[159.576,-5.349]]]}},{"type":"Feature","geometry":{"type":"Polygon","coordinates":[[[159.323,-5.01],[159.266,-5.034],[159.271,-5.052],[159.298,-5.044],[159.337,-5.041],[159.385,-5.077],[159.377,-5.118],[159.373,-5.207],[159.373,-5.271],[159.435,-5.361],[159.468,-5.367],[159.468,-5.356],[159.445,-5.338],[159.423,-5.31],[159.406,-5.256],[159.394,-5.232],[159.4,-5.163],[159.419,-5.108],[159.419,-5.062],[159.323,-5.01]]]}},{"type":"Feature","geometry":{"type":"Polygon","coordinates":[[[50.783,12.011],[50.525,11.875],[50.164,11.584],[49.68,11.485],[49.298,11.355],[48.759,11.325],[48.312,11.263],[47.705,11.118],[47.079,11.019],[46.388,10.708],[45.759,10.883],[45.188,10.574],[44.617,10.405],[43.721,10.937],[43.535,11.362],[43.489,11.448],[43.448,11.523],[43.404,11.411],[43.36,11.508],[42.963,10.983],[42.705,10.536],[42.884,10.199],[43.06,9.984],[43.257,9.847],[43.397,9.555],[43.645,9.355],[45.477,8.511],[44.975,4.921],[43.314,4.741],[42.827,4.264],[42.089,4.185],[41.858,3.909],[41.557,-1.598],[42.001,-1.17],[43.815,0.888],[45.747,2.227],[46.375,2.781],[47.504,3.903],[48.426,5.162],[49.134,6.412],[49.646,7.353],[49.834,7.836],[50.165,8.183],[50.372,8.555],[50.451,8.861],[50.809,9.296],[50.861,9.69],[50.924,10.184],[51.217,10.408],[51.415,10.496],[51.18,10.615],[51.174,11.046],[51.096,11.3],[51.279,11.68],[51.27,11.865],[50.897,11.964],[50.783,12.011]]]}},{"type":"Feature","geometry":{"type":"MultiPolygon","coordinates":[[[[29.648,-22.124],[29.27,-22.197],[29.012,-22.247],[28.923,-22.455],[28.669,-22.536],[28.346,-22.576],[28.037,-22.837],[27.912,-23.078],[27.752,-23.212],[27.572,-23.272],[27.374,-23.414],[27.225,-23.497],[27.147,-23.558],[27.068,-23.634],[26.96,-23.752],[26.919,-23.973],[26.87,-24.193],[26.492,-24.523],[25.872,-24.92],[25.017,-25.732],[24.394,-25.766],[24.138,-25.633],[23.839,-25.569],[23.672,-25.442],[23.499,-25.358],[23.277,-25.275],[23.052,-25.291],[22.82,-25.588],[22.74,-25.883],[22.53,-26.232],[22.199,-26.39],[21.696,-26.865],[21.077,-26.855],[20.679,-26.84],[20.615,-26.437],[20.829,-26.092],[20.766,-25.804],[20.653,-25.616],[20.617,-25.459],[20.502,-25.274],[20.377,-25.032],[20.183,-24.91],[19.858,-28.459],[18.49,-28.888],[17.25,-28.241],[16.854,-28.215],[16.451,-28.639],[18.268,-32.607],[18.075,-33.259],[18.311,-33.975],[18.798,-34.182],[19.38,-34.669],[20.256,-34.681],[21.506,-34.384],[22.505,-34.059],[24.607,-34.212],[25.812,-33.793],[29.479,-31.714],[32.327,-28.652],[32.844,-27.124],[32.053,-26.818],[30.891,-26.786],[31.418,-25.719],[31.753,-23.868],[31.09,-22.349],[30.352,-22.35],[29.781,-22.149],[29.648,-22.124]],[[28.65,-28.571],[28.924,-28.815],[29.1,-28.943],[29.346,-29.182],[29.435,-29.394],[29.301,-29.485],[29.283,-29.625],[29.126,-29.769],[29.099,-29.966],[28.787,-30.107],[28.346,-30.223],[28.269,-30.352],[28.163,-30.559],[27.978,-30.654],[27.756,-30.607],[27.676,-30.534],[27.613,-30.489],[27.572,-30.429],[27.489,-30.364],[27.39,-30.34],[27.379,-30.299],[27.365,-30.26],[27.389,-30.194],[27.406,-30.143],[27.255,-30.026],[27.024,-29.666],[27.038,-29.624],[27.104,-29.59],[27.208,-29.565],[27.278,-29.526],[27.359,-29.485],[27.404,-29.413],[27.429,-29.374],[27.456,-29.306],[27.525,-29.265],[27.533,-29.219],[27.605,-29.168],[27.643,-29.117],[27.665,-29.079],[27.675,-29.043],[27.718,-29],[27.727,-28.95],[27.757,-28.913],[27.83,-28.904],[27.888,-28.917],[27.92,-28.859],[27.984,-28.877],[28.03,-28.873],[28.042,-28.845],[28.078,-28.808],[28.129,-28.747],[28.154,-28.719],[28.19,-28.696],[28.234,-28.695],[28.274,-28.711],[28.302,-28.706],[28.326,-28.701],[28.36,-28.691],[28.371,-28.673],[28.394,-28.644],[28.409,-28.621],[28.441,-28.618],[28.459,-28.611],[28.495,-28.608],[28.517,-28.609],[28.535,-28.608],[28.574,-28.61],[28.615,-28.593],[28.648,-28.572],[28.65,-28.571]]]]}},{"type":"Feature","geometry":{"type":"Polygon","coordinates":[[[128.362,38.617],[128.078,38.31],[127.716,38.329],[127.304,38.316],[126.975,38.181],[126.835,38.03],[126.666,37.78],[126.228,37.814],[126.16,37.661],[126.339,37.475],[126.538,37.298],[126.587,37.176],[126.406,37.032],[126.097,36.778],[126.264,36.653],[126.398,36.351],[126.593,36.07],[126.646,35.839],[126.453,35.648],[126.435,35.467],[126.357,35.164],[126.355,35.155],[126.218,35.113],[126.031,35.105],[126.124,34.986],[126.208,34.852],[126.234,34.705],[126.156,34.515],[126.134,34.345],[126.396,34.483],[126.459,34.377],[126.541,34.268],[126.635,34.37],[126.815,34.316],[126.962,34.418],[127.018,34.565],[127.251,34.728],[127.106,34.499],[127.209,34.411],[127.288,34.431],[127.435,34.503],[127.549,34.445],[127.514,34.595],[127.671,34.552],[127.787,34.474],[127.831,34.47],[127.811,34.583],[127.781,34.787],[127.824,34.932],[127.903,34.718],[128.039,34.679],[128.088,34.841],[128.213,34.889],[128.355,34.8],[128.442,34.784],[128.551,34.689],[128.71,34.758],[128.826,34.979],[129.111,35.075],[129.457,35.468],[129.419,36.057],[129.427,36.603],[129.368,37.24],[129.082,37.664],[128.468,38.435],[128.362,38.617]]]}},{"type":"Feature","geometry":{"type":"Polygon","coordinates":[[[126.815,33.576],[126.648,33.561],[126.486,33.531],[126.315,33.481],[126.233,33.435],[126.193,33.402],[126.156,33.35],[126.149,33.29],[126.178,33.242],[126.23,33.21],[126.247,33.156],[126.278,33.151],[126.302,33.188],[126.337,33.218],[126.394,33.226],[126.497,33.211],[126.609,33.221],[126.664,33.251],[126.807,33.282],[126.869,33.32],[126.942,33.411],[126.95,33.477],[126.979,33.476],[126.985,33.5],[126.953,33.536],[126.922,33.528],[126.855,33.545],[126.815,33.576]]]}},{"type":"Feature","geometry":{"type":"Polygon","coordinates":[[[32.732,12.233],[32.48,11.035],[30.832,9.722],[28.831,9.454],[26.459,9.545],[25.895,10.411],[25.812,10.427],[25.693,10.403],[25.586,10.405],[25.452,10.377],[25.341,10.378],[25.225,10.359],[25.126,10.325],[25.057,10.241],[25.065,10.141],[25.032,10.038],[25.012,9.97],[24.959,9.888],[24.865,9.822],[24.696,9.821],[24.532,9.823],[24.3,9.786],[24.057,9.668],[23.456,8.992],[23.623,8.736],[24.232,8.698],[24.392,8.27],[24.936,8.023],[25.207,7.495],[25.642,7.224],[26.15,6.851],[26.404,6.315],[26.613,6.037],[27.228,5.684],[27.333,5.217],[27.772,4.78],[28.335,4.367],[29.086,4.437],[29.717,4.602],[30.164,4.055],[30.575,3.663],[30.862,3.482],[31.706,3.718],[32.201,3.507],[34.048,4.291],[35.863,5.301],[35.584,5.417],[35.336,5.335],[35.318,5.454],[35.01,5.994],[34.991,6.394],[34.886,6.587],[34.623,6.746],[34.456,6.925],[34.234,7.004],[34.01,7.382],[33.671,7.699],[33.395,7.729],[33.161,7.802],[33.085,8.08],[33.219,8.432],[33.49,8.478],[33.817,8.404],[34.148,9.037],[33.972,10.099],[33.268,12.204],[32.732,12.233]]]}},{"type":"Feature","geometry":{"type":"Polygon","coordinates":[[[-7.692,43.794],[-8.199,43.626],[-8.332,43.413],[-8.821,43.36],[-9.182,43.195],[-9.247,42.918],[-9.054,42.667],[-8.847,42.603],[-8.869,42.519],[-8.865,42.309],[-8.895,42.055],[-8.384,42.076],[-8.102,42.008],[-7.87,41.848],[-7.388,41.842],[-6.743,41.945],[-6.192,41.574],[-6.584,41.243],[-6.801,40.694],[-6.967,40.236],[-6.98,39.823],[-7.247,39.248],[-7.31,38.517],[-6.978,38.104],[-7.491,37.6],[-6.909,37.125],[-6.062,36.183],[-5.422,36.086],[-5.249,36.29],[-4.203,36.706],[-3.549,36.708],[-2.808,36.698],[-2.108,36.727],[-1.789,37.219],[-1.188,37.557],[-0.702,37.657],[-0.538,38.178],[-0.047,38.576],[-0.03,38.89],[0.046,39.959],[0.731,40.631],[0.78,40.794],[1.267,41.103],[2.31,41.466],[3.183,41.861],[3.174,42.244],[3.219,42.353],[2.839,42.459],[2.342,42.416],[1.92,42.447],[1.662,42.479],[1.458,42.437],[1.442,42.565],[1.357,42.718],[1.079,42.787],[0.683,42.708],[-0.11,42.728],[-0.603,42.831],[-1.107,43.017],[-1.428,43.117],[-1.563,43.268],[-1.737,43.322],[-2.291,43.312],[-3.271,43.411],[-3.786,43.497],[-4.837,43.452],[-5.699,43.589],[-6.114,43.566],[-6.94,43.581],[-7.6,43.705],[-7.692,43.794]]]}},{"type":"Feature","geometry":{"type":"Polygon","coordinates":[[[4.077,40.1],[4.07,40.091],[4.075,40.081],[4.073,40.074],[4.059,40.067],[4.031,40.075],[4.014,40.068],[3.971,40.065],[3.931,40.069],[3.913,40.061],[3.882,40.066],[3.823,40.058],[3.82,40.059],[3.801,40.037],[3.783,40.019],[3.791,39.994],[3.815,39.988],[3.819,39.967],[3.808,39.935],[3.816,39.919],[3.845,39.916],[3.906,39.917],[3.943,39.926],[3.976,39.923],[4.026,39.911],[4.066,39.894],[4.1,39.873],[4.137,39.859],[4.189,39.825],[4.226,39.811],[4.26,39.805],[4.271,39.794],[4.292,39.796],[4.303,39.8],[4.298,39.812],[4.307,39.83],[4.318,39.864],[4.331,39.877],[4.325,39.887],[4.312,39.906],[4.29,39.931],[4.287,39.946],[4.289,39.963],[4.28,39.972],[4.271,39.983],[4.279,39.999],[4.265,40.006],[4.239,40.007],[4.223,40.014],[4.214,40.03],[4.198,40.039],[4.179,40.042],[4.178,40.054],[4.173,40.072],[4.137,40.075],[4.123,40.068],[4.108,40.067],[4.112,40.086],[4.093,40.092],[4.077,40.1]]]}},{"type":"Feature","geometry":{"type":"Polygon","coordinates":[[[3.189,39.969],[3.118,39.953],[3.051,39.946],[2.973,39.92],[2.922,39.912],[2.823,39.872],[2.758,39.849],[2.663,39.8],[2.611,39.753],[2.524,39.708],[2.444,39.662],[2.326,39.605],[2.289,39.573],[2.333,39.577],[2.352,39.55],[2.368,39.523],[2.409,39.513],[2.449,39.515],[2.453,39.491],[2.468,39.457],[2.521,39.447],[2.544,39.474],[2.56,39.518],[2.615,39.537],[2.646,39.554],[2.734,39.502],[2.713,39.469],[2.725,39.416],[2.768,39.373],[2.805,39.357],[2.843,39.354],[2.91,39.345],[2.948,39.354],[2.97,39.324],[3.014,39.286],[3.071,39.261],[3.149,39.313],[3.203,39.341],[3.284,39.406],[3.311,39.49],[3.397,39.566],[3.398,39.593],[3.445,39.626],[3.461,39.649],[3.487,39.705],[3.467,39.732],[3.444,39.749],[3.379,39.776],[3.32,39.771],[3.237,39.741],[3.143,39.781],[3.173,39.825],[3.209,39.855],[3.213,39.892],[3.167,39.888],[3.1,39.875],[3.114,39.894],[3.195,39.926],[3.224,39.967],[3.189,39.969]]]}},{"type":"Feature","geometry":{"type":"Polygon","coordinates":[[[1.535,39.123],[1.5,39.107],[1.467,39.111],[1.429,39.097],[1.399,39.084],[1.365,39.078],[1.334,39.059],[1.291,39.036],[1.279,38.998],[1.279,38.978],[1.231,38.978],[1.214,38.999],[1.208,38.973],[1.201,38.964],[1.191,38.954],[1.23,38.935],[1.21,38.903],[1.218,38.877],[1.202,38.874],[1.187,38.861],[1.23,38.869],[1.257,38.855],[1.28,38.871],[1.303,38.858],[1.322,38.854],[1.35,38.863],[1.371,38.828],[1.404,38.824],[1.414,38.802],[1.414,38.77],[1.421,38.742],[1.383,38.729],[1.373,38.696],[1.383,38.637],[1.434,38.664],[1.49,38.671],[1.557,38.645],[1.586,38.671],[1.533,38.679],[1.48,38.719],[1.456,38.733],[1.426,38.802],[1.408,38.853],[1.427,38.893],[1.464,38.903],[1.493,38.918],[1.533,38.945],[1.559,38.984],[1.592,38.989],[1.62,39.021],[1.658,39.035],[1.631,39.038],[1.594,39.066],[1.614,39.096],[1.561,39.108],[1.535,39.123]]]}},{"type":"Feature","geometry":{"type":"Polygon","coordinates":[[[-16.157,28.603],[-16.206,28.586],[-16.302,28.588],[-16.328,28.594],[-16.344,28.571],[-16.374,28.565],[-16.419,28.54],[-16.453,28.483],[-16.501,28.449],[-16.54,28.422],[-16.611,28.411],[-16.672,28.41],[-16.721,28.395],[-16.78,28.388],[-16.83,28.403],[-16.885,28.376],[-16.935,28.361],[-16.935,28.336],[-16.919,28.326],[-16.86,28.26],[-16.857,28.239],[-16.805,28.122],[-16.753,28.082],[-16.769,28.054],[-16.728,28.034],[-16.734,28.015],[-16.707,27.987],[-16.661,27.986],[-16.602,28.008],[-16.536,28.017],[-16.528,28.032],[-16.416,28.13],[-16.407,28.164],[-16.409,28.198],[-16.372,28.275],[-16.346,28.313],[-16.353,28.353],[-16.342,28.381],[-16.283,28.416],[-16.253,28.441],[-16.228,28.469],[-16.172,28.495],[-16.109,28.528],[-16.105,28.558],[-16.121,28.593],[-16.157,28.603]]]}},{"type":"Feature","geometry":{"type":"Polygon","coordinates":[[[-17.897,28.862],[-17.926,28.86],[-17.955,28.846],[-17.997,28.813],[-18.015,28.783],[-18.013,28.759],[-17.992,28.729],[-17.978,28.683],[-17.964,28.653],[-17.939,28.628],[-17.939,28.605],[-17.927,28.585],[-17.895,28.543],[-17.885,28.48],[-17.857,28.447],[-17.829,28.448],[-17.812,28.481],[-17.778,28.53],[-17.755,28.56],[-17.745,28.589],[-17.739,28.624],[-17.759,28.661],[-17.755,28.69],[-17.728,28.713],[-17.716,28.743],[-17.742,28.786],[-17.767,28.842],[-17.803,28.851],[-17.853,28.841],[-17.885,28.85],[-17.897,28.862]]]}},{"type":"Feature","geometry":{"type":"Polygon","coordinates":[[[-17.934,27.857],[-17.967,27.845],[-18.004,27.829],[-18.008,27.8],[-18.064,27.771],[-18.14,27.78],[-18.17,27.764],[-18.171,27.704],[-18.137,27.687],[-18.055,27.673],[-18.023,27.639],[-17.98,27.621],[-17.963,27.639],[-17.946,27.703],[-17.923,27.705],[-17.895,27.758],[-17.862,27.806],[-17.886,27.844],[-17.934,27.857]]]}},{"type":"Feature","geometry":{"type":"Polygon","coordinates":[[[-15.428,28.187],[-15.452,28.171],[-15.443,28.151],[-15.463,28.137],[-15.492,28.151],[-15.529,28.163],[-15.597,28.152],[-15.616,28.171],[-15.634,28.178],[-15.665,28.173],[-15.694,28.177],[-15.717,28.166],[-15.706,28.148],[-15.723,28.11],[-15.721,28.089],[-15.747,28.066],[-15.772,28.051],[-15.79,28.028],[-15.828,28.021],[-15.831,28.007],[-15.841,27.983],[-15.84,27.958],[-15.842,27.921],[-15.838,27.902],[-15.773,27.809],[-15.708,27.766],[-15.682,27.742],[-15.664,27.745],[-15.638,27.738],[-15.62,27.727],[-15.585,27.726],[-15.561,27.733],[-15.557,27.749],[-15.542,27.76],[-15.506,27.769],[-15.451,27.784],[-15.417,27.797],[-15.405,27.828],[-15.379,27.843],[-15.371,27.87],[-15.385,27.886],[-15.377,27.919],[-15.362,27.921],[-15.351,27.928],[-15.369,27.959],[-15.358,27.987],[-15.371,28.024],[-15.39,28.039],[-15.406,28.061],[-15.401,28.113],[-15.39,28.135],[-15.389,28.165],[-15.402,28.184],[-15.428,28.187]]]}},{"type":"Feature","geometry":{"type":"Polygon","coordinates":[[[-13.809,28.772],[-13.833,28.762],[-13.85,28.747],[-13.878,28.765],[-13.909,28.766],[-13.961,28.751],[-13.995,28.734],[-14.03,28.716],[-14.026,28.676],[-14.047,28.633],[-14.051,28.595],[-14.106,28.484],[-14.159,28.447],[-14.174,28.393],[-14.187,28.357],[-14.22,28.332],[-14.225,28.235],[-14.244,28.211],[-14.32,28.156],[-14.424,28.116],[-14.49,28.122],[-14.496,28.118],[-14.516,28.09],[-14.518,28.06],[-14.503,28.058],[-14.47,28.062],[-14.428,28.051],[-14.379,28.042],[-14.333,28.037],[-14.314,28.047],[-14.275,28.076],[-14.247,28.11],[-14.201,28.159],[-14.132,28.171],[-14.047,28.192],[-13.993,28.209],[-13.942,28.218],[-13.905,28.237],[-13.89,28.273],[-13.883,28.307],[-13.853,28.367],[-13.837,28.41],[-13.847,28.435],[-13.846,28.459],[-13.852,28.481],[-13.834,28.505],[-13.818,28.551],[-13.815,28.604],[-13.818,28.66],[-13.826,28.713],[-13.844,28.739],[-13.816,28.73],[-13.806,28.736],[-13.8,28.757],[-13.809,28.772]]]}},{"type":"Feature","geometry":{"type":"Polygon","coordinates":[[[-13.539,29.322],[-13.553,29.289],[-13.553,29.258],[-13.572,29.223],[-13.543,29.201],[-13.538,29.181],[-13.548,29.128],[-13.601,29.15],[-13.644,29.137],[-13.708,29.114],[-13.77,29.084],[-13.808,29.066],[-13.85,29.003],[-13.857,28.928],[-13.9,28.899],[-13.895,28.857],[-13.874,28.837],[-13.83,28.843],[-13.821,28.824],[-13.769,28.827],[-13.723,28.893],[-13.688,28.902],[-13.574,28.929],[-13.49,28.97],[-13.447,29.015],[-13.431,29.081],[-13.438,29.123],[-13.401,29.171],[-13.401,29.215],[-13.445,29.247],[-13.442,29.272],[-13.476,29.29],[-13.505,29.321],[-13.539,29.322]]]}},{"type":"Feature","geometry":{"type":"Polygon","coordinates":[[[80.196,9.847],[80.019,9.839],[79.842,9.778],[79.747,9.673],[79.777,9.568],[79.894,9.579],[80.037,9.572],[80.123,9.475],[80.026,9.384],[80.081,9.282],[80.041,9.121],[79.948,9.009],[79.883,9.094],[79.702,9.12],[79.586,9.102],[79.612,9.059],[79.722,9.053],[79.854,8.96],[79.894,8.808],[79.908,8.664],[79.85,8.538],[79.814,8.514],[79.761,8.509],[79.779,8.403],[79.706,8.256],[79.685,8.048],[79.765,7.633],[79.829,7.273],[79.799,7.198],[79.799,6.961],[79.825,6.905],[79.949,6.539],[79.98,6.412],[80.04,6.206],[80.21,6.005],[80.491,5.919],[80.607,5.923],[80.796,5.988],[81.229,6.145],[81.552,6.321],[81.844,6.737],[81.884,7.147],[81.848,7.446],[81.716,7.753],[81.601,7.855],[81.56,7.964],[81.538,8.012],[81.461,8.146],[81.346,8.536],[81.236,8.502],[81.245,8.591],[81.186,8.736],[81.063,8.878],[80.847,9.285],[80.342,9.704],[80.196,9.847],[80.196,9.847]]]}},{"type":"Feature","geometry":{"type":"Polygon","coordinates":[[[36.892,22.001],[23.247,15.705],[22.988,15.409],[22.89,15.095],[22.402,14.594],[22.555,14.231],[22.084,13.779],[22.187,13.232],[21.85,12.841],[22.335,12.672],[22.61,12.059],[22.971,11.286],[23.306,10.459],[24.159,9.735],[24.366,9.79],[24.534,9.811],[24.677,9.802],[24.798,9.792],[24.896,9.849],[24.978,9.895],[25.012,9.97],[25.046,10.034],[25.071,10.082],[25.036,10.171],[25.056,10.258],[25.122,10.314],[25.199,10.34],[25.273,10.34],[25.366,10.37],[25.47,10.374],[25.575,10.389],[25.664,10.427],[25.765,10.427],[25.836,10.416],[25.895,10.411],[26.215,9.915],[28.036,9.345],[29.156,9.742],[30.867,9.721],[32.426,10.993],[32.752,12.055],[33.256,12.147],[33.972,10.099],[33.883,9.538],[34.224,9.912],[34.347,10.167],[34.281,10.518],[34.7,10.828],[34.87,10.77],[34.951,10.97],[34.955,11.248],[35.056,11.736],[35.347,12.055],[35.718,12.672],[35.788,12.655],[36.161,12.686],[36.153,12.948],[36.236,13.234],[36.391,13.626],[36.488,13.868],[36.557,14.241],[36.62,15.456],[36.893,16.619],[36.961,16.944],[37.423,17.097],[37.871,17.447],[38.276,17.635],[38.147,18.417],[37.266,20.355],[36.892,22.001]]]}},{"type":"Feature","geometry":{"type":"Polygon","coordinates":[[[-56.981,6.024],[-57.145,5.662],[-57.346,5.315],[-57.263,5.28],[-57.258,5.17],[-57.327,5.023],[-57.684,5.012],[-57.832,4.664],[-58.064,4.182],[-57.917,3.866],[-57.71,3.556],[-57.64,3.348],[-57.474,3.337],[-57.338,3.359],[-57.291,3.274],[-57.255,3.131],[-57.207,3.024],[-57.181,2.94],[-57.123,2.817],[-57.086,2.772],[-57.062,2.632],[-57.019,2.58],[-56.959,2.516],[-56.933,2.394],[-56.878,2.287],[-56.691,2.028],[-56.485,1.953],[-56.31,1.921],[-56.12,1.852],[-55.922,1.939],[-55.963,2.092],[-56.135,2.261],[-55.989,2.42],[-55.929,2.536],[-55.753,2.416],[-55.578,2.437],[-55.368,2.419],[-55.238,2.504],[-55.011,2.586],[-54.804,2.437],[-54.715,2.392],[-54.581,2.35],[-54.483,2.427],[-54.345,2.548],[-54.248,2.733],[-54.193,2.873],[-54.172,3.029],[-54.211,3.124],[-54.073,3.312],[-54.003,3.526],[-54.032,3.634],[-54.079,3.715],[-54.197,3.849],[-54.303,3.993],[-54.392,4.174],[-54.393,4.285],[-54.435,4.412],[-54.433,4.711],[-54.439,5.013],[-54.209,5.3],[-54.002,5.567],[-53.973,5.803],[-54.105,5.878],[-54.741,5.993],[-55.168,5.921],[-55.591,6.008],[-55.964,5.856],[-56.239,5.893],[-56.854,5.997],[-56.981,6.024]]]}},{"type":"Feature","geometry":{"type":"Polygon","coordinates":[[[20.547,69.06],[18.127,68.537],[16.389,67.046],[14.505,65.522],[13.574,64.059],[12.137,62.748],[12.686,61.056],[12.48,60.072],[11.698,59.614],[11.536,58.881],[11.364,59.099],[11.239,59.091],[10.959,58.882],[11.028,58.617],[11.297,58.211],[11.577,57.788],[11.898,57.332],[12.406,56.891],[12.549,56.475],[12.673,56.023],[12.777,55.446],[14.373,55.479],[14.837,56.04],[15.963,56.11],[16.394,56.173],[17.141,57.371],[16.537,56.884],[16.776,57.454],[17.095,58.252],[17.553,58.695],[18.517,58.94],[19.004,59.435],[19.188,59.813],[18.8,60.287],[18.152,60.542],[17.422,60.884],[17.227,61.477],[17.408,61.903],[17.487,62.324],[18.292,62.786],[19.248,63.294],[20.121,63.632],[21.187,64.184],[21.33,64.638],[21.53,64.997],[21.888,65.218],[22.374,65.375],[22.599,65.445],[22.707,65.566],[22.977,65.625],[23.509,65.697],[23.807,65.559],[24.153,65.82],[24.118,65.924],[23.938,66.1],[23.834,66.17],[23.689,66.388],[23.92,66.775],[23.59,67.194],[23.508,67.445],[23.585,67.897],[23.137,68.181],[22.651,68.414],[21.888,68.587],[21.414,68.731],[21.142,68.847],[20.892,68.891],[20.608,69.049],[20.547,69.06]]]}},{"type":"Feature","geometry":{"type":"Polygon","coordinates":[[[19.267,58.021],[19.168,58.018],[19.045,57.991],[19.006,57.948],[18.905,57.957],[18.798,57.932],[18.734,57.956],[18.625,57.921],[18.553,57.852],[18.46,57.851],[18.388,57.786],[18.224,57.647],[18.13,57.604],[18.086,57.544],[18.059,57.43],[18.097,57.402],[18.144,57.347],[18.078,57.341],[17.993,57.321],[17.927,57.291],[17.952,57.26],[18.04,57.26],[18.092,57.218],[18.116,57.153],[18.149,57.12],[18.119,57.09],[18.163,57.054],[18.155,57.009],[18.073,56.924],[18.092,56.896],[18.215,56.879],[18.366,56.94],[18.43,56.999],[18.38,57.024],[18.405,57.072],[18.515,57.097],[18.542,57.132],[18.57,57.163],[18.721,57.203],[18.773,57.237],[18.781,57.285],[18.759,57.318],[18.814,57.347],[18.938,57.362],[19.006,57.414],[19.017,57.452],[18.951,57.47],[18.847,57.469],[18.828,57.508],[18.839,57.594],[18.864,57.642],[18.954,57.689],[19.061,57.726],[19.141,57.798],[19.19,57.851],[19.201,57.908],[19.33,57.913],[19.388,57.951],[19.366,57.989],[19.311,58.007],[19.267,58.021]]]}},{"type":"Feature","geometry":{"type":"Polygon","coordinates":[[[8.562,47.803],[8.476,47.65],[8.624,47.639],[8.51,47.619],[8.279,47.613],[8.099,47.563],[7.86,47.588],[7.633,47.561],[7.694,47.601],[7.517,47.545],[7.499,47.515],[7.419,47.445],[7.203,47.491],[7.002,47.455],[6.928,47.356],[7.034,47.328],[6.942,47.232],[6.704,47.081],[6.497,46.976],[6.397,46.749],[6.156,46.546],[6.065,46.417],[6.152,46.347],[6.114,46.272],[6.001,46.221],[5.964,46.145],[6.047,46.141],[6.187,46.179],[6.307,46.252],[6.242,46.273],[6.802,46.387],[6.856,46.292],[6.798,46.136],[6.915,46.053],[7.037,45.955],[7.167,45.869],[7.357,45.909],[7.549,45.986],[7.777,45.933],[7.911,45.997],[8.15,46.163],[8.224,46.332],[8.384,46.45],[8.441,46.319],[8.567,46.181],[8.714,46.099],[8.822,46.023],[8.944,45.868],[9.08,45.901],[9.009,45.988],[9.18,46.169],[9.3,46.326],[9.426,46.495],[9.728,46.318],[9.998,46.349],[10.105,46.329],[10.04,46.541],[10.269,46.576],[10.407,46.634],[10.412,46.978],[9.871,46.932],[9.582,47.053],[9.514,47.057],[9.476,47.052],[9.508,47.229],[9.608,47.47],[9.025,47.685],[8.847,47.711],[8.799,47.698],[8.69,47.759],[8.562,47.803]]]}},{"type":"Feature","geometry":{"type":"Polygon","coordinates":[[[42.226,37.32],[41.487,37.08],[40.759,37.115],[40.016,36.824],[38.835,36.703],[38.162,36.9],[37.652,36.749],[37.127,36.667],[36.98,36.76],[36.609,36.682],[36.62,36.356],[36.684,36.295],[36.66,36.229],[36.503,36.229],[36.383,36.216],[36.386,36.189],[36.376,36.129],[36.378,36.072],[36.179,35.936],[35.969,35.934],[35.754,35.648],[35.92,35.191],[35.916,34.791],[36.006,34.642],[36.067,34.634],[36.105,34.635],[36.177,34.633],[36.244,34.637],[36.298,34.635],[36.32,34.687],[36.351,34.671],[36.411,34.63],[36.448,34.59],[36.36,34.53],[36.409,34.505],[36.509,34.44],[36.558,34.411],[36.589,34.286],[36.568,34.133],[36.408,34.045],[36.319,33.942],[36.32,33.885],[36.35,33.826],[36.213,33.829],[36.046,33.781],[35.971,33.713],[35.97,33.623],[36.032,33.542],[35.965,33.525],[35.946,33.469],[35.888,33.427],[35.817,33.352],[35.712,33.313],[35.62,33.254],[35.667,33.211],[35.635,32.977],[35.64,32.834],[35.643,32.683],[35.727,32.727],[35.809,32.742],[35.913,32.723],[36.023,32.657],[36.156,32.523],[36.244,32.495],[36.408,32.377],[36.862,32.316],[37.572,32.73],[41.119,34.66],[42.352,37.053],[42.259,37.273],[42.226,37.32]]]}},{"type":"Feature","geometry":{"type":"Polygon","coordinates":[[[121.586,25.317],[121.444,25.28],[121.325,25.172],[121.239,25.142],[120.945,24.937],[120.879,24.776],[120.819,24.697],[120.705,24.625],[120.601,24.457],[120.439,24.228],[120.376,24.14],[120.286,23.971],[120.227,23.869],[120.137,23.784],[120.11,23.622],[120.043,23.488],[120.051,23.403],[120.112,23.43],[120.089,23.342],[120.04,23.191],[120.001,23.051],[120.147,22.904],[120.218,22.638],[120.498,22.398],[120.628,22.246],[120.68,22.095],[120.693,21.976],[120.708,21.904],[120.768,21.936],[120.871,21.867],[120.863,21.962],[120.918,22.133],[120.909,22.289],[120.995,22.546],[121.042,22.642],[121.221,22.778],[121.252,22.85],[121.35,22.998],[121.426,23.101],[121.419,23.15],[121.434,23.221],[121.534,23.481],[121.546,23.596],[121.602,23.825],[121.671,24.01],[121.678,24.13],[121.756,24.242],[121.82,24.426],[121.862,24.508],[121.907,24.604],[121.837,24.769],[121.921,24.934],[122.029,25.031],[121.948,25.088],[121.853,25.153],[121.824,25.194],[121.754,25.187],[121.722,25.237],[121.659,25.268],[121.586,25.317],[121.586,25.317]]]}},{"type":"Feature","geometry":{"type":"Polygon","coordinates":[[[119.603,23.798],[119.57,23.776],[119.581,23.726],[119.555,23.744],[119.542,23.726],[119.535,23.675],[119.502,23.66],[119.485,23.611],[119.448,23.567],[119.457,23.55],[119.496,23.551],[119.526,23.563],[119.533,23.613],[119.561,23.641],[119.558,23.606],[119.55,23.574],[119.518,23.539],[119.498,23.506],[119.494,23.474],[119.539,23.478],[119.579,23.496],[119.616,23.502],[119.622,23.518],[119.646,23.535],[119.722,23.518],[119.741,23.533],[119.706,23.564],[119.695,23.595],[119.716,23.62],[119.677,23.657],[119.679,23.7],[119.644,23.705],[119.633,23.675],[119.619,23.689],[119.617,23.727],[119.639,23.746],[119.603,23.798]]]}},{"type":"Feature","geometry":{"type":"Polygon","coordinates":[[[118.135,24.392],[118.153,24.363],[118.253,24.396],[118.328,24.366],[118.386,24.403],[118.423,24.389],[118.471,24.403],[118.524,24.42],[118.455,24.53],[118.465,24.573],[118.435,24.592],[118.427,24.541],[118.398,24.538],[118.36,24.482],[118.314,24.51],[118.266,24.47],[118.227,24.462],[118.203,24.467],[118.191,24.42],[118.135,24.392]]]}},{"type":"Feature","geometry":{"type":"Polygon","coordinates":[[[70.444,41.043],[70.094,40.767],[69.583,40.696],[69.215,40.543],[69.291,40.225],[68.644,40.08],[68.901,40.05],[68.743,39.849],[68.559,39.604],[67.946,39.604],[67.397,39.531],[67.481,39.201],[67.874,39.002],[68.166,38.832],[68.102,38.515],[68.31,38.249],[68.181,37.936],[67.892,37.058],[68.627,37.211],[68.877,37.334],[69.234,37.114],[69.409,37.283],[69.795,37.582],[70.207,37.616],[70.196,37.843],[70.336,38.016],[70.6,38.307],[70.769,38.458],[70.861,38.461],[70.962,38.459],[71.037,38.43],[71.13,38.398],[71.256,38.31],[71.34,38.273],[71.373,38.166],[71.294,38.044],[71.254,37.934],[71.483,37.937],[71.588,37.887],[71.528,37.66],[71.495,37.415],[71.471,36.984],[72.627,37.023],[73.278,37.456],[73.753,37.227],[74.152,37.343],[74.454,37.408],[74.921,37.278],[74.913,37.912],[74.117,38.632],[73.831,38.919],[73.563,39.458],[72.93,39.365],[72.345,39.333],[71.841,39.283],[71.419,39.574],[70.895,39.378],[70.394,39.586],[69.913,39.579],[69.471,39.537],[69.287,39.768],[69.432,39.983],[69.512,40.088],[70.205,40.13],[70.502,39.93],[70.973,40.168],[70.483,40.354],[70.781,40.718],[70.444,41.043]]]}},{"type":"Feature","geometry":{"type":"Polygon","coordinates":[[[30.759,-0.985],[30.512,-1.072],[30.47,-1.128],[30.62,-1.377],[30.823,-1.78],[30.891,-2.096],[30.851,-2.307],[30.765,-2.384],[30.614,-2.403],[30.512,-2.486],[30.528,-2.655],[30.439,-2.756],[30.504,-2.955],[30.661,-2.981],[30.82,-3.024],[30.838,-3.199],[30.729,-3.288],[30.589,-3.476],[30.453,-3.609],[30.321,-3.815],[30.184,-4.082],[29.914,-4.351],[29.767,-4.455],[29.401,-4.426],[29.527,-6.168],[30.815,-8.24],[31.373,-8.591],[31.734,-8.92],[32.267,-9.131],[32.852,-9.372],[33.026,-9.404],[33.239,-9.494],[33.393,-9.534],[33.487,-9.625],[33.589,-9.584],[33.664,-9.612],[33.724,-9.584],[33.788,-9.607],[33.844,-9.651],[33.872,-9.666],[33.899,-9.689],[33.933,-9.71],[33.95,-9.577],[34.254,-9.695],[34.556,-10.405],[34.644,-10.713],[34.63,-11.124],[34.923,-11.399],[35.392,-11.585],[35.579,-11.554],[35.851,-11.425],[36.068,-11.541],[36.185,-11.672],[36.517,-11.758],[36.887,-11.588],[37.334,-11.676],[37.947,-11.259],[39.161,-11.141],[40.408,-10.504],[39.696,-9.398],[39.422,-7.888],[39.567,-6.943],[39.012,-5.507],[39.201,-4.661],[37.709,-3.309],[34.023,-1.005],[30.759,-0.985]]]}},{"type":"Feature","geometry":{"type":"Polygon","coordinates":[[[39.905,-7.623],[39.88,-7.65],[39.843,-7.696],[39.795,-7.74],[39.766,-7.767],[39.765,-7.791],[39.733,-7.795],[39.695,-7.812],[39.695,-7.839],[39.681,-7.866],[39.635,-7.911],[39.586,-7.933],[39.576,-7.938],[39.581,-7.959],[39.614,-7.989],[39.652,-8.005],[39.744,-7.989],[39.74,-8.031],[39.7,-8.042],[39.707,-8.069],[39.721,-8.084],[39.78,-8.05],[39.825,-7.994],[39.836,-7.942],[39.854,-7.921],[39.878,-7.861],[39.904,-7.814],[39.919,-7.64],[39.905,-7.623]]]}},{"type":"Feature","geometry":{"type":"Polygon","coordinates":[[[39.29,-5.701],[39.268,-5.713],[39.272,-5.755],[39.258,-5.792],[39.246,-5.757],[39.223,-5.738],[39.198,-5.749],[39.199,-5.841],[39.176,-5.878],[39.158,-5.919],[39.166,-5.992],[39.18,-6.045],[39.191,-6.105],[39.153,-6.102],[39.118,-6.12],[39.121,-6.158],[39.144,-6.187],[39.184,-6.229],[39.223,-6.303],[39.286,-6.337],[39.342,-6.37],[39.337,-6.393],[39.297,-6.367],[39.262,-6.366],[39.284,-6.394],[39.315,-6.423],[39.343,-6.457],[39.364,-6.42],[39.402,-6.422],[39.429,-6.45],[39.486,-6.493],[39.532,-6.491],[39.592,-6.446],[39.599,-6.385],[39.56,-6.325],[39.562,-6.265],[39.547,-6.157],[39.503,-6.109],[39.474,-6.116],[39.473,-6.165],[39.451,-6.147],[39.449,-6.079],[39.424,-6.027],[39.394,-5.955],[39.376,-5.882],[39.405,-5.824],[39.386,-5.803],[39.37,-5.768],[39.331,-5.713],[39.29,-5.701]]]}},{"type":"Feature","geometry":{"type":"Polygon","coordinates":[[[39.657,-4.852],[39.633,-4.991],[39.593,-5.107],[39.578,-5.168],[39.611,-5.178],[39.595,-5.232],[39.589,-5.261],[39.636,-5.235],[39.633,-5.211],[39.683,-5.229],[39.641,-5.277],[39.618,-5.332],[39.576,-5.345],[39.541,-5.385],[39.554,-5.423],[39.614,-5.483],[39.652,-5.498],[39.691,-5.486],[39.724,-5.488],[39.792,-5.436],[39.869,-5.266],[39.894,-4.901],[39.871,-4.867],[39.836,-4.865],[39.83,-4.895],[39.795,-4.909],[39.754,-4.882],[39.695,-4.852],[39.657,-4.852]]]}},{"type":"Feature","geometry":{"type":"Polygon","coordinates":[[[99.959,20.465],[99.73,20.349],[99.494,20.342],[99.194,20.131],[98.586,19.712],[97.847,19.293],[97.45,18.391],[98.228,17.203],[98.393,17.05],[98.509,16.911],[98.521,16.789],[98.515,16.693],[98.676,16.272],[98.849,16.129],[98.6,15.872],[98.379,15.275],[98.242,14.937],[98.534,14.442],[99.11,13.89],[99.115,13.053],[99.435,12.365],[99.524,11.62],[98.954,10.813],[98.366,9.74],[98.233,8.37],[98.462,8.172],[98.925,7.881],[99.348,7.33],[99.899,6.67],[100.297,6.684],[101.126,5.977],[101.923,5.848],[100.151,8.529],[99.712,9.655],[99.34,9.365],[99.406,10.677],[100.072,13.374],[100.94,12.488],[102.607,12.125],[102.722,12.489],[102.425,13.109],[102.359,13.435],[102.478,13.571],[102.598,13.707],[102.894,14.007],[102.908,14.096],[102.978,14.213],[103.137,14.324],[103.341,14.36],[103.535,14.425],[103.886,14.343],[104.339,14.37],[104.699,14.429],[104.992,14.325],[105.252,14.362],[105.518,14.652],[105.554,15.029],[105.593,15.512],[104.985,16.279],[104.212,18.003],[103.241,18.282],[102.611,17.949],[101.648,17.898],[101.181,17.499],[101.19,18.22],[101.205,19.35],[100.523,20.142],[100.043,20.398],[99.976,20.449],[99.959,20.465]]]}},{"type":"Feature","geometry":{"type":"Polygon","coordinates":[[[-0.14,11.14],[-0.055,11.085],[-0.014,11.112],[0.007,11.08],[0.033,10.985],[0.016,10.97],[-0.005,10.964],[-0.012,10.944],[-0.016,10.893],[-0.041,10.801],[-0.076,10.682],[0.062,10.561],[0.172,10.447],[0.206,10.42],[0.286,10.421],[0.334,10.336],[0.381,10.274],[0.365,10.084],[0.367,9.968],[0.341,9.816],[0.352,9.692],[0.346,9.575],[0.282,9.524],[0.231,9.463],[0.346,9.49],[0.502,9.472],[0.545,9.341],[0.48,9.147],[0.516,8.937],[0.499,8.816],[0.426,8.781],[0.383,8.736],[0.541,8.554],[0.646,8.491],[0.701,8.387],[0.731,8.287],[0.638,8.248],[0.614,8.186],[0.584,8.102],[0.615,7.75],[0.522,7.454],[0.596,7.115],[0.518,6.973],[0.534,6.858],[0.579,6.775],[0.648,6.738],[0.688,6.591],[0.758,6.442],[0.999,6.334],[1.198,6.166],[1.632,6.233],[1.784,6.278],[1.759,6.41],[1.692,6.551],[1.597,6.671],[1.622,6.738],[1.612,6.825],[1.574,6.947],[1.65,7.58],[1.634,8.358],[1.66,8.498],[1.623,9.016],[1.524,9.2],[1.39,9.49],[1.367,9.632],[1.353,9.996],[0.802,10.686],[0.891,10.924],[0.506,11.013],[-0.14,11.14]]]}},{"type":"Feature","geometry":{"type":"Polygon","coordinates":[[[-175.331,-21.052],[-175.364,-21.088],[-175.362,-21.102],[-175.349,-21.159],[-175.283,-21.204],[-175.245,-21.212],[-175.209,-21.224],[-175.19,-21.257],[-175.165,-21.27],[-175.131,-21.284],[-175.1,-21.268],[-175.097,-21.243],[-175.09,-21.213],[-175.068,-21.185],[-175.031,-21.169],[-175.02,-21.147],[-175.053,-21.119],[-175.086,-21.111],[-175.12,-21.117],[-175.133,-21.129],[-175.141,-21.116],[-175.145,-21.098],[-175.101,-21.099],[-175.085,-21.092],[-175.088,-21.079],[-175.128,-21.072],[-175.167,-21.081],[-175.165,-21.101],[-175.171,-21.125],[-175.209,-21.118],[-175.224,-21.106],[-175.254,-21.107],[-175.283,-21.115],[-175.327,-21.111],[-175.328,-21.088],[-175.318,-21.069],[-175.32,-21.053],[-175.331,-21.052]]]}},{"type":"Feature","geometry":{"type":"Polygon","coordinates":[[[-61.006,10.852],[-61.073,10.839],[-61.16,10.823],[-61.28,10.806],[-61.352,10.822],[-61.379,10.8],[-61.422,10.784],[-61.46,10.783],[-61.484,10.765],[-61.499,10.771],[-61.519,10.779],[-61.558,10.76],[-61.604,10.759],[-61.653,10.729],[-61.7,10.706],[-61.745,10.712],[-61.773,10.68],[-61.742,10.667],[-61.69,10.669],[-61.657,10.648],[-61.591,10.656],[-61.545,10.651],[-61.497,10.599],[-61.482,10.518],[-61.501,10.468],[-61.504,10.375],[-61.477,10.332],[-61.485,10.268],[-61.582,10.248],[-61.633,10.261],[-61.659,10.211],[-61.707,10.187],[-61.772,10.167],[-61.84,10.121],[-61.917,10.098],[-61.942,10.042],[-61.848,10.055],[-61.785,10.064],[-61.682,10.072],[-61.635,10.049],[-61.56,10.062],[-61.429,10.064],[-61.317,10.07],[-61.223,10.065],[-61.173,10.067],[-61.05,10.117],[-61.012,10.145],[-60.997,10.129],[-60.982,10.143],[-60.992,10.206],[-60.99,10.274],[-60.968,10.322],[-60.96,10.343],[-60.995,10.362],[-61.023,10.441],[-61.032,10.506],[-61.003,10.521],[-61.013,10.585],[-61.025,10.691],[-60.982,10.709],[-60.939,10.76],[-60.903,10.806],[-60.9,10.841],[-60.942,10.85],[-61.006,10.852],[-61.006,10.852]]]}},{"type":"Feature","geometry":{"type":"Polygon","coordinates":[[[-60.525,11.364],[-60.536,11.355],[-60.536,11.349],[-60.553,11.342],[-60.558,11.332],[-60.553,11.325],[-60.568,11.321],[-60.578,11.332],[-60.601,11.327],[-60.63,11.315],[-60.647,11.308],[-60.673,11.301],[-60.69,11.294],[-60.702,11.278],[-60.762,11.239],[-60.783,11.222],[-60.8,11.2],[-60.815,11.185],[-60.826,11.174],[-60.837,11.177],[-60.843,11.158],[-60.849,11.149],[-60.836,11.142],[-60.806,11.141],[-60.795,11.131],[-60.781,11.137],[-60.768,11.141],[-60.762,11.161],[-60.74,11.176],[-60.723,11.167],[-60.708,11.171],[-60.694,11.181],[-60.685,11.187],[-60.667,11.184],[-60.65,11.181],[-60.637,11.19],[-60.613,11.215],[-60.597,11.214],[-60.591,11.219],[-60.59,11.235],[-60.567,11.242],[-60.555,11.235],[-60.55,11.246],[-60.55,11.261],[-60.542,11.255],[-60.532,11.256],[-60.524,11.268],[-60.524,11.278],[-60.521,11.29],[-60.528,11.296],[-60.526,11.303],[-60.52,11.303],[-60.521,11.296],[-60.513,11.301],[-60.509,11.301],[-60.509,11.293],[-60.497,11.292],[-60.49,11.297],[-60.494,11.305],[-60.502,11.309],[-60.496,11.315],[-60.507,11.312],[-60.515,11.312],[-60.515,11.322],[-60.516,11.335],[-60.522,11.34],[-60.527,11.35],[-60.511,11.358],[-60.516,11.362],[-60.525,11.364],[-60.525,11.364]]]}},{"type":"Feature","geometry":{"type":"Polygon","coordinates":[[[9.746,37.366],[9.433,37.293],[9.142,37.19],[8.737,36.986],[8.654,36.853],[8.573,36.774],[8.455,36.753],[8.45,36.618],[8.315,36.554],[8.179,36.512],[8.205,36.449],[8.355,36.444],[8.395,36.354],[8.361,36.295],[8.345,36.089],[8.256,35.885],[8.344,35.675],[8.385,35.467],[8.326,35.288],[8.47,35.238],[8.329,35.038],[8.293,34.746],[8.259,34.665],[8.219,34.607],[8.138,34.525],[7.96,34.447],[7.738,34.165],[7.534,34.072],[7.528,33.797],[7.734,33.367],[8.116,33.05],[9.667,30.279],[10.022,30.508],[10.271,31.039],[10.153,31.394],[10.385,31.741],[10.635,31.879],[10.756,31.986],[11.167,32.263],[11.604,32.522],[11.505,32.849],[11.426,33.236],[11.147,33.477],[11.014,33.712],[10.933,33.923],[10.724,33.827],[10.471,33.69],[10.07,34.041],[10.285,34.348],[10.581,34.508],[10.82,34.731],[10.947,34.951],[11.089,35.135],[11.081,35.325],[11.059,35.586],[10.865,35.781],[10.548,35.994],[10.58,36.377],[11.115,36.805],[11.099,37.055],[10.882,37.023],[10.55,36.831],[10.35,36.839],[10.204,37.016],[10.338,37.19],[10.102,37.264],[9.852,37.353],[9.746,37.366]]]}},{"type":"Feature","geometry":{"type":"Polygon","coordinates":[[[11.275,34.844],[11.238,34.844],[11.235,34.816],[11.205,34.817],[11.203,34.797],[11.191,34.772],[11.163,34.772],[11.154,34.739],[11.121,34.704],[11.11,34.681],[11.051,34.681],[10.982,34.682],[10.951,34.658],[10.986,34.623],[11.047,34.598],[11.128,34.649],[11.26,34.708],[11.301,34.71],[11.32,34.739],[11.375,34.745],[11.379,34.768],[11.352,34.777],[11.317,34.782],[11.33,34.799],[11.361,34.821],[11.338,34.84],[11.308,34.841],[11.275,34.844]]]}},{"type":"Feature","geometry":{"type":"Polygon","coordinates":[[[35.007,42.109],[31.387,41.231],[28.11,41.651],[27.22,42.093],[26.471,41.67],[26.362,41.251],[26.208,40.867],[26.018,40.722],[26.377,40.176],[28.037,41.024],[29.236,40.797],[29.046,40.38],[27.717,40.451],[27.163,40.458],[26.423,40.203],[26.295,39.476],[26.699,39.401],[26.718,39.213],[26.822,38.77],[27.075,38.419],[26.648,38.46],[26.406,38.438],[26.23,38.304],[26.84,38.059],[27.013,37.695],[27.357,37.36],[27.466,37.123],[27.274,37.109],[27.618,36.972],[28.02,36.82],[27.35,36.695],[28.054,36.742],[28.179,36.671],[28.583,36.794],[28.994,36.695],[29.125,36.367],[29.476,36.209],[29.914,36.206],[30.501,36.313],[30.784,36.841],[32.254,36.293],[33.357,36.13],[33.909,36.3],[34.697,36.8],[35.792,36.754],[35.771,36.317],[36.38,36.012],[36.392,36.203],[36.673,36.236],[36.609,36.682],[37.491,36.654],[39.515,36.706],[41.684,37.12],[42.443,37.133],[42.961,37.313],[43.96,37.289],[44.72,37.172],[44.449,37.804],[44.326,38.372],[44.206,39.053],[44.425,39.413],[44.694,39.79],[43.721,40.084],[43.727,40.663],[43.18,41.275],[42.604,41.587],[41.789,41.45],[40.192,40.932],[37.904,41.002],[36.016,41.729],[35.007,42.109]]]}},{"type":"Feature","geometry":{"type":"Polygon","coordinates":[[[25.921,40.249],[25.882,40.238],[25.836,40.22],[25.789,40.22],[25.712,40.189],[25.688,40.169],[25.665,40.161],[25.657,40.12],[25.69,40.107],[25.716,40.096],[25.729,40.082],[25.753,40.089],[25.779,40.087],[25.801,40.095],[25.838,40.094],[25.88,40.106],[25.931,40.121],[25.952,40.117],[25.993,40.125],[26.024,40.143],[26.025,40.161],[26.009,40.168],[25.996,40.165],[25.977,40.159],[25.987,40.174],[25.985,40.204],[25.981,40.225],[25.961,40.231],[25.95,40.248],[25.921,40.249]]]}},{"type":"Feature","geometry":{"type":"Polygon","coordinates":[[[58.624,42.798],[58.598,42.669],[58.204,42.659],[58.417,42.367],[58.38,42.405],[58.07,42.501],[57.914,42.413],[57.864,42.175],[57.287,42.132],[56.974,41.749],[57.137,41.386],[56.775,41.282],[55.742,41.302],[55.554,41.27],[55.423,41.295],[55.134,41.593],[54.22,42.378],[52.465,41.72],[52.8,41.129],[52.685,40.036],[52.96,39.952],[53.097,39.529],[53.492,39.271],[53.811,38.286],[54.575,37.457],[55.045,37.884],[56.755,38.273],[58.074,37.797],[59.035,37.632],[60.013,37.038],[61.128,35.965],[61.358,35.624],[61.585,35.44],[62.512,35.274],[63.108,35.426],[63.121,35.781],[63.756,35.979],[64.423,36.252],[64.766,37.129],[65.758,37.537],[66.428,37.352],[66.639,37.48],[66.687,37.949],[66.272,38.117],[65.86,38.275],[64.773,38.713],[63.55,39.373],[62.412,40.152],[62.261,40.482],[62.047,40.75],[61.974,41.009],[61.753,41.18],[61.499,41.286],[61.128,41.192],[61.01,41.229],[60.212,41.343],[60.065,41.746],[60.319,41.755],[60.021,41.951],[60.051,42.064],[60.013,42.209],[59.689,42.285],[59.289,42.383],[59.001,42.527],[58.624,42.798]]]}},{"type":"Feature","geometry":{"type":"Polygon","coordinates":[[[53.108,39.119],[53.053,39.109],[53.021,39.073],[53.021,38.979],[53.02,38.9],[53.045,38.861],[53.035,38.83],[53.049,38.786],[53.086,38.775],[53.072,38.975],[53.071,39.076],[53.112,39.094],[53.108,39.119]]]}},{"type":"Feature","geometry":{"type":"Polygon","coordinates":[[[33.977,4.226],[32.418,3.744],[32.206,3.513],[31.958,3.588],[31.792,3.828],[31.528,3.656],[31.031,3.7],[30.878,3.481],[30.938,3.4],[30.883,3.306],[30.837,3.249],[30.81,3.14],[30.776,3.058],[30.827,2.998],[30.89,2.877],[30.748,2.574],[30.885,2.33],[31.134,2.264],[30.512,1.263],[30.251,1.148],[30.135,0.888],[29.956,0.634],[29.721,0.071],[29.671,-0.553],[29.642,-0.832],[29.59,-1.053],[29.595,-1.251],[29.611,-1.394],[29.73,-1.344],[29.803,-1.34],[29.859,-1.364],[29.891,-1.437],[30,-1.44],[30.067,-1.395],[30.126,-1.375],[30.172,-1.277],[30.293,-1.18],[30.348,-1.073],[30.44,-1.048],[30.512,-1.072],[30.664,-1.054],[30.799,-0.997],[33.982,-0.177],[34.043,0.276],[34.07,0.325],[34.117,0.481],[34.174,0.604],[34.243,0.63],[34.273,0.641],[34.281,0.657],[34.283,0.682],[34.298,0.689],[34.31,0.705],[34.314,0.761],[34.445,0.865],[34.584,1.147],[34.828,1.306],[34.899,1.553],[34.971,2.11],[34.875,2.575],[34.682,2.866],[34.538,3.142],[34.394,3.414],[34.45,3.674],[34.235,3.78],[34.206,3.878],[34.052,4.008],[34.017,4.198],[33.977,4.226]]]}},{"type":"Feature","geometry":{"type":"Polygon","coordinates":[[[33.192,52.374],[32.278,52.095],[31.245,52.041],[30.886,51.983],[30.654,51.815],[30.544,51.628],[30.576,51.495],[30.605,51.298],[30.157,51.487],[29.79,51.44],[29.527,51.46],[29.174,51.612],[28.716,51.459],[28.265,51.674],[27.789,51.523],[27.366,51.617],[25.337,51.936],[23.656,51.582],[23.849,51.129],[23.695,50.363],[22.847,49.003],[22.383,48.828],[22.256,48.393],[22.57,48.197],[22.802,48.107],[22.877,47.968],[23.086,48.005],[23.622,48.004],[24.437,47.969],[25.069,47.742],[25.778,47.94],[26.38,48.188],[26.642,48.289],[26.762,48.359],[27.038,48.421],[27.38,48.437],[28.109,48.233],[28.579,48.183],[29.03,47.946],[29.215,47.738],[29.184,47.447],[29.497,47.113],[29.936,46.574],[30.068,46.442],[29.825,46.395],[29.374,46.456],[29.164,46.516],[28.596,45.737],[28.549,45.257],[29.476,45.424],[31.196,46.593],[31.566,46.241],[33.604,45.921],[33.549,44.864],[35.417,44.94],[36.043,45.458],[35.519,46.438],[37.897,47.085],[38.348,47.577],[39.413,47.829],[39.941,48.29],[39.711,48.663],[39.828,48.885],[40.031,49.456],[38.688,50.008],[37.282,50.393],[35.576,50.458],[35.121,51.172],[34.25,51.58],[34.063,52.194],[33.192,52.374]]]}},{"type":"Feature","geometry":{"type":"Polygon","coordinates":[[[56.152,26.07],[56.08,26.046],[55.896,25.756],[55.739,25.698],[55.577,25.611],[55.401,25.386],[55.289,25.335],[55.246,25.243],[55.154,25.138],[55.077,25.035],[54.948,24.98],[54.888,24.943],[54.813,24.867],[54.726,24.84],[54.681,24.784],[54.646,24.698],[54.609,24.698],[54.487,24.616],[54.546,24.587],[54.59,24.598],[54.609,24.562],[54.552,24.547],[54.551,24.554],[54.467,24.587],[54.325,24.487],[54.301,24.433],[54.436,24.338],[54.401,24.306],[54.316,24.264],[54.17,24.293],[54.088,24.253],[54.004,24.192],[54.05,24.136],[53.847,24.095],[53.51,24.113],[53.251,24.113],[53.046,24.149],[52.82,24.152],[52.575,24.199],[52.452,24.084],[51.82,24.02],[51.654,24.355],[51.577,24.336],[55.228,22.791],[55.28,23.177],[55.57,23.687],[55.484,23.942],[55.96,24.061],[55.869,24.215],[55.835,24.409],[55.832,24.779],[56.059,24.949],[56.206,24.851],[56.372,25.017],[56.36,25.167],[56.378,25.256],[56.36,25.355],[56.374,25.465],[56.355,25.601],[56.254,25.614],[56.144,25.677],[56.138,25.838],[56.165,25.949],[56.163,26.055],[56.152,26.07]]]}},{"type":"Feature","geometry":{"type":"Polygon","coordinates":[[[53.876,24.3],[53.821,24.294],[53.811,24.276],[53.802,24.256],[53.785,24.248],[53.772,24.256],[53.747,24.245],[53.718,24.238],[53.677,24.205],[53.641,24.189],[53.612,24.171],[53.641,24.144],[53.673,24.149],[53.681,24.147],[53.728,24.124],[53.775,24.113],[53.79,24.119],[53.817,24.124],[53.847,24.14],[53.878,24.134],[53.898,24.125],[53.828,24.121],[53.835,24.112],[53.907,24.109],[53.924,24.12],[53.95,24.134],[53.98,24.151],[53.989,24.168],[53.981,24.176],[53.981,24.188],[53.96,24.208],[53.948,24.229],[53.917,24.219],[53.898,24.226],[53.871,24.244],[53.891,24.266],[53.866,24.281],[53.88,24.286],[53.876,24.3]]]}},{"type":"Feature","geometry":{"type":"Polygon","coordinates":[[[-3.09,58.711],[-3.862,58.59],[-4.639,58.59],[-5.243,58.389],[-5.507,58.02],[-5.831,57.613],[-5.996,57.597],[-6.375,57.688],[-6.696,57.529],[-6.375,57.166],[-5.836,57.056],[-6.262,56.744],[-6.364,56.472],[-6.504,56.277],[-5.567,56.431],[-6.062,55.965],[-6.356,55.701],[-5.878,55.844],[-5.721,55.752],[-5.669,55.285],[-5.397,55.588],[-5.114,55.67],[-4.881,55.622],[-5.144,55.042],[-4.897,54.796],[-3.848,54.777],[-3.593,54.671],[-3.161,54.035],[-3.076,53.927],[-3.296,53.377],[-4.09,53.341],[-4.735,53.321],[-4.842,52.763],[-4.362,52.861],[-4.287,52.253],[-5.122,51.987],[-5.279,51.671],[-4.653,51.649],[-3.922,51.579],[-2.741,51.538],[-3.576,51.25],[-4.554,51.047],[-5.175,50.426],[-5.74,50.061],[-5.087,49.979],[-4.46,50.307],[-3.623,50.209],[-3.279,50.615],[-2.422,50.581],[-1.601,50.691],[-0.937,50.759],[0.67,50.856],[1.414,51.303],[0.879,51.531],[1.607,52.076],[0.423,52.914],[0.297,53.37],[-0.033,54.132],[-1.324,54.962],[-1.739,55.654],[-2.796,56.075],[-3.139,56.063],[-2.785,56.411],[-2.422,56.697],[-1.752,57.504],[-3.126,57.703],[-3.884,57.855],[-3.131,58.308],[-3.09,58.711]]]}},{"type":"Feature","geometry":{"type":"Polygon","coordinates":[[[-6.357,55.262],[-6.608,55.238],[-6.895,55.18],[-7.038,55.104],[-7.273,55.065],[-7.377,55.03],[-7.397,54.946],[-7.478,54.832],[-7.549,54.743],[-7.728,54.721],[-7.826,54.734],[-7.896,54.687],[-7.825,54.634],[-7.756,54.622],[-7.695,54.612],[-7.831,54.554],[-8.006,54.543],[-8.108,54.477],[-8.109,54.414],[-7.971,54.324],[-7.862,54.292],[-7.803,54.202],[-7.663,54.188],[-7.53,54.134],[-7.421,54.138],[-7.328,54.121],[-7.322,54.16],[-7.299,54.133],[-7.241,54.171],[-7.225,54.213],[-7.153,54.244],[-7.211,54.3],[-7.1,54.357],[-6.997,54.408],[-6.932,54.377],[-6.858,54.284],[-6.821,54.24],[-6.696,54.199],[-6.641,54.098],[-6.584,54.056],[-6.507,54.059],[-6.477,54.078],[-6.452,54.07],[-6.426,54.06],[-6.383,54.069],[-6.369,54.109],[-6.336,54.095],[-6.272,54.105],[-6.125,54.055],[-5.915,54.069],[-5.706,54.238],[-5.482,54.326],[-5.404,54.477],[-5.526,54.657],[-5.58,54.691],[-5.858,54.652],[-5.677,54.76],[-5.805,54.89],[-5.978,55.069],[-6.062,55.21],[-6.357,55.262],[-6.357,55.262]]]}},{"type":"Feature","geometry":{"type":"Polygon","coordinates":[[[-6.439,56.711],[-6.471,56.706],[-6.501,56.695],[-6.566,56.679],[-6.626,56.649],[-6.667,56.613],[-6.741,56.575],[-6.79,56.553],[-6.806,56.555],[-6.882,56.535],[-6.904,56.548],[-6.975,56.535],[-7.024,56.514],[-7.004,56.488],[-6.998,56.453],[-6.963,56.438],[-6.902,56.431],[-6.876,56.445],[-6.873,56.471],[-6.839,56.48],[-6.79,56.484],[-6.763,56.502],[-6.722,56.511],[-6.706,56.53],[-6.713,56.552],[-6.654,56.561],[-6.619,56.552],[-6.599,56.568],[-6.537,56.58],[-6.486,56.619],[-6.43,56.687],[-6.426,56.705],[-6.439,56.711]]]}},{"type":"Feature","geometry":{"type":"Polygon","coordinates":[[[-6.262,58.525],[-6.335,58.492],[-6.548,58.389],[-6.785,58.322],[-6.943,58.291],[-6.998,58.242],[-7.088,58.199],[-7.149,58.14],[-7.11,58.062],[-7.115,58.051],[-7.169,58.008],[-7.078,57.956],[-6.947,57.926],[-6.974,57.903],[-7.046,57.924],[-7.1,57.882],[-7.019,57.867],[-7.092,57.845],[-7.181,57.824],[-7.092,57.787],[-7.097,57.731],[-7.142,57.691],[-7.153,57.744],[-7.195,57.789],[-7.274,57.792],[-7.217,57.743],[-7.283,57.743],[-7.331,57.701],[-7.49,57.679],[-7.575,57.615],[-7.552,57.592],[-7.445,57.548],[-7.423,57.474],[-7.408,57.407],[-7.412,57.315],[-7.469,57.24],[-7.403,57.106],[-7.383,57.073],[-7.479,57.033],[-7.571,56.977],[-7.607,56.862],[-7.681,56.8],[-7.601,56.784],[-7.541,56.837],[-7.476,56.88],[-7.423,56.916],[-7.344,56.977],[-7.255,57.063],[-7.228,57.145],[-7.224,57.246],[-7.207,57.369],[-7.13,57.486],[-6.979,57.703],[-6.777,57.796],[-6.655,57.901],[-6.45,57.937],[-6.335,58.014],[-6.346,58.166],[-6.21,58.171],[-6.134,58.277],[-6.306,58.232],[-6.158,58.326],[-6.148,58.425],[-6.262,58.525],[-6.262,58.525]]]}},{"type":"Feature","geometry":{"type":"Polygon","coordinates":[[[-2.425,59.405],[-2.458,59.356],[-2.499,59.302],[-2.563,59.315],[-2.642,59.316],[-2.683,59.246],[-2.821,59.267],[-2.854,59.333],[-2.87,59.405],[-3.021,59.354],[-3.095,59.329],[-3.054,59.273],[-2.936,59.255],[-2.851,59.19],[-2.881,59.09],[-2.878,59.173],[-3.018,59.189],[-3.095,59.214],[-3.235,59.167],[-3.365,59.127],[-3.373,58.991],[-3.447,58.932],[-3.409,58.852],[-3.282,58.761],[-3.095,58.781],[-3.043,58.863],[-3.131,58.899],[-2.964,58.888],[-3.043,58.801],[-2.947,58.717],[-2.898,58.772],[-2.747,58.893],[-2.623,58.896],[-2.681,58.987],[-2.777,59.015],[-2.76,59.115],[-2.692,59.063],[-2.513,59.063],[-2.527,59.152],[-2.612,59.2],[-2.464,59.25],[-2.326,59.273],[-2.37,59.364],[-2.357,59.402],[-2.425,59.405]]]}},{"type":"Feature","geometry":{"type":"Polygon","coordinates":[[[-0.871,60.862],[-0.956,60.809],[-0.967,60.761],[-1.077,60.74],[-1.144,60.677],[-1.215,60.602],[-1.202,60.521],[-1.273,60.53],[-1.292,60.638],[-1.32,60.64],[-1.401,60.628],[-1.454,60.599],[-1.527,60.567],[-1.604,60.522],[-1.636,60.46],[-1.509,60.446],[-1.449,60.402],[-1.487,60.345],[-1.629,60.319],[-1.714,60.353],[-1.719,60.305],[-1.689,60.224],[-1.49,60.15],[-1.398,60.157],[-1.364,60.103],[-1.383,60.036],[-1.386,59.939],[-1.376,59.881],[-1.331,59.855],[-1.266,59.843],[-1.192,59.961],[-1.137,59.992],[-1.159,60.025],[-1.198,60.087],[-1.095,60.102],[-1.003,60.125],[-1.044,60.187],[-1.155,60.213],[-1.077,60.264],[-1.07,60.296],[-1.11,60.34],[-0.979,60.32],[-0.92,60.324],[-0.846,60.327],[-0.88,60.376],[-1,60.379],[-1.051,60.417],[-1.108,60.446],[-0.983,60.584],[-0.862,60.552],[-0.744,60.6],[-0.854,60.643],[-0.839,60.709],[-0.779,60.769],[-0.736,60.81],[-0.871,60.862]]]}},{"type":"Feature","geometry":{"type":"Polygon","coordinates":[[[-4.345,54.425],[-4.436,54.419],[-4.524,54.401],[-4.579,54.348],[-4.62,54.291],[-4.676,54.252],[-4.735,54.228],[-4.735,54.196],[-4.761,54.173],[-4.758,54.128],[-4.789,54.111],[-4.802,54.08],[-4.827,54.067],[-4.849,54.051],[-4.833,54.034],[-4.794,54.044],[-4.723,54.063],[-4.694,54.056],[-4.649,54.058],[-4.646,54.042],[-4.616,54.046],[-4.58,54.082],[-4.513,54.109],[-4.444,54.137],[-4.443,54.154],[-4.367,54.183],[-4.378,54.212],[-4.292,54.284],[-4.301,54.31],[-4.373,54.328],[-4.34,54.393],[-4.345,54.425]]]}},{"type":"Feature","geometry":{"type":"Polygon","coordinates":[[[-64.353,18.545],[-64.373,18.53],[-64.403,18.523],[-64.433,18.515],[-64.439,18.504],[-64.423,18.496],[-64.431,18.47],[-64.449,18.461],[-64.457,18.433],[-64.473,18.408],[-64.512,18.4],[-64.53,18.385],[-64.59,18.37],[-64.616,18.358],[-64.613,18.341],[-64.629,18.341],[-64.634,18.321],[-64.631,18.302],[-64.6,18.304],[-64.558,18.325],[-64.554,18.35],[-64.512,18.349],[-64.462,18.372],[-64.439,18.411],[-64.416,18.423],[-64.406,18.447],[-64.372,18.468],[-64.316,18.488],[-64.298,18.508],[-64.348,18.516],[-64.343,18.535],[-64.353,18.545]]]}},{"type":"Feature","geometry":{"type":"Polygon","coordinates":[[[-81.376,19.408],[-81.423,19.391],[-81.434,19.371],[-81.396,19.347],[-81.409,19.283],[-81.396,19.258],[-81.35,19.266],[-81.263,19.255],[-81.224,19.277],[-81.153,19.284],[-81.102,19.288],[-81.07,19.314],[-81.078,19.348],[-81.104,19.364],[-81.19,19.364],[-81.238,19.364],[-81.267,19.386],[-81.289,19.36],[-81.287,19.344],[-81.304,19.335],[-81.316,19.314],[-81.337,19.309],[-81.354,19.318],[-81.352,19.345],[-81.36,19.37],[-81.347,19.385],[-81.376,19.408]]]}},{"type":"Feature","geometry":{"type":"Polygon","coordinates":[[[-71.971,21.979],[-72.068,21.963],[-72.099,21.914],[-72.165,21.849],[-72.242,21.821],[-72.319,21.884],[-72.357,21.886],[-72.389,21.743],[-72.32,21.717],[-72.235,21.731],[-72.15,21.747],[-72.079,21.821],[-72.05,21.878],[-72,21.854],[-71.945,21.78],[-71.897,21.779],[-71.827,21.752],[-71.735,21.756],[-71.686,21.715],[-71.613,21.72],[-71.516,21.654],[-71.548,21.541],[-71.587,21.466],[-71.587,21.417],[-71.547,21.439],[-71.473,21.47],[-71.467,21.577],[-71.433,21.663],[-71.44,21.725],[-71.535,21.762],[-71.609,21.786],[-71.638,21.818],[-71.689,21.854],[-71.8,21.858],[-71.844,21.897],[-71.855,21.955],[-71.971,21.979]]]}},{"type":"Feature","geometry":{"type":"Polygon","coordinates":[[[-57.068,-30.086],[-57.117,-30.142],[-57.248,-30.289],[-57.366,-30.266],[-57.496,-30.289],[-57.632,-30.171],[-57.881,-30.495],[-57.898,-30.972],[-58,-31.356],[-57.984,-31.596],[-58.189,-32.155],[-58.159,-32.598],[-58.118,-32.973],[-58.407,-33.197],[-58.439,-33.539],[-58.317,-34.144],[-57.71,-34.482],[-57.364,-34.454],[-56.948,-34.628],[-56.423,-34.794],[-56.268,-34.913],[-56.07,-34.92],[-55.666,-34.79],[-55.305,-34.884],[-55.066,-34.922],[-54.877,-34.948],[-54.23,-34.684],[-53.763,-34.418],[-53.698,-34.215],[-53.483,-33.889],[-53.439,-33.695],[-53.525,-33.507],[-53.256,-32.935],[-53.124,-32.786],[-53.253,-32.602],[-53.475,-32.482],[-53.654,-32.314],[-53.726,-32.093],[-53.91,-31.968],[-54.034,-31.896],[-54.489,-31.56],[-54.741,-31.429],[-54.934,-31.386],[-55.002,-31.272],[-55.239,-31.257],[-55.29,-31.16],[-55.35,-31.041],[-55.427,-30.982],[-55.552,-30.885],[-55.644,-30.913],[-55.731,-30.98],[-55.812,-31.018],[-55.92,-31.076],[-56.023,-31.024],[-56.022,-30.79],[-56.131,-30.734],[-56.169,-30.637],[-56.228,-30.575],[-56.323,-30.529],[-56.446,-30.421],[-56.538,-30.317],[-56.611,-30.26],[-56.683,-30.197],[-56.816,-30.102],[-56.986,-30.087],[-57.068,-30.086]]]}},{"type":"Feature","geometry":{"type":"Polygon","coordinates":[[[-95.155,49.382],[-124.43,47.696],[-123.916,46.236],[-124.325,43.415],[-124.433,40.441],[-122.967,38.158],[-121.976,36.616],[-120.656,34.761],[-118.391,33.721],[-114.819,32.497],[-105.393,30.876],[-104.74,30.264],[-104.127,29.382],[-103.289,29.003],[-102.827,29.389],[-102.379,29.792],[-101.744,29.775],[-101.264,29.632],[-100.576,28.829],[-99.882,27.851],[-99.424,27.167],[-99.115,26.434],[-98.757,26.309],[-98.494,26.213],[-98.264,26.12],[-97.996,26.059],[-97.637,26.004],[-97.324,25.916],[-94.866,29.206],[-92.108,29.718],[-90.709,29.171],[-89.25,29.023],[-89.322,29.748],[-89.724,29.973],[-88.014,30.53],[-85.03,29.575],[-83.021,29.078],[-82.621,27.583],[-80.863,25.056],[-80.191,25.669],[-81.402,31.016],[-79.783,32.762],[-75.52,35.204],[-76.36,37.286],[-76.888,38.253],[-76.435,39.175],[-76.37,38.952],[-76.079,38.098],[-75.88,37.889],[-75.208,38.036],[-74.728,39.037],[-71.903,41.102],[-73.368,40.97],[-71.432,41.427],[-70.034,41.563],[-70.865,42.357],[-70.068,43.69],[-68.882,44.244],[-68.32,44.131],[-67.069,44.729],[-67.452,45.413],[-68.382,47.289],[-70.26,45.886],[-71.422,45.17],[-76.794,43.634],[-82.123,43.594],[-84.302,46.494],[-90.75,48.093],[-92.362,48.225],[-94.738,49.074],[-95.155,49.382]]]}},{"type":"Feature","geometry":{"type":"Polygon","coordinates":[[[-156.473,71.406],[-159.332,70.877],[-166.05,68.898],[-163.998,67.49],[-161.927,66.721],[-162.573,66.784],[-161.153,66.306],[-163.466,66.106],[-167.141,65.973],[-166.871,65.167],[-164.529,64.506],[-162.364,64.553],[-161.136,64.554],[-161.202,63.504],[-162.699,63.253],[-165.034,62.658],[-165.885,61.527],[-165.028,60.724],[-162.669,59.945],[-162.114,58.703],[-160.359,58.957],[-158.519,58.932],[-158.005,57.455],[-161.359,56.018],[-164.309,54.451],[-162.864,54.877],[-162.048,55.045],[-161.452,55.603],[-159.983,55.741],[-158.785,55.818],[-158.423,56.376],[-157.19,56.747],[-156.003,57.451],[-154.682,58.018],[-153.528,58.59],[-154.144,59.155],[-152.699,59.894],[-151.04,61.115],[-150.375,61.07],[-151.598,59.518],[-150.993,59.177],[-149.532,59.593],[-148.337,60.087],[-147.714,60.672],[-146.563,60.782],[-146.72,60.448],[-144.531,59.94],[-139.749,59.812],[-136.214,58.314],[-135.956,58.374],[-134.975,58.6],[-133.951,57.272],[-133.665,57.722],[-133.992,56.952],[-134.171,55.849],[-132.957,56.487],[-132.295,55.724],[-131.69,55.056],[-130.618,54.703],[-130.012,55.915],[-132.372,57.352],[-134.481,59.131],[-136.236,59.558],[-139.081,60.316],[-143.855,70.11],[-148.178,70.372],[-151.177,70.455],[-154.44,70.837],[-155.218,71.123],[-155.866,71.205],[-156.473,71.406]]]}},{"type":"Feature","geometry":{"type":"Polygon","coordinates":[[[-70.058,41.402],[-70.059,41.387],[-70.035,41.368],[-70.041,41.353],[-70.069,41.319],[-70.097,41.306],[-70.183,41.303],[-70.206,41.301],[-70.212,41.287],[-70.227,41.295],[-70.237,41.31],[-70.26,41.319],[-70.286,41.316],[-70.296,41.326],[-70.277,41.338],[-70.298,41.346],[-70.323,41.337],[-70.314,41.32],[-70.286,41.306],[-70.236,41.275],[-70.139,41.239],[-70.092,41.238],[-70.046,41.233],[-69.995,41.235],[-69.955,41.25],[-69.954,41.279],[-70.005,41.364],[-70.052,41.402],[-70.058,41.402]]]}},{"type":"Feature","geometry":{"type":"Polygon","coordinates":[[[-70.594,41.491],[-70.663,41.465],[-70.702,41.444],[-70.734,41.408],[-70.766,41.369],[-70.778,41.355],[-70.798,41.361],[-70.834,41.36],[-70.852,41.352],[-70.782,41.295],[-70.771,41.296],[-70.752,41.319],[-70.715,41.335],[-70.637,41.341],[-70.49,41.341],[-70.442,41.344],[-70.439,41.374],[-70.444,41.427],[-70.459,41.427],[-70.475,41.421],[-70.479,41.403],[-70.49,41.392],[-70.496,41.399],[-70.516,41.41],[-70.545,41.426],[-70.544,41.453],[-70.56,41.478],[-70.586,41.47],[-70.594,41.491]]]}},{"type":"Feature","geometry":{"type":"Polygon","coordinates":[[[-81.458,24.809],[-81.505,24.781],[-81.462,24.762],[-81.471,24.728],[-81.487,24.723],[-81.52,24.721],[-81.535,24.705],[-81.588,24.739],[-81.599,24.709],[-81.651,24.713],[-81.62,24.713],[-81.588,24.706],[-81.543,24.688],[-81.573,24.688],[-81.597,24.674],[-81.613,24.673],[-81.642,24.682],[-81.68,24.696],[-81.698,24.653],[-81.665,24.676],[-81.618,24.647],[-81.633,24.644],[-81.638,24.64],[-81.656,24.629],[-81.688,24.631],[-81.704,24.628],[-81.686,24.613],[-81.716,24.609],[-81.722,24.65],[-81.74,24.64],[-81.761,24.625],[-81.725,24.586],[-81.788,24.573],[-81.806,24.572],[-81.763,24.546],[-81.602,24.583],[-81.497,24.658],[-81.475,24.643],[-81.453,24.648],[-81.439,24.64],[-81.442,24.706],[-81.426,24.654],[-81.401,24.645],[-81.383,24.672],[-81.431,24.727],[-81.41,24.715],[-81.387,24.691],[-81.366,24.65],[-81.399,24.633],[-81.326,24.641],[-81.342,24.692],[-81.308,24.672],[-81.351,24.711],[-81.374,24.735],[-81.366,24.747],[-81.426,24.774],[-81.415,24.758],[-81.441,24.753],[-81.458,24.809]]]}},{"type":"Feature","geometry":{"type":"Polygon","coordinates":[[[-88.879,30.063],[-88.893,30.058],[-88.866,30.028],[-88.848,29.991],[-88.848,29.951],[-88.837,29.927],[-88.844,29.884],[-88.849,29.85],[-88.857,29.871],[-88.877,29.869],[-88.867,29.884],[-88.872,29.903],[-88.884,29.903],[-88.9,29.894],[-88.934,29.861],[-88.934,29.85],[-88.921,29.848],[-88.897,29.861],[-88.892,29.848],[-88.87,29.842],[-88.855,29.834],[-88.87,29.805],[-88.875,29.789],[-88.888,29.758],[-88.91,29.727],[-88.941,29.683],[-88.982,29.642],[-89.005,29.624],[-89,29.618],[-88.972,29.627],[-88.917,29.677],[-88.857,29.745],[-88.818,29.833],[-88.808,29.928],[-88.835,30.019],[-88.879,30.063]]]}},{"type":"Feature","geometry":{"type":"Polygon","coordinates":[[[-118.61,33.488],[-118.617,33.484],[-118.604,33.451],[-118.569,33.419],[-118.498,33.41],[-118.499,33.352],[-118.469,33.313],[-118.389,33.312],[-118.331,33.292],[-118.299,33.301],[-118.295,33.322],[-118.306,33.345],[-118.35,33.383],[-118.363,33.414],[-118.4,33.435],[-118.481,33.46],[-118.535,33.486],[-118.61,33.488]]]}},{"type":"Feature","geometry":{"type":"Polygon","coordinates":[[[-119.927,34.092],[-119.949,34.059],[-119.912,34.029],[-119.892,33.983],[-119.855,33.944],[-119.752,33.946],[-119.663,33.965],[-119.575,33.975],[-119.534,33.998],[-119.5,34.047],[-119.586,34.071],[-119.625,34.039],[-119.659,34.032],[-119.714,34.073],[-119.807,34.074],[-119.927,34.092]]]}},{"type":"Feature","geometry":{"type":"Polygon","coordinates":[[[-120.036,34.044],[-120.065,34.042],[-120.107,34.027],[-120.143,34.033],[-120.166,34.017],[-120.202,34.017],[-120.245,34.015],[-120.26,34.001],[-120.229,33.978],[-120.21,33.95],[-120.188,33.917],[-120.12,33.885],[-120.077,33.899],[-120.006,33.931],[-119.958,33.934],[-119.967,33.963],[-119.968,33.99],[-120.001,33.989],[-120.039,34.004],[-120.028,34.038],[-120.036,34.044]]]}},{"type":"Feature","geometry":{"type":"Polygon","coordinates":[[[-132.726,56.472],[-133.102,56.37],[-133.092,56.294],[-133.452,56.349],[-133.667,56.256],[-133.71,56.086],[-133.948,55.936],[-133.8,55.888],[-133.629,55.891],[-133.557,55.888],[-133.408,55.811],[-133.727,55.793],[-133.678,55.702],[-133.661,55.636],[-133.734,55.592],[-133.535,55.64],[-133.444,55.716],[-133.353,55.592],[-133.492,55.536],[-133.689,55.566],[-133.842,55.444],[-133.638,55.408],[-133.64,55.23],[-133.396,55.383],[-133.323,55.463],[-133.259,55.463],[-133.233,55.407],[-133.209,55.392],[-133.462,55.333],[-133.301,55.197],[-133.193,55.006],[-132.91,54.753],[-132.646,54.671],[-132.671,54.747],[-132.609,54.894],[-132.899,55.004],[-132.97,55.078],[-132.946,55.082],[-132.691,54.962],[-132.678,55.089],[-132.635,55.036],[-132.431,54.869],[-132.529,54.772],[-132.348,54.739],[-132.13,54.675],[-131.935,54.775],[-131.991,55.084],[-132.005,55.296],[-132.146,55.38],[-132.293,55.48],[-132.089,55.446],[-132.321,55.614],[-132.45,55.788],[-132.806,56.021],[-132.845,56.084],[-132.902,56.041],[-133.042,56.131],[-132.863,56.094],[-132.893,56.199],[-132.641,56.275],[-132.65,56.444],[-132.726,56.472]]]}},{"type":"Feature","geometry":{"type":"Polygon","coordinates":[[[-135.986,58.333],[-136.093,58.321],[-136.198,58.294],[-136.17,58.24],[-136.247,58.236],[-136.25,58.282],[-136.321,58.286],[-136.431,58.281],[-136.436,58.229],[-136.456,58.162],[-136.544,58.127],[-136.609,58.066],[-136.634,57.948],[-136.571,57.861],[-136.39,57.766],[-136.255,57.598],[-136.167,57.567],[-136.003,57.445],[-135.868,57.371],[-135.893,57.327],[-135.934,57.275],[-135.884,57.196],[-135.838,57.142],[-135.915,57.057],[-135.887,56.976],[-135.753,56.964],[-135.637,56.979],[-135.596,57.036],[-135.516,57.109],[-135.525,57.071],[-135.417,57.018],[-135.464,56.96],[-135.47,56.882],[-135.552,56.896],[-135.602,56.873],[-135.577,56.817],[-135.481,56.781],[-135.45,56.744],[-135.357,56.714],[-135.225,56.643],[-135.102,56.552],[-134.995,56.397],[-134.791,56.194],[-134.679,56.129],[-134.615,56.184],[-134.588,56.496],[-134.585,56.68],[-134.67,56.9],[-134.799,57.202],[-134.756,57.295],[-134.772,57.408],[-134.794,57.52],[-134.893,57.801],[-134.907,57.874],[-134.882,57.928],[-134.882,58.037],[-135.058,58.098],[-135.264,58.113],[-135.217,58.168],[-135.297,58.185],[-135.346,58.159],[-135.439,58.192],[-135.588,58.24],[-135.755,58.309],[-135.887,58.292],[-135.975,58.231],[-136.063,58.245],[-136.005,58.279],[-135.986,58.333]]]}},{"type":"Feature","geometry":{"type":"Polygon","coordinates":[[[-147.099,60.403],[-147.258,60.358],[-147.247,60.323],[-147.318,60.266],[-147.313,60.309],[-147.354,60.326],[-147.524,60.278],[-147.557,60.199],[-147.519,60.184],[-147.445,60.218],[-147.365,60.245],[-147.393,60.162],[-147.522,60.091],[-147.678,60.032],[-147.802,59.947],[-147.909,59.894],[-147.956,59.838],[-148.002,59.787],[-147.947,59.738],[-147.697,59.772],[-147.607,59.812],[-147.519,59.82],[-147.321,59.86],[-147.307,59.896],[-147.409,59.907],[-147.439,59.933],[-147.316,59.947],[-147.327,59.995],[-147.283,60.055],[-147.099,60.15],[-146.893,60.273],[-146.882,60.317],[-146.964,60.32],[-146.948,60.35],[-147.041,60.365],[-147.099,60.403]]]}},{"type":"Feature","geometry":{"type":"Polygon","coordinates":[[[-147.601,60.595],[-147.725,60.54],[-147.824,60.506],[-147.92,60.361],[-147.997,60.251],[-147.964,60.214],[-147.881,60.184],[-147.766,60.125],[-147.67,60.219],[-147.675,60.259],[-147.618,60.323],[-147.599,60.395],[-147.593,60.452],[-147.544,60.509],[-147.522,60.587],[-147.601,60.595]]]}},{"type":"Feature","geometry":{"type":"Polygon","coordinates":[[[-152.155,58.991],[-152.218,58.968],[-152.325,58.977],[-152.358,58.942],[-152.419,58.915],[-152.301,58.879],[-152.199,58.879],[-152.119,58.934],[-152.1,58.886],[-152.065,58.873],[-151.985,58.888],[-151.916,58.917],[-152.01,58.967],[-152.097,58.96],[-152.155,58.991]]]}},{"type":"Feature","geometry":{"type":"Polygon","coordinates":[[[-152.534,58.671],[-152.715,58.587],[-152.743,58.461],[-152.93,58.376],[-153.083,58.327],[-153.449,58.107],[-153.303,58.017],[-153.427,57.992],[-153.608,57.902],[-153.905,57.884],[-153.935,57.676],[-154.174,57.695],[-154.583,57.588],[-154.8,57.405],[-154.841,57.281],[-154.602,57.212],[-154.578,56.979],[-154.374,56.841],[-154.13,56.897],[-154.001,56.925],[-154.196,56.768],[-154.215,56.668],[-153.905,56.683],[-153.817,56.772],[-153.515,56.893],[-153.531,57.032],[-153.386,56.984],[-153.16,57.009],[-152.85,57.123],[-152.957,57.217],[-152.737,57.246],[-152.556,57.364],[-152.504,57.409],[-152.356,57.367],[-152.21,57.375],[-152.249,57.498],[-152.103,57.641],[-152.347,57.7],[-152.422,57.744],[-152.194,57.761],[-152.271,57.82],[-152.262,57.921],[-152.394,58.007],[-152.534,57.963],[-152.784,57.886],[-152.707,58.024],[-152.477,58.088],[-152.249,58.105],[-152.07,58.132],[-151.856,58.146],[-151.746,58.265],[-151.919,58.252],[-151.963,58.37],[-152.073,58.418],[-152.257,58.448],[-152.444,58.405],[-152.325,58.505],[-152.279,58.634],[-152.46,58.651],[-152.534,58.671]]]}},{"type":"Feature","geometry":{"type":"Polygon","coordinates":[[[-154.226,56.641],[-154.366,56.608],[-154.471,56.637],[-154.624,56.594],[-154.753,56.516],[-154.833,56.434],[-154.808,56.391],[-154.712,56.387],[-154.586,56.455],[-154.438,56.487],[-154.24,56.484],[-153.968,56.487],[-153.825,56.525],[-153.828,56.581],[-154.004,56.579],[-154.048,56.635],[-154.226,56.641]]]}},{"type":"Feature","geometry":{"type":"Polygon","coordinates":[[[-160.291,55.482],[-160.37,55.454],[-160.359,55.406],[-160.373,55.378],[-160.48,55.379],[-160.532,55.41],[-160.615,55.392],[-160.642,55.415],[-160.727,55.421],[-160.848,55.382],[-160.895,55.323],[-160.906,55.223],[-160.837,55.168],[-160.854,55.1],[-160.788,55.119],[-160.73,55.174],[-160.645,55.132],[-160.538,55.11],[-160.458,55.147],[-160.442,55.195],[-160.477,55.245],[-160.466,55.268],[-160.332,55.226],[-160.285,55.278],[-160.288,55.331],[-160.269,55.379],[-160.131,55.37],[-160.112,55.387],[-160.112,55.418],[-160.096,55.468],[-160.197,55.476],[-160.291,55.482]]]}},{"type":"Feature","geometry":{"type":"Polygon","coordinates":[[[-159.887,55.299],[-159.926,55.263],[-159.951,55.24],[-159.964,55.223],[-159.968,55.181],[-160.029,55.209],[-160.069,55.18],[-160.01,55.129],[-160.054,55.142],[-160.106,55.169],[-160.14,55.149],[-160.135,55.127],[-160.201,55.118],[-160.137,55.082],[-160.19,55.07],[-160.153,55.04],[-160.128,55.026],[-160.172,54.99],[-160.217,54.977],[-160.193,54.946],[-160.255,54.946],[-160.268,54.896],[-160.238,54.857],[-160.188,54.884],[-160.169,54.93],[-160.113,54.946],[-160.063,54.989],[-159.977,55.039],[-159.92,55.06],[-159.931,55.108],[-159.841,55.097],[-159.818,55.128],[-159.801,55.179],[-159.868,55.182],[-159.877,55.146],[-159.885,55.184],[-159.879,55.218],[-159.833,55.245],[-159.873,55.298],[-159.887,55.299]]]}},{"type":"Feature","geometry":{"type":"Polygon","coordinates":[[[-162.823,54.507],[-162.852,54.504],[-162.845,54.476],[-162.856,54.453],[-162.907,54.456],[-162.879,54.421],[-162.787,54.361],[-162.725,54.345],[-162.705,54.302],[-162.657,54.292],[-162.639,54.313],[-162.599,54.317],[-162.584,54.346],[-162.543,54.335],[-162.453,54.332],[-162.407,54.361],[-162.331,54.375],[-162.338,54.392],[-162.396,54.414],[-162.481,54.431],[-162.534,54.433],[-162.555,54.456],[-162.699,54.479],[-162.801,54.497],[-162.823,54.507]]]}},{"type":"Feature","geometry":{"type":"Polygon","coordinates":[[[-160.664,58.824],[-160.712,58.823],[-160.784,58.792],[-160.881,58.762],[-160.998,58.738],[-161.094,58.704],[-161.091,58.659],[-161.179,58.708],[-161.198,58.694],[-161.108,58.631],[-161.106,58.585],[-161.106,58.538],[-160.999,58.54],[-160.884,58.563],[-160.838,58.618],[-160.735,58.725],[-160.664,58.824]]]}},{"type":"Feature","geometry":{"type":"Polygon","coordinates":[[[-166.152,60.46],[-166.322,60.419],[-166.487,60.433],[-166.822,60.349],[-166.954,60.262],[-167.173,60.281],[-167.509,60.24],[-167.459,60.161],[-167.421,60.048],[-167.102,59.966],[-166.756,59.853],[-166.404,59.787],[-166.229,59.715],[-166.047,59.737],[-166.02,59.817],[-165.536,59.872],[-165.487,59.952],[-165.58,60.076],[-165.619,60.248],[-165.806,60.379],[-165.998,60.368],[-166.036,60.403],[-166.152,60.46]]]}},{"type":"Feature","geometry":{"type":"Polygon","coordinates":[[[-146.645,70.24],[-146.669,70.238],[-146.687,70.23],[-146.685,70.228],[-146.654,70.233],[-146.529,70.229],[-146.505,70.221],[-146.494,70.218],[-146.455,70.223],[-146.42,70.227],[-146.343,70.22],[-146.319,70.215],[-146.324,70.21],[-146.326,70.206],[-146.307,70.213],[-146.315,70.219],[-146.328,70.224],[-146.374,70.231],[-146.424,70.235],[-146.464,70.231],[-146.483,70.223],[-146.494,70.23],[-146.523,70.235],[-146.645,70.24]]]}},{"type":"Feature","geometry":{"type":"Polygon","coordinates":[[[-171.628,63.821],[-171.76,63.812],[-171.804,63.688],[-171.909,63.612],[-171.881,63.387],[-171.672,63.315],[-171.453,63.281],[-171.26,63.355],[-171.035,63.394],[-170.64,63.355],[-170.359,63.229],[-170.349,63.169],[-169.893,63.077],[-169.871,62.98],[-169.684,62.915],[-169.464,62.978],[-169.503,63.047],[-169.288,63.137],[-169.041,63.147],[-168.838,63.122],[-168.591,63.276],[-168.613,63.325],[-169.486,63.401],[-169.574,63.446],[-169.931,63.5],[-170.041,63.617],[-170.162,63.697],[-170.469,63.719],[-170.689,63.68],[-170.964,63.612],[-171.59,63.705],[-171.628,63.821]]]}},{"type":"Feature","geometry":{"type":"Polygon","coordinates":[[[-173.057,60.719],[-173.131,60.703],[-173.139,60.658],[-173.051,60.6],[-173.092,60.54],[-173.095,60.496],[-172.991,60.461],[-172.815,60.379],[-172.636,60.309],[-172.351,60.311],[-172.268,60.283],[-172.164,60.309],[-172.315,60.385],[-172.419,60.41],[-172.513,60.4],[-172.766,60.469],[-172.886,60.549],[-172.867,60.607],[-172.928,60.623],[-172.996,60.611],[-173.015,60.633],[-173.057,60.719]]]}},{"type":"Feature","geometry":{"type":"Polygon","coordinates":[[[-169.813,56.628],[-169.779,56.584],[-169.693,56.569],[-169.67,56.536],[-169.568,56.52],[-169.533,56.549],[-169.479,56.563],[-169.437,56.592],[-169.49,56.615],[-169.585,56.611],[-169.739,56.625],[-169.813,56.628]]]}},{"type":"Feature","geometry":{"type":"Polygon","coordinates":[[[172.753,53.026],[172.609,53.01],[172.525,52.971],[172.414,52.93],[172.424,52.908],[172.498,52.893],[172.61,52.903],[172.592,52.879],[172.601,52.854],[172.737,52.862],[172.708,52.793],[172.756,52.769],[172.867,52.765],[172.893,52.734],[172.987,52.764],[173.04,52.799],[173.107,52.773],[173.175,52.784],[173.201,52.802],[173.243,52.821],[173.264,52.799],[173.323,52.798],[173.335,52.815],[173.441,52.813],[173.458,52.845],[173.433,52.863],[173.312,52.88],[173.345,52.926],[173.275,52.955],[173.188,52.942],[173.205,52.972],[173.151,52.997],[173.024,53.016],[172.941,52.999],[172.884,53.008],[172.753,53.026]]]}},{"type":"Feature","geometry":{"type":"Polygon","coordinates":[[[173.68,52.52],[173.64,52.505],[173.63,52.513],[173.596,52.509],[173.58,52.484],[173.551,52.485],[173.521,52.457],[173.48,52.449],[173.461,52.455],[173.44,52.459],[173.413,52.443],[173.373,52.435],[173.347,52.405],[173.342,52.395],[173.393,52.396],[173.41,52.382],[173.427,52.383],[173.458,52.375],[173.512,52.378],[173.556,52.386],[173.59,52.387],[173.598,52.375],[173.63,52.369],[173.629,52.354],[173.64,52.345],[173.658,52.343],[173.675,52.353],[173.713,52.346],[173.738,52.35],[173.726,52.398],[173.714,52.443],[173.716,52.466],[173.788,52.508],[173.782,52.519],[173.741,52.518],[173.68,52.52]]]}},{"type":"Feature","geometry":{"type":"Polygon","coordinates":[[[173.894,52.778],[173.854,52.777],[173.858,52.762],[173.882,52.742],[173.917,52.74],[173.942,52.74],[173.959,52.728],[173.995,52.713],[174.019,52.72],[174.05,52.713],[174.086,52.703],[174.162,52.696],[174.164,52.714],[174.161,52.732],[174.166,52.744],[174.126,52.741],[174.088,52.745],[174.067,52.736],[174.033,52.732],[174.022,52.736],[174.012,52.747],[173.983,52.757],[173.936,52.767],[173.894,52.778]]]}},{"type":"Feature","geometry":{"type":"Polygon","coordinates":[[[177.564,52.159],[177.534,52.133],[177.473,52.052],[177.415,52.009],[177.33,51.978],[177.212,51.927],[177.163,51.892],[177.242,51.846],[177.306,51.793],[177.358,51.837],[177.429,51.902],[177.619,51.912],[177.737,51.941],[177.704,51.973],[177.616,51.988],[177.701,52.069],[177.704,52.122],[177.564,52.159]]]}},{"type":"Feature","geometry":{"type":"Polygon","coordinates":[[[178.616,51.676],[178.586,51.632],[178.715,51.57],[178.863,51.553],[178.989,51.481],[179.162,51.389],[179.201,51.336],[179.404,51.336],[179.503,51.373],[179.401,51.418],[179.275,51.427],[179.217,51.468],[179.157,51.485],[179.052,51.563],[178.962,51.615],[178.816,51.649],[178.616,51.676]]]}},{"type":"Feature","geometry":{"type":"Polygon","coordinates":[[[-178.664,51.624],[-178.704,51.61],[-178.717,51.57],[-178.763,51.567],[-178.822,51.586],[-178.892,51.585],[-178.864,51.568],[-178.842,51.539],[-178.756,51.536],[-178.721,51.547],[-178.668,51.567],[-178.607,51.575],[-178.569,51.549],[-178.544,51.574],[-178.542,51.607],[-178.591,51.622],[-178.664,51.624]]]}},{"type":"Feature","geometry":{"type":"Polygon","coordinates":[[[-178.127,51.932],[-178.215,51.91],[-178.245,51.882],[-178.233,51.851],[-178.157,51.822],[-178.079,51.778],[-178.01,51.766],[-177.965,51.742],[-178.011,51.725],[-178.113,51.719],[-178.146,51.679],[-178.108,51.653],[-178.042,51.63],[-177.987,51.627],[-177.959,51.607],[-177.91,51.583],[-177.884,51.598],[-177.907,51.66],[-177.852,51.667],[-177.797,51.7],[-177.811,51.727],[-177.77,51.762],[-177.785,51.782],[-177.667,51.806],[-177.591,51.829],[-177.586,51.869],[-177.646,51.869],[-177.733,51.847],[-177.756,51.861],[-177.825,51.85],[-177.874,51.877],[-177.911,51.899],[-177.951,51.931],[-178.005,51.928],[-178.127,51.932]]]}},{"type":"Feature","geometry":{"type":"Polygon","coordinates":[[[-177.148,51.955],[-177.211,51.945],[-177.229,51.906],[-177.233,51.832],[-177.274,51.804],[-177.377,51.787],[-177.475,51.762],[-177.561,51.736],[-177.63,51.753],[-177.701,51.73],[-177.729,51.7],[-177.698,51.662],[-177.661,51.638],[-177.626,51.651],[-177.608,51.683],[-177.509,51.69],[-177.453,51.705],[-177.387,51.716],[-177.343,51.682],[-177.266,51.667],[-177.208,51.686],[-177.115,51.707],[-177.098,51.751],[-177.101,51.787],[-177.106,51.826],[-177.053,51.849],[-177.036,51.876],[-177.031,51.905],[-177.09,51.939],[-177.148,51.955]]]}},{"type":"Feature","geometry":{"type":"Polygon","coordinates":[[[-176.141,52.124],[-176.233,52.085],[-176.206,51.997],[-176.195,51.964],[-176.09,51.91],[-176.115,51.875],[-176.196,51.898],[-176.233,51.842],[-176.262,51.867],[-176.388,51.885],[-176.539,51.865],[-176.6,51.89],[-176.521,51.926],[-176.535,51.978],[-176.585,52.014],[-176.67,51.97],[-176.81,51.972],[-176.792,51.871],[-176.862,51.841],[-176.936,51.798],[-176.913,51.719],[-177.019,51.635],[-176.929,51.576],[-176.825,51.597],[-176.714,51.618],[-176.662,51.644],[-176.519,51.687],[-176.376,51.718],[-176.259,51.764],[-176.204,51.788],[-176.108,51.775],[-175.982,51.799],[-175.947,51.843],[-175.972,51.917],[-175.958,51.965],[-175.854,51.92],[-175.719,51.923],[-175.566,51.949],[-175.627,51.984],[-175.796,51.976],[-175.884,52.003],[-176.008,51.981],[-175.972,52.015],[-175.983,52.06],[-176.024,52.107],[-176.141,52.124]]]}},{"type":"Feature","geometry":{"type":"Polygon","coordinates":[[[-174.145,52.425],[-174.252,52.409],[-174.289,52.389],[-174.341,52.359],[-174.358,52.32],[-174.411,52.332],[-174.476,52.321],[-174.418,52.287],[-174.312,52.273],[-174.249,52.256],[-174.304,52.237],[-174.343,52.213],[-174.399,52.226],[-174.464,52.228],[-174.446,52.186],[-174.516,52.188],[-174.571,52.186],[-174.56,52.144],[-174.609,52.148],[-174.623,52.119],[-174.706,52.122],[-174.769,52.117],[-174.784,52.098],[-174.845,52.112],[-174.899,52.123],[-174.95,52.096],[-174.986,52.074],[-175.029,52.087],[-175.069,52.056],[-175.103,52.055],[-175.167,52.063],[-175.208,52.042],[-175.259,52.053],[-175.299,52.038],[-175.323,52.033],[-175.347,52.024],[-175.329,52.002],[-175.246,51.999],[-175.114,51.995],[-175.022,51.997],[-174.971,52.011],[-174.878,52.034],[-174.754,52.005],[-174.672,52.019],[-174.578,52.031],[-174.525,52.038],[-174.508,52.014],[-174.477,52.009],[-174.477,52.046],[-174.475,52.062],[-174.445,52.021],[-174.411,52.022],[-174.374,52.077],[-174.327,52.086],[-174.346,52.101],[-174.293,52.095],[-174.222,52.086],[-174.136,52.109],[-174.083,52.098],[-174.079,52.139],[-174.139,52.183],[-174.155,52.208],[-174.177,52.218],[-174.061,52.219],[-174.025,52.255],[-173.975,52.304],[-173.995,52.362],[-174.07,52.397],[-174.145,52.425],[-174.145,52.425]]]}},{"type":"Feature","geometry":{"type":"Polygon","coordinates":[[[-173.576,52.165],[-173.697,52.155],[-173.793,52.133],[-173.809,52.149],[-173.856,52.159],[-173.956,52.144],[-174.052,52.144],[-174.066,52.133],[-174.045,52.103],[-173.997,52.092],[-173.966,52.048],[-173.861,52.029],[-173.732,52.039],[-173.614,52.027],[-173.503,52.012],[-173.458,52.03],[-173.392,52.02],[-173.341,52.04],[-173.167,52.049],[-173.022,52.065],[-172.967,52.058],[-172.936,52.072],[-172.923,52.103],[-172.966,52.105],[-173.062,52.117],[-173.168,52.119],[-173.275,52.122],[-173.383,52.13],[-173.491,52.132],[-173.497,52.162],[-173.576,52.165]]]}},{"type":"Feature","geometry":{"type":"Polygon","coordinates":[[[-172.436,52.404],[-172.502,52.386],[-172.588,52.362],[-172.627,52.32],[-172.654,52.271],[-172.616,52.252],[-172.532,52.242],[-172.415,52.27],[-172.297,52.314],[-172.282,52.335],[-172.299,52.369],[-172.348,52.384],[-172.393,52.4],[-172.436,52.404]]]}},{"type":"Feature","geometry":{"type":"Polygon","coordinates":[[[-170.677,52.706],[-170.695,52.689],[-170.721,52.688],[-170.745,52.679],[-170.763,52.653],[-170.797,52.651],[-170.828,52.64],[-170.842,52.623],[-170.849,52.572],[-170.85,52.557],[-170.819,52.544],[-170.79,52.537],[-170.76,52.555],[-170.726,52.579],[-170.694,52.596],[-170.666,52.591],[-170.611,52.595],[-170.59,52.606],[-170.556,52.632],[-170.547,52.653],[-170.55,52.673],[-170.583,52.691],[-170.644,52.706],[-170.677,52.706]]]}},{"type":"Feature","geometry":{"type":"Polygon","coordinates":[[[-170.097,52.933],[-170.136,52.907],[-170.133,52.877],[-170.092,52.857],[-170.031,52.844],[-170.02,52.816],[-169.987,52.78],[-169.92,52.781],[-169.861,52.806],[-169.802,52.802],[-169.766,52.772],[-169.728,52.767],[-169.685,52.775],[-169.691,52.796],[-169.656,52.814],[-169.647,52.86],[-169.678,52.899],[-169.729,52.907],[-169.84,52.896],[-169.876,52.89],[-169.886,52.865],[-169.923,52.869],[-169.986,52.872],[-169.982,52.895],[-169.99,52.92],[-170.026,52.93],[-170.097,52.933]]]}},{"type":"Feature","geometry":{"type":"Polygon","coordinates":[[[-167.981,53.579],[-168.083,53.576],[-168.186,53.556],[-168.339,53.501],[-168.437,53.421],[-168.416,53.377],[-168.457,53.325],[-168.415,53.31],[-168.376,53.274],[-168.408,53.287],[-168.49,53.284],[-168.562,53.281],[-168.631,53.293],[-168.665,53.259],[-168.771,53.227],[-168.824,53.171],[-168.823,53.111],[-168.798,53.069],[-168.861,53.027],[-168.908,53.025],[-168.938,52.992],[-168.907,52.978],[-168.915,52.959],[-168.955,52.955],[-168.981,52.924],[-168.986,52.895],[-169.086,52.878],[-169.103,52.848],[-169.151,52.826],[-169.261,52.774],[-169.281,52.755],[-169.242,52.757],[-169.166,52.78],[-169.137,52.809],[-169.049,52.819],[-169.007,52.846],[-168.933,52.858],[-168.826,52.899],[-168.784,52.89],[-168.734,52.902],[-168.751,52.935],[-168.673,52.936],[-168.654,52.963],[-168.58,53.007],[-168.525,53.013],[-168.438,53.023],[-168.416,53.045],[-168.426,53.065],[-168.363,53.109],[-168.338,53.14],[-168.308,53.176],[-168.268,53.229],[-168.111,53.26],[-168.08,53.278],[-168.013,53.298],[-167.901,53.342],[-167.815,53.36],[-167.809,53.397],[-167.82,53.443],[-167.761,53.496],[-167.783,53.526],[-167.863,53.531],[-167.929,53.55],[-167.981,53.579]]]}},{"type":"Feature","geometry":{"type":"Polygon","coordinates":[[[-166.649,54.029],[-166.808,54.009],[-166.967,53.988],[-167.139,53.881],[-167.183,53.82],[-167.075,53.767],[-166.956,53.753],[-166.963,53.726],[-167.094,53.693],[-167.145,53.643],[-167.15,53.542],[-167.22,53.525],[-167.303,53.499],[-167.395,53.465],[-167.465,53.457],[-167.617,53.406],[-167.774,53.352],[-167.881,53.296],[-167.831,53.274],[-167.71,53.258],[-167.664,53.217],[-167.579,53.273],[-167.477,53.25],[-167.406,53.314],[-167.303,53.312],[-167.194,53.376],[-167.084,53.413],[-167.022,53.415],[-166.926,53.422],[-166.752,53.429],[-166.74,53.49],[-166.645,53.481],[-166.557,53.521],[-166.538,53.581],[-166.496,53.57],[-166.459,53.623],[-166.281,53.676],[-166.146,53.734],[-166.117,53.758],[-166.105,53.812],[-166.02,53.856],[-166.1,53.87],[-166.245,53.824],[-166.503,53.745],[-166.391,53.818],[-166.273,53.859],[-166.186,53.923],[-166.105,53.946],[-166.021,53.992],[-166.086,54.002],[-166.193,54.002],[-166.262,54],[-166.332,54.009],[-166.469,53.988],[-166.528,53.937],[-166.613,53.927],[-166.577,53.99],[-166.649,54.029]]]}},{"type":"Feature","geometry":{"type":"Polygon","coordinates":[[[-165.627,54.318],[-165.696,54.288],[-165.71,54.24],[-165.66,54.207],[-165.685,54.164],[-165.721,54.174],[-165.762,54.198],[-165.819,54.19],[-165.844,54.219],[-165.894,54.241],[-165.979,54.244],[-166.039,54.225],[-166.1,54.185],[-166.163,54.127],[-166.1,54.072],[-166.08,54.03],[-165.99,54.03],[-165.91,54.014],[-165.819,54.04],[-165.663,54.08],[-165.575,54.084],[-165.63,54.056],[-165.611,54.009],[-165.526,54.013],[-165.432,54.043],[-165.35,54.03],[-165.259,54.03],[-165.185,54.061],[-164.949,54.055],[-164.894,54.096],[-164.85,54.156],[-164.732,54.201],[-164.718,54.236],[-164.803,54.24],[-164.913,54.219],[-164.894,54.185],[-164.954,54.161],[-165.07,54.161],[-165.185,54.143],[-165.276,54.113],[-165.495,54.098],[-165.435,54.143],[-165.347,54.175],[-165.35,54.222],[-165.429,54.223],[-165.49,54.249],[-165.421,54.3],[-165.482,54.313],[-165.627,54.318]]]}},{"type":"Feature","geometry":{"type":"Polygon","coordinates":[[[-155.841,20.301],[-155.921,20.301],[-155.962,20.151],[-155.893,20.007],[-155.987,19.914],[-156.083,19.777],[-156.075,19.661],[-155.951,19.394],[-155.981,19.176],[-155.937,19.041],[-155.789,18.948],[-155.698,18.87],[-155.399,19.143],[-155.204,19.218],[-154.946,19.311],[-154.737,19.487],[-154.803,19.549],[-154.921,19.694],[-155.014,19.787],[-155.094,19.945],[-155.341,20.113],[-155.602,20.167],[-155.841,20.301]]]}},{"type":"Feature","geometry":{"type":"Polygon","coordinates":[[[-156.616,21.074],[-156.706,21.01],[-156.725,20.905],[-156.629,20.784],[-156.497,20.759],[-156.519,20.633],[-156.585,20.628],[-156.72,20.566],[-156.725,20.496],[-156.629,20.486],[-156.508,20.502],[-156.503,20.574],[-156.393,20.545],[-156.187,20.584],[-156.025,20.633],[-155.926,20.712],[-155.937,20.797],[-156.083,20.874],[-156.206,20.964],[-156.335,20.974],[-156.456,20.933],[-156.517,21.028],[-156.616,21.074]]]}},{"type":"Feature","geometry":{"type":"Polygon","coordinates":[[[-157.261,21.248],[-157.294,21.2],[-157.346,21.097],[-157.291,21.069],[-157.039,21.041],[-156.841,21.028],[-156.714,21.082],[-156.671,21.156],[-156.728,21.182],[-156.896,21.223],[-156.989,21.238],[-157.091,21.228],[-157.261,21.248]]]}},{"type":"Feature","geometry":{"type":"Polygon","coordinates":[[[-157.964,21.757],[-158.033,21.734],[-158.11,21.67],[-158.203,21.634],[-158.329,21.594],[-158.28,21.491],[-158.195,21.364],[-158.11,21.266],[-157.978,21.271],[-157.849,21.238],[-157.692,21.231],[-157.613,21.294],[-157.662,21.371],[-157.695,21.481],[-157.777,21.509],[-157.876,21.637],[-157.964,21.757]]]}},{"type":"Feature","geometry":{"type":"Polygon","coordinates":[[[-159.519,22.289],[-159.722,22.215],[-159.785,22.078],[-159.813,22.063],[-159.807,21.979],[-159.708,21.879],[-159.48,21.818],[-159.315,21.895],[-159.274,22.002],[-159.247,22.165],[-159.351,22.271],[-159.519,22.289]]]}},{"type":"Feature","geometry":{"type":"Polygon","coordinates":[[[-170.668,-14.22],[-170.711,-14.246],[-170.747,-14.281],[-170.815,-14.283],[-170.861,-14.317],[-170.842,-14.334],[-170.802,-14.342],[-170.799,-14.36],[-170.767,-14.381],[-170.74,-14.374],[-170.7,-14.344],[-170.686,-14.321],[-170.664,-14.296],[-170.618,-14.28],[-170.618,-14.291],[-170.587,-14.286],[-170.559,-14.296],[-170.539,-14.292],[-170.541,-14.275],[-170.554,-14.255],[-170.562,-14.232],[-170.588,-14.246],[-170.605,-14.238],[-170.657,-14.24],[-170.668,-14.22]]]}},{"type":"Feature","geometry":{"type":"Polygon","coordinates":[[[144.877,13.673],[144.84,13.67],[144.8,13.594],[144.775,13.521],[144.72,13.486],[144.639,13.476],[144.605,13.46],[144.631,13.398],[144.616,13.376],[144.614,13.336],[144.643,13.272],[144.624,13.244],[144.62,13.216],[144.738,13.236],[144.785,13.276],[144.8,13.384],[144.855,13.444],[144.959,13.522],[144.977,13.61],[144.93,13.615],[144.877,13.673]]]}},{"type":"Feature","geometry":{"type":"Polygon","coordinates":[[[-67.019,18.547],[-67.179,18.529],[-67.212,18.435],[-67.313,18.368],[-67.245,18.263],[-67.242,18.146],[-67.267,18.013],[-67.239,17.926],[-67.179,17.913],[-66.959,17.908],[-66.723,17.94],[-66.511,17.937],[-66.58,17.882],[-66.533,17.859],[-66.377,17.911],[-66.173,17.9],[-65.907,17.947],[-65.8,18.007],[-65.715,18.133],[-65.577,18.195],[-65.533,18.284],[-65.542,18.375],[-65.594,18.422],[-65.649,18.407],[-65.783,18.459],[-65.951,18.474],[-66.283,18.526],[-66.574,18.537],[-66.852,18.526],[-67.019,18.547]]]}},{"type":"Feature","geometry":{"type":"Polygon","coordinates":[[[-65.401,18.171],[-65.509,18.161],[-65.533,18.137],[-65.591,18.125],[-65.579,18.087],[-65.531,18.071],[-65.472,18.077],[-65.38,18.095],[-65.299,18.113],[-65.256,18.131],[-65.275,18.156],[-65.305,18.158],[-65.401,18.171]]]}},{"type":"Feature","geometry":{"type":"Polygon","coordinates":[[[-64.902,18.42],[-64.926,18.407],[-64.947,18.389],[-64.952,18.385],[-64.963,18.391],[-64.978,18.406],[-64.988,18.391],[-64.994,18.375],[-65.036,18.365],[-65.058,18.377],[-65.069,18.38],[-65.059,18.356],[-65.072,18.352],[-65.092,18.334],[-65.061,18.343],[-65.022,18.337],[-64.992,18.333],[-64.967,18.309],[-64.95,18.307],[-64.916,18.308],[-64.866,18.3],[-64.84,18.304],[-64.816,18.29],[-64.816,18.309],[-64.836,18.34],[-64.838,18.351],[-64.795,18.345],[-64.81,18.327],[-64.784,18.307],[-64.75,18.315],[-64.717,18.303],[-64.701,18.297],[-64.684,18.312],[-64.691,18.327],[-64.698,18.342],[-64.682,18.34],[-64.674,18.326],[-64.656,18.339],[-64.672,18.354],[-64.707,18.369],[-64.75,18.377],[-64.77,18.361],[-64.814,18.371],[-64.878,18.369],[-64.896,18.382],[-64.902,18.42],[-64.902,18.42]]]}},{"type":"Feature","geometry":{"type":"Polygon","coordinates":[[[-64.633,17.796],[-64.635,17.787],[-64.629,17.772],[-64.65,17.774],[-64.674,17.773],[-64.704,17.755],[-64.724,17.77],[-64.747,17.793],[-64.802,17.785],[-64.842,17.771],[-64.876,17.78],[-64.904,17.747],[-64.894,17.712],[-64.917,17.676],[-64.904,17.666],[-64.885,17.675],[-64.843,17.673],[-64.792,17.686],[-64.766,17.675],[-64.738,17.678],[-64.728,17.689],[-64.664,17.703],[-64.606,17.723],[-64.6,17.736],[-64.571,17.738],[-64.554,17.757],[-64.567,17.765],[-64.598,17.768],[-64.62,17.773],[-64.609,17.782],[-64.603,17.794],[-64.633,17.796]]]}},{"type":"Feature","geometry":{"type":"Polygon","coordinates":[[[58.59,45.587],[57.047,41.418],[57.614,42.166],[57.961,42.445],[58.52,42.307],[58.578,42.656],[59.156,42.529],[59.935,42.268],[59.969,41.941],[60.08,41.797],[61.01,41.229],[61.534,41.27],[61.989,40.947],[62.328,40.378],[64.265,38.962],[66.12,38.181],[66.532,37.584],[67.118,37.332],[67.966,37.676],[68.405,38.197],[68.118,38.473],[68.166,38.832],[67.762,39.013],[67.332,39.305],[67.629,39.605],[68.394,39.541],[68.663,39.845],[68.844,40.05],[68.599,40.088],[69.248,40.303],[69.339,40.689],[69.819,40.705],[70.372,40.939],[70.764,40.681],[70.558,40.314],[71.211,40.344],[71.668,40.268],[71.985,40.259],[72.315,40.447],[72.51,40.557],[72.804,40.676],[72.642,40.853],[72.176,41.164],[71.834,41.356],[71.724,41.501],[71.672,41.444],[71.485,41.297],[71.331,41.169],[71.036,41.189],[70.716,41.449],[70.27,41.499],[70.591,41.82],[70.99,42.032],[71.241,42.225],[70.799,42.209],[70.325,42.04],[69.781,41.698],[69.274,41.447],[69.037,41.363],[68.743,41.005],[68.454,40.958],[68.63,40.634],[67.971,40.86],[68.025,41.041],[66.533,41.878],[63.35,43.652],[58.59,45.587]]]}},{"type":"Feature","geometry":{"type":"Polygon","coordinates":[[[166.621,-14.629],[166.555,-14.665],[166.521,-14.843],[166.569,-14.951],[166.65,-15.233],[166.635,-15.385],[166.656,-15.438],[166.764,-15.594],[166.749,-15.627],[166.767,-15.661],[166.841,-15.688],[166.866,-15.651],[166.915,-15.643],[166.951,-15.659],[167.005,-15.631],[167.047,-15.64],[167.084,-15.714],[167.205,-15.771],[167.26,-15.759],[167.285,-15.721],[167.27,-15.676],[167.29,-15.616],[167.312,-15.55],[167.281,-15.516],[167.275,-15.425],[167.234,-15.35],[167.242,-15.288],[167.202,-15.24],[167.178,-15.165],[167.149,-15.096],[167.114,-15.077],[167.117,-15.035],[167.084,-14.994],[167.086,-14.971],[167.153,-14.998],[167.18,-14.985],[167.171,-14.951],[167.113,-14.924],[167.055,-14.929],[167.006,-14.906],[166.958,-14.945],[166.972,-14.995],[166.959,-15.051],[166.959,-15.113],[166.903,-15.146],[166.847,-15.144],[166.811,-14.971],[166.781,-14.809],[166.735,-14.797],[166.621,-14.629]]]}},{"type":"Feature","geometry":{"type":"Polygon","coordinates":[[[167.198,-15.87],[167.156,-15.901],[167.176,-15.986],[167.141,-16.068],[167.158,-16.133],[167.243,-16.182],[167.322,-16.134],[167.371,-16.199],[167.36,-16.328],[167.386,-16.416],[167.414,-16.468],[167.399,-16.511],[167.456,-16.61],[167.503,-16.611],[167.595,-16.56],[167.617,-16.522],[167.647,-16.54],[167.675,-16.526],[167.752,-16.56],[167.794,-16.572],[167.802,-16.536],[167.838,-16.566],[167.867,-16.552],[167.835,-16.416],[167.807,-16.402],[167.78,-16.32],[167.737,-16.306],[167.709,-16.261],[167.605,-16.207],[167.484,-16.071],[167.436,-16.051],[167.407,-15.968],[167.293,-15.874],[167.198,-15.87]]]}},{"type":"Feature","geometry":{"type":"Polygon","coordinates":[[[168.03,-14.888],[168.061,-15.073],[168.089,-15.146],[168.101,-15.22],[168.107,-15.317],[168.138,-15.4],[168.179,-15.397],[168.192,-15.305],[168.177,-15.297],[168.181,-15.185],[168.162,-15.162],[168.15,-15.095],[168.089,-14.892],[168.03,-14.888]]]}},{"type":"Feature","geometry":{"type":"Polygon","coordinates":[[[168.152,-15.436],[168.137,-15.452],[168.131,-15.497],[168.125,-15.546],[168.098,-15.632],[168.107,-15.68],[168.125,-15.756],[168.155,-15.79],[168.153,-15.841],[168.179,-15.936],[168.168,-15.976],[168.208,-16.023],[168.249,-16.02],[168.271,-15.986],[168.289,-15.932],[168.28,-15.854],[168.267,-15.831],[168.227,-15.682],[168.207,-15.606],[168.204,-15.505],[168.175,-15.498],[168.181,-15.446],[168.152,-15.436]]]}},{"type":"Feature","geometry":{"type":"Polygon","coordinates":[[[168.177,-16.087],[168.124,-16.089],[168.1,-16.137],[168.039,-16.179],[167.905,-16.199],[167.912,-16.285],[168.089,-16.378],[168.187,-16.385],[168.313,-16.353],[168.326,-16.321],[168.313,-16.277],[168.241,-16.23],[168.208,-16.11],[168.177,-16.087]]]}},{"type":"Feature","geometry":{"type":"Polygon","coordinates":[[[168.192,-16.553],[168.164,-16.561],[168.124,-16.57],[168.119,-16.581],[168.126,-16.595],[168.147,-16.601],[168.137,-16.613],[168.12,-16.638],[168.109,-16.69],[168.13,-16.73],[168.147,-16.788],[168.195,-16.825],[168.265,-16.83],[168.284,-16.816],[168.335,-16.797],[168.375,-16.81],[168.42,-16.832],[168.475,-16.852],[168.49,-16.838],[168.482,-16.814],[168.5,-16.803],[168.492,-16.788],[168.444,-16.747],[168.407,-16.772],[168.37,-16.759],[168.358,-16.729],[168.341,-16.72],[168.324,-16.682],[168.3,-16.667],[168.255,-16.676],[168.243,-16.629],[168.217,-16.574],[168.192,-16.553]]]}},{"type":"Feature","geometry":{"type":"Polygon","coordinates":[[[167.948,-15.267],[167.881,-15.284],[167.808,-15.31],[167.734,-15.36],[167.669,-15.423],[167.663,-15.438],[167.682,-15.47],[167.776,-15.485],[167.844,-15.485],[167.941,-15.403],[167.946,-15.367],[167.998,-15.303],[168.008,-15.272],[167.948,-15.267]]]}},{"type":"Feature","geometry":{"type":"Polygon","coordinates":[[[166.546,-13.063],[166.524,-13.102],[166.521,-13.166],[166.562,-13.211],[166.579,-13.26],[166.626,-13.296],[166.597,-13.317],[166.616,-13.358],[166.643,-13.394],[166.664,-13.442],[166.705,-13.468],[166.731,-13.43],[166.715,-13.386],[166.679,-13.378],[166.68,-13.334],[166.646,-13.309],[166.678,-13.259],[166.654,-13.211],[166.63,-13.203],[166.605,-13.185],[166.617,-13.126],[166.595,-13.077],[166.546,-13.063]]]}},{"type":"Feature","geometry":{"type":"Polygon","coordinates":[[[168.352,-17.397],[168.319,-17.404],[168.308,-17.427],[168.338,-17.487],[168.381,-17.51],[168.346,-17.52],[168.287,-17.49],[168.231,-17.516],[168.183,-17.579],[168.194,-17.611],[168.138,-17.628],[168.129,-17.656],[168.164,-17.664],[168.133,-17.715],[168.179,-17.755],[168.213,-17.743],[168.253,-17.708],[168.273,-17.725],[168.245,-17.753],[168.25,-17.788],[168.337,-17.823],[168.378,-17.843],[168.464,-17.839],[168.556,-17.811],[168.574,-17.78],[168.595,-17.728],[168.609,-17.678],[168.563,-17.673],[168.529,-17.635],[168.512,-17.593],[168.468,-17.528],[168.437,-17.516],[168.425,-17.482],[168.379,-17.45],[168.352,-17.397]]]}},{"type":"Feature","geometry":{"type":"Polygon","coordinates":[[[169.101,-18.612],[169.039,-18.622],[168.989,-18.67],[168.983,-18.726],[168.98,-18.778],[168.999,-18.826],[168.983,-18.848],[168.988,-18.889],[169.043,-18.91],[169.115,-18.951],[169.158,-18.954],[169.222,-18.978],[169.288,-19.005],[169.319,-18.99],[169.353,-18.957],[169.344,-18.881],[169.288,-18.848],[169.216,-18.793],[169.262,-18.786],[169.294,-18.774],[169.275,-18.741],[169.257,-18.72],[169.206,-18.729],[169.187,-18.699],[169.173,-18.649],[169.14,-18.623],[169.101,-18.612]]]}},{"type":"Feature","geometry":{"type":"Polygon","coordinates":[[[169.35,-19.309],[169.297,-19.31],[169.242,-19.335],[169.241,-19.382],[169.207,-19.447],[169.251,-19.547],[169.277,-19.589],[169.319,-19.618],[169.393,-19.665],[169.444,-19.663],[169.476,-19.63],[169.474,-19.581],[169.511,-19.553],[169.518,-19.514],[169.484,-19.503],[169.444,-19.47],[169.4,-19.461],[169.368,-19.446],[169.356,-19.354],[169.377,-19.325],[169.35,-19.309]]]}},{"type":"Feature","geometry":{"type":"Polygon","coordinates":[[[-69.983,12.207],[-69.852,11.473],[-70.789,11.228],[-71.321,11.848],[-72.522,10.999],[-72.903,10.355],[-72.959,9.821],[-73.282,9.323],[-72.971,9.206],[-72.657,8.614],[-72.384,8.3],[-72.363,8.131],[-72.412,8.021],[-72.479,7.927],[-72.468,7.776],[-72.455,7.551],[-72.241,7.39],[-71.747,7.065],[-71.489,7.031],[-71.123,7.031],[-70.917,7.051],[-70.683,7.104],[-70.456,7.012],[-69.313,6.083],[-68.365,6.183],[-67.554,5.885],[-67.86,4.529],[-67.588,3.752],[-67.868,2.866],[-67.392,2.57],[-66.908,1.487],[-65.943,0.887],[-65.56,0.974],[-65.441,0.693],[-65.16,1.114],[-64.685,1.283],[-64.337,1.388],[-63.916,1.985],[-63.509,2.11],[-63.662,2.44],[-63.979,2.719],[-64.249,3.43],[-64.648,4.203],[-63.708,3.907],[-63.239,3.878],[-62.773,4.004],[-62.011,4.162],[-61.523,4.346],[-60.855,4.706],[-61.392,5.945],[-60.919,6.76],[-60.634,7.218],[-60.106,8.029],[-60.593,8.629],[-60.767,8.89],[-60.677,9.139],[-61.668,9.911],[-62.28,10.064],[-62.559,10.231],[-62.367,10.523],[-63.012,10.743],[-64.061,10.678],[-64.129,10.493],[-64.756,10.253],[-66.031,10.562],[-68.148,10.513],[-68.796,11.433],[-69.983,12.207]]]}},{"type":"Feature","geometry":{"type":"Polygon","coordinates":[[[-63.892,11.186],[-63.946,11.138],[-63.997,11.115],[-64.023,11.071],[-64.048,10.999],[-64.104,11.009],[-64.146,11.026],[-64.178,11.056],[-64.185,11.092],[-64.248,11.089],[-64.336,11.077],[-64.395,11.05],[-64.4,11.013],[-64.435,10.979],[-64.411,10.959],[-64.262,10.928],[-64.192,10.929],[-64.17,10.951],[-64.142,10.93],[-64.115,10.898],[-64.07,10.883],[-64.087,10.866],[-64.068,10.851],[-64.013,10.858],[-63.976,10.881],[-63.887,10.868],[-63.88,10.916],[-63.85,10.934],[-63.813,10.933],[-63.807,10.953],[-63.792,10.976],[-63.759,10.999],[-63.798,11.053],[-63.813,11.111],[-63.842,11.143],[-63.872,11.182],[-63.892,11.186]]]}},{"type":"Feature","geometry":{"type":"Polygon","coordinates":[[[105.323,23.39],[104.827,23.009],[104.274,22.846],[103.568,22.704],[103.093,22.509],[102.453,22.731],[102.276,22.236],[102.876,21.707],[102.965,21.106],[103.733,20.733],[104.477,20.777],[104.527,20.412],[104.843,19.929],[104.319,19.668],[103.913,19.301],[104.631,18.883],[105.16,18.611],[105.513,18.145],[106.243,17.251],[106.591,16.623],[106.876,16.476],[107.172,16.165],[107.423,15.926],[107.271,15.675],[107.612,15.393],[107.542,15.049],[107.553,14.666],[107.406,14.234],[107.46,13.818],[107.549,12.82],[107.554,12.38],[107.344,12.334],[107.036,12.129],[106.468,11.974],[106.269,11.706],[105.952,11.641],[105.877,11.349],[106.196,10.999],[105.752,11.025],[105.062,10.935],[104.59,10.528],[104.52,10.074],[105.143,8.643],[106.79,10.264],[108.219,10.93],[109.299,11.939],[109.254,12.597],[109.341,13.253],[109.093,14.623],[108.357,16.128],[107.135,17.062],[106.229,18.231],[105.642,19.037],[105.944,19.796],[106.637,20.354],[106.812,20.727],[107.205,20.788],[107.404,20.875],[107.634,21.103],[107.744,21.273],[107.546,21.213],[107.763,21.414],[107.923,21.586],[107.055,21.813],[106.691,22.114],[106.652,22.575],[106.709,22.863],[106.465,22.897],[106.118,22.985],[105.422,23.304],[105.323,23.39]]]}},{"type":"Feature","geometry":{"type":"Polygon","coordinates":[[[103.984,10.455],[103.963,10.413],[103.934,10.379],[103.853,10.381],[103.83,10.372],[103.839,10.352],[103.864,10.297],[103.879,10.297],[103.91,10.284],[103.943,10.243],[103.988,10.046],[104.005,10.011],[104.009,9.987],[104.007,9.963],[104.013,9.941],[104.015,9.921],[104.008,9.928],[103.989,9.92],[103.975,9.924],[103.988,9.902],[104,9.909],[104.021,9.901],[104.029,9.919],[104.031,9.946],[104.031,9.974],[104.017,9.997],[104.024,9.999],[104.041,10.002],[104.058,10.007],[104.036,10.031],[104.044,10.05],[104.043,10.077],[104.035,10.104],[104.036,10.138],[104.058,10.193],[104.08,10.225],[104.08,10.277],[104.077,10.34],[104.086,10.368],[104.06,10.408],[104.032,10.42],[104.004,10.455],[103.984,10.455]]]}},{"type":"Feature","geometry":{"type":"Polygon","coordinates":[[[-13.194,27.683],[-13.443,27.285],[-13.634,26.773],[-14.107,26.58],[-14.633,26.253],[-14.645,25.978],[-14.923,25.393],[-15.02,24.72],[-15.299,24.56],[-15.86,24.01],[-16.094,23.662],[-16.073,23.525],[-16.297,23.149],[-16.571,22.413],[-16.825,22.241],[-17.023,21.759],[-17.141,20.839],[-17.047,20.755],[-17.076,20.922],[-17.003,21.109],[-16.944,21.328],[-13.002,21.331],[-13.151,22.718],[-13.124,22.884],[-12.977,23.064],[-12.585,23.29],[-12.356,23.321],[-12.001,23.455],[-12.004,25.997],[-8.671,25.997],[-8.668,27.312],[-8.666,27.671],[-13.194,27.683]]]}},{"type":"Feature","geometry":{"type":"Polygon","coordinates":[[[52,19],[48.186,18.167],[47.181,16.957],[46.357,17.235],[44.643,17.435],[44.154,17.414],[43.978,17.345],[43.44,17.555],[43.314,17.319],[43.242,17.036],[43.143,16.925],[43.215,16.647],[42.957,16.499],[42.731,16.42],[42.804,15.939],[42.665,15.68],[42.676,15.578],[42.744,15.43],[42.741,15.301],[42.691,15.384],[42.67,15.276],[42.649,15.378],[42.626,15.476],[42.543,15.342],[42.576,15.234],[42.575,15.16],[42.689,15.19],[42.832,15.071],[42.847,14.937],[42.939,14.707],[42.908,14.653],[42.939,14.53],[43.072,14.074],[43.267,13.683],[43.219,13.241],[43.426,12.729],[43.429,12.619],[43.849,12.64],[44.182,12.584],[44.484,12.71],[44.668,12.702],[44.951,12.737],[45.113,12.924],[45.547,13.173],[46.06,13.392],[46.695,13.4],[47.379,13.601],[47.922,13.961],[48.224,13.945],[48.422,13.921],[48.936,14.243],[49.092,14.475],[49.477,14.674],[50.15,14.815],[51.177,15.152],[51.754,15.414],[52.232,15.615],[52.344,16.302],[52.806,17.288],[52,19],[52,19]]]}},{"type":"Feature","geometry":{"type":"Polygon","coordinates":[[[53.495,12.734],[53.453,12.695],[53.384,12.691],[53.38,12.612],[53.347,12.569],[53.306,12.567],[53.289,12.533],[53.505,12.364],[53.513,12.327],[53.656,12.285],[53.858,12.296],[53.98,12.302],[54.046,12.321],[54.132,12.321],[54.272,12.41],[54.43,12.443],[54.474,12.505],[54.575,12.501],[54.581,12.548],[54.535,12.576],[54.311,12.646],[54.209,12.691],[54.117,12.719],[54.062,12.71],[53.973,12.674],[53.878,12.671],[53.84,12.618],[53.67,12.718],[53.59,12.725],[53.495,12.734]]]}},{"type":"Feature","geometry":{"type":"Polygon","coordinates":[[[52.115,12.253],[52.058,12.245],[52.054,12.23],[52.075,12.206],[52.129,12.193],[52.158,12.175],[52.215,12.171],[52.239,12.149],[52.281,12.139],[52.359,12.147],[52.377,12.143],[52.39,12.158],[52.379,12.176],[52.401,12.195],[52.4,12.205],[52.379,12.2],[52.359,12.201],[52.297,12.21],[52.252,12.217],[52.203,12.213],[52.159,12.241],[52.115,12.253]]]}},{"type":"Feature","geometry":{"type":"Polygon","coordinates":[[[30.815,-8.24],[28.559,-9.476],[28.676,-9.815],[28.624,-10.362],[28.606,-10.728],[28.479,-11.215],[28.422,-11.682],[28.658,-11.957],[29.079,-12.387],[29.522,-12.392],[29.813,-13.447],[29.642,-13.236],[28.987,-13.392],[28.781,-12.936],[28.441,-12.516],[27.985,-12.34],[27.508,-12.093],[27.009,-11.619],[26.592,-11.971],[25.996,-11.91],[25.495,-11.718],[25.297,-11.304],[24.733,-11.329],[24.408,-11.243],[24.017,-10.887],[24.037,-11.498],[24.072,-12.341],[23.921,-12.867],[22.202,-16.543],[24.516,-17.51],[24.946,-17.559],[25.225,-17.767],[25.528,-17.862],[25.842,-17.898],[25.909,-17.984],[26.093,-17.947],[26.427,-17.955],[26.696,-18.077],[27.143,-17.814],[28.645,-16.571],[28.843,-16.385],[28.847,-16.151],[28.992,-15.94],[29.415,-15.687],[29.963,-15.643],[30.417,-15.621],[30.383,-14.958],[33.196,-13.991],[32.895,-13.842],[32.709,-13.563],[33.018,-12.899],[33.253,-12.572],[33.468,-12.327],[33.327,-11.905],[33.23,-11.434],[33.332,-11.07],[33.385,-10.817],[33.674,-10.553],[33.549,-10.296],[33.349,-9.94],[33.119,-9.599],[32.946,-9.486],[32.654,-9.276],[31.947,-8.941],[31.373,-8.591],[30.815,-8.24]]]}},{"type":"Feature","geometry":{"type":"Polygon","coordinates":[[[29.82,-15.61],[29.451,-15.683],[29.095,-15.872],[28.884,-15.975],[28.847,-16.151],[28.824,-16.324],[28.824,-16.463],[28.268,-16.715],[27.537,-17.429],[26.826,-18.002],[26.625,-18.058],[26.451,-17.962],[26.228,-17.898],[26.091,-17.981],[25.919,-17.994],[25.851,-17.93],[25.74,-17.843],[25.528,-17.862],[25.31,-17.824],[25.269,-17.955],[25.526,-18.387],[25.786,-18.702],[25.973,-19.062],[26.219,-19.571],[26.55,-19.791],[26.994,-20.017],[27.294,-20.277],[27.719,-20.595],[27.706,-20.969],[27.899,-21.31],[27.996,-21.519],[28.46,-21.648],[28.805,-21.739],[29.074,-21.815],[29.152,-22.08],[29.345,-22.179],[29.648,-22.124],[30.027,-22.255],[30.48,-22.315],[30.957,-22.313],[31.285,-22.391],[32.47,-21.294],[32.496,-20.812],[32.804,-20.345],[32.899,-20.119],[33.026,-19.925],[32.978,-19.684],[32.849,-19.542],[32.786,-19.389],[32.869,-19.093],[32.701,-18.94],[32.915,-18.639],[32.985,-18.486],[33,-18.289],[32.957,-18.053],[32.954,-17.914],[33.031,-17.755],[33.046,-17.609],[32.999,-17.443],[32.915,-17.028],[32.754,-16.705],[32.281,-16.439],[31.405,-16.14],[31.187,-16.006],[30.425,-15.622],[30.186,-15.65],[29.82,-15.61]]]}}]}